date,issue_hour,issue_datetime,first_target_end,last_target_end,committed_until,soc_measured_kwh,planned_terminal_kwh,horizon_slots,future_day_provisional_slots,milp_gap,constraint_violation,load_history_through_date,load_model_train_end_date
2025-01-01,0,2025-01-01 00:00:00,2025-01-01 00:10:00,2025-01-02 00:00:00,2025-01-01 06:00:00,6000.0,6000.0,144,0,0.0,0.0,,
2025-01-01,6,2025-01-01 06:00:00,2025-01-01 06:10:00,2025-01-02 06:00:00,2025-01-01 12:00:00,1200.0,6000.0,144,36,0.0,2.0463630789890885e-12,,
2025-01-01,12,2025-01-01 12:00:00,2025-01-01 12:10:00,2025-01-02 12:00:00,2025-01-01 18:00:00,1200.0,6000.0,144,72,0.0,0.0,,
2025-01-01,18,2025-01-01 18:00:00,2025-01-01 18:10:00,2025-01-02 18:00:00,2025-01-02 00:00:00,1200.0,6000.0,144,108,8.526512828838151e-10,9.094947017729282e-13,,
2025-01-02,0,2025-01-02 00:00:00,2025-01-02 00:10:00,2025-01-03 00:00:00,2025-01-02 06:00:00,1200.0,6000.0,144,0,0.0,9.094947017729282e-13,2025-01-01,
2025-01-02,6,2025-01-02 06:00:00,2025-01-02 06:10:00,2025-01-03 06:00:00,2025-01-02 12:00:00,10505.041714074077,6000.0,144,36,0.0,9.094947017729282e-13,2025-01-01,
2025-01-02,12,2025-01-02 12:00:00,2025-01-02 12:10:00,2025-01-03 12:00:00,2025-01-02 18:00:00,7653.873097839511,6000.0,144,72,0.0,3.296918293926865e-12,2025-01-01,
2025-01-02,18,2025-01-02 18:00:00,2025-01-02 18:10:00,2025-01-03 18:00:00,2025-01-03 00:00:00,10442.014775956788,6000.0,144,108,0.0,3.751665644813329e-12,2025-01-01,
2025-01-03,0,2025-01-03 00:00:00,2025-01-03 00:10:00,2025-01-04 00:00:00,2025-01-03 06:00:00,6049.009037222222,6000.0,144,0,1.1458046528156072e-16,9.094947017729282e-13,2025-01-02,
2025-01-03,6,2025-01-03 06:00:00,2025-01-03 06:10:00,2025-01-04 06:00:00,2025-01-03 12:00:00,10800.0,6000.0,144,36,1.2783774983557744e-15,1.8189894035458565e-12,2025-01-02,
2025-01-03,12,2025-01-03 12:00:00,2025-01-03 12:10:00,2025-01-04 12:00:00,2025-01-03 18:00:00,10800.0,6000.0,144,72,2.398104642618924e-16,1.3642420526593924e-11,2025-01-02,
2025-01-03,18,2025-01-03 18:00:00,2025-01-03 18:10:00,2025-01-04 18:00:00,2025-01-04 00:00:00,10800.0,6000.0,144,108,0.0,9.094947017729282e-13,2025-01-02,
2025-01-04,0,2025-01-04 00:00:00,2025-01-04 00:10:00,2025-01-05 00:00:00,2025-01-04 06:00:00,10800.0,6000.0,144,0,0.0,2.7284841053187847e-12,2025-01-03,
2025-01-04,6,2025-01-04 06:00:00,2025-01-04 06:10:00,2025-01-05 06:00:00,2025-01-04 12:00:00,10146.291089999999,6000.0,144,36,0.0,1.8189894035458565e-12,2025-01-03,
2025-01-04,12,2025-01-04 12:00:00,2025-01-04 12:10:00,2025-01-05 12:00:00,2025-01-04 18:00:00,5893.43929302469,6000.0,144,72,0.0,1.8189894035458565e-12,2025-01-03,
2025-01-04,18,2025-01-04 18:00:00,2025-01-04 18:10:00,2025-01-05 18:00:00,2025-01-05 00:00:00,9983.705189629629,6000.0,144,108,2.3138349351459127e-16,9.094947017729282e-13,2025-01-03,
2025-01-05,0,2025-01-05 00:00:00,2025-01-05 00:10:00,2025-01-06 00:00:00,2025-01-05 06:00:00,5747.405453518519,6000.0,144,0,0.0,1.8189894035458565e-12,2025-01-04,
2025-01-05,6,2025-01-05 06:00:00,2025-01-05 06:10:00,2025-01-06 06:00:00,2025-01-05 12:00:00,4209.151241592592,6000.0,144,36,0.0,5.9117155615240335e-12,2025-01-04,
2025-01-05,12,2025-01-05 12:00:00,2025-01-05 12:10:00,2025-01-06 12:00:00,2025-01-05 18:00:00,3650.9897565,6000.0,144,72,0.0,3.751665644813329e-12,2025-01-04,
2025-01-05,18,2025-01-05 18:00:00,2025-01-05 18:10:00,2025-01-06 18:00:00,2025-01-06 00:00:00,1200.0,6000.0,144,108,0.0,8.86757334228605e-12,2025-01-04,
2025-01-06,0,2025-01-06 00:00:00,2025-01-06 00:10:00,2025-01-07 00:00:00,2025-01-06 06:00:00,4429.464039296296,6000.0,144,0,0.0,9.094947017729282e-13,2025-01-05,
2025-01-06,6,2025-01-06 06:00:00,2025-01-06 06:10:00,2025-01-07 06:00:00,2025-01-06 12:00:00,10800.0,6000.0,144,36,0.0,1.2505552149377763e-12,2025-01-05,
2025-01-06,12,2025-01-06 12:00:00,2025-01-06 12:10:00,2025-01-07 12:00:00,2025-01-06 18:00:00,10521.972341222227,6000.0,144,72,3.5698625997506804e-16,3.410605131648481e-13,2025-01-05,
2025-01-06,18,2025-01-06 18:00:00,2025-01-06 18:10:00,2025-01-07 18:00:00,2025-01-07 00:00:00,10800.0,6000.0,144,108,0.0,9.094947017729282e-13,2025-01-05,
2025-01-07,0,2025-01-07 00:00:00,2025-01-07 00:10:00,2025-01-08 00:00:00,2025-01-07 06:00:00,8800.61501814815,6000.0,144,0,0.0,4.547473508864641e-13,2025-01-06,
2025-01-07,6,2025-01-07 06:00:00,2025-01-07 06:10:00,2025-01-08 06:00:00,2025-01-07 12:00:00,10800.0,6000.0,144,36,0.0,1.7053025658242404e-12,2025-01-06,
2025-01-07,12,2025-01-07 12:00:00,2025-01-07 12:10:00,2025-01-08 12:00:00,2025-01-07 18:00:00,9183.93963506173,6000.0,144,72,0.0,4.547473508864641e-13,2025-01-06,
2025-01-07,18,2025-01-07 18:00:00,2025-01-07 18:10:00,2025-01-08 18:00:00,2025-01-08 00:00:00,10800.0,6000.0,144,108,0.0,9.094947017729282e-13,2025-01-06,
2025-01-08,0,2025-01-08 00:00:00,2025-01-08 00:10:00,2025-01-09 00:00:00,2025-01-08 06:00:00,7797.625974814815,6000.0,144,0,0.0,1.8189894035458565e-12,2025-01-07,
2025-01-08,6,2025-01-08 06:00:00,2025-01-08 06:10:00,2025-01-09 06:00:00,2025-01-08 12:00:00,10756.718518518519,6000.0,144,36,0.0,2.6147972675971687e-12,2025-01-07,
2025-01-08,12,2025-01-08 12:00:00,2025-01-08 12:10:00,2025-01-09 12:00:00,2025-01-08 18:00:00,8142.946262037037,6000.0,144,72,5.944455844109561e-16,5.4569682106375694e-12,2025-01-07,
2025-01-08,18,2025-01-08 18:00:00,2025-01-08 18:10:00,2025-01-09 18:00:00,2025-01-09 00:00:00,10800.0,6000.0,144,108,0.0,9.094947017729282e-13,2025-01-07,
2025-01-09,0,2025-01-09 00:00:00,2025-01-09 00:10:00,2025-01-10 00:00:00,2025-01-09 06:00:00,6887.493690925928,6000.0,144,0,0.0,3.296918293926865e-12,2025-01-08,
2025-01-09,6,2025-01-09 06:00:00,2025-01-09 06:10:00,2025-01-10 06:00:00,2025-01-09 12:00:00,10800.0,6000.0,144,36,0.0,4.433786671143025e-12,2025-01-08,
2025-01-09,12,2025-01-09 12:00:00,2025-01-09 12:10:00,2025-01-10 12:00:00,2025-01-09 18:00:00,7447.9702365123485,6000.0,144,72,0.0,4.5929482439532876e-11,2025-01-08,
2025-01-09,18,2025-01-09 18:00:00,2025-01-09 18:10:00,2025-01-10 18:00:00,2025-01-10 00:00:00,10800.0,6000.0,144,108,0.0,3.296918293926865e-12,2025-01-08,
2025-01-10,0,2025-01-10 00:00:00,2025-01-10 00:10:00,2025-01-11 00:00:00,2025-01-10 06:00:00,6860.6532102962965,6000.0,144,0,2.079574949625243e-16,1.8189894035458565e-12,2025-01-09,
2025-01-10,6,2025-01-10 06:00:00,2025-01-10 06:10:00,2025-01-11 06:00:00,2025-01-10 12:00:00,10800.0,6000.0,144,36,0.0,3.865352482534945e-12,2025-01-09,
2025-01-10,12,2025-01-10 12:00:00,2025-01-10 12:10:00,2025-01-11 12:00:00,2025-01-10 18:00:00,10800.0,6000.0,144,72,1.8515757850536142e-16,4.547473508864641e-13,2025-01-09,
2025-01-10,18,2025-01-10 18:00:00,2025-01-10 18:10:00,2025-01-11 18:00:00,2025-01-11 00:00:00,10800.0,6000.0,144,108,0.0,9.094947017729282e-13,2025-01-09,
2025-01-11,0,2025-01-11 00:00:00,2025-01-11 00:10:00,2025-01-12 00:00:00,2025-01-11 06:00:00,10800.0,6000.0,144,0,0.0,1.2505552149377763e-12,2025-01-10,
2025-01-11,6,2025-01-11 06:00:00,2025-01-11 06:10:00,2025-01-12 06:00:00,2025-01-11 12:00:00,10204.237037037037,6000.0,144,36,0.0,1.8189894035458565e-12,2025-01-10,
2025-01-11,12,2025-01-11 12:00:00,2025-01-11 12:10:00,2025-01-12 12:00:00,2025-01-11 18:00:00,8789.188699209879,6000.0,144,72,0.0,3.700743415417188e-12,2025-01-10,
2025-01-11,18,2025-01-11 18:00:00,2025-01-11 18:10:00,2025-01-12 18:00:00,2025-01-12 00:00:00,10275.042207993827,6000.0,144,108,0.0,1.1368683772161603e-12,2025-01-10,
2025-01-12,0,2025-01-12 00:00:00,2025-01-12 00:10:00,2025-01-13 00:00:00,2025-01-12 06:00:00,6366.200310179017,6000.0,144,0,0.0,1.4779288903810084e-12,2025-01-11,
2025-01-12,6,2025-01-12 06:00:00,2025-01-12 06:10:00,2025-01-13 06:00:00,2025-01-12 12:00:00,5249.173719814813,6000.0,144,36,0.0,3.865352482534945e-12,2025-01-11,
2025-01-12,12,2025-01-12 12:00:00,2025-01-12 12:10:00,2025-01-13 12:00:00,2025-01-12 18:00:00,4375.783683154319,6000.0,144,72,0.0,2.7284841053187847e-12,2025-01-11,
2025-01-12,18,2025-01-12 18:00:00,2025-01-12 18:10:00,2025-01-13 18:00:00,2025-01-13 00:00:00,1200.0,6000.0,144,108,0.0,2.7284841053187847e-12,2025-01-11,
2025-01-13,0,2025-01-13 00:00:00,2025-01-13 00:10:00,2025-01-14 00:00:00,2025-01-13 06:00:00,4514.851181999999,6000.0,144,0,0.0,9.094947017729282e-13,2025-01-12,
2025-01-13,6,2025-01-13 06:00:00,2025-01-13 06:10:00,2025-01-14 06:00:00,2025-01-13 12:00:00,10800.0,6000.0,144,36,3.3138063014715778e-15,3.751665644813329e-12,2025-01-12,
2025-01-13,12,2025-01-13 12:00:00,2025-01-13 12:10:00,2025-01-14 12:00:00,2025-01-13 18:00:00,8202.607149228395,6000.0,144,72,0.0,1.7763568394002582e-11,2025-01-12,
2025-01-13,18,2025-01-13 18:00:00,2025-01-13 18:10:00,2025-01-14 18:00:00,2025-01-14 00:00:00,10800.0,6000.0,144,108,0.0,9.094947017729282e-13,2025-01-12,
2025-01-14,0,2025-01-14 00:00:00,2025-01-14 00:10:00,2025-01-15 00:00:00,2025-01-14 06:00:00,6842.1066150000015,6000.0,144,0,0.0,4.547473508864641e-13,2025-01-13,
2025-01-14,6,2025-01-14 06:00:00,2025-01-14 06:10:00,2025-01-15 06:00:00,2025-01-14 12:00:00,10800.0,6000.0,144,36,0.0,2.7284841053187847e-12,2025-01-13,
2025-01-14,12,2025-01-14 12:00:00,2025-01-14 12:10:00,2025-01-15 12:00:00,2025-01-14 18:00:00,7964.209548907407,6000.0,144,72,0.0,1.7053025658242404e-12,2025-01-13,
2025-01-14,18,2025-01-14 18:00:00,2025-01-14 18:10:00,2025-01-15 18:00:00,2025-01-15 00:00:00,10800.0,6000.0,144,108,0.0,9.094947017729282e-13,2025-01-13,
2025-01-15,0,2025-01-15 00:00:00,2025-01-15 00:10:00,2025-01-16 00:00:00,2025-01-15 06:00:00,7048.221739259262,6000.0,144,0,0.0,9.094947017729282e-13,2025-01-14,
2025-01-15,6,2025-01-15 06:00:00,2025-01-15 06:10:00,2025-01-16 06:00:00,2025-01-15 12:00:00,10800.0,6000.0,144,36,0.0,1.8962964531965554e-10,2025-01-14,
2025-01-15,12,2025-01-15 12:00:00,2025-01-15 12:10:00,2025-01-16 12:00:00,2025-01-15 18:00:00,7581.66371753704,6000.0,144,72,0.0,1.8189894035458565e-12,2025-01-14,
2025-01-15,18,2025-01-15 18:00:00,2025-01-15 18:10:00,2025-01-16 18:00:00,2025-01-16 00:00:00,10800.0,6000.0,144,108,0.0,9.094947017729282e-13,2025-01-14,
2025-01-16,0,2025-01-16 00:00:00,2025-01-16 00:10:00,2025-01-17 00:00:00,2025-01-16 06:00:00,6969.876844950621,6000.0,144,0,0.0,1.4779288903810084e-12,2025-01-15,
2025-01-16,6,2025-01-16 06:00:00,2025-01-16 06:10:00,2025-01-17 06:00:00,2025-01-16 12:00:00,10800.0,6000.0,144,36,0.0,2.2737367544323206e-11,2025-01-15,
2025-01-16,12,2025-01-16 12:00:00,2025-01-16 12:10:00,2025-01-17 12:00:00,2025-01-16 18:00:00,7121.488914518518,6000.0,144,72,1.990004567646765e-16,2.5011104298755527e-12,2025-01-15,
2025-01-16,18,2025-01-16 18:00:00,2025-01-16 18:10:00,2025-01-17 18:00:00,2025-01-17 00:00:00,10800.0,6000.0,144,108,0.0,9.094947017729282e-13,2025-01-15,
2025-01-17,0,2025-01-17 00:00:00,2025-01-17 00:10:00,2025-01-18 00:00:00,2025-01-17 06:00:00,7177.82523522222,6000.0,144,0,0.0,9.094947017729282e-13,2025-01-16,
2025-01-17,6,2025-01-17 06:00:00,2025-01-17 06:10:00,2025-01-18 06:00:00,2025-01-17 12:00:00,10800.0,6000.0,144,36,0.0,6.980371836107224e-11,2025-01-16,
2025-01-17,12,2025-01-17 12:00:00,2025-01-17 12:10:00,2025-01-18 12:00:00,2025-01-17 18:00:00,10800.0,6000.0,144,72,0.0,1.184616849059239e-10,2025-01-16,
2025-01-17,18,2025-01-17 18:00:00,2025-01-17 18:10:00,2025-01-18 18:00:00,2025-01-18 00:00:00,10800.0,6000.0,144,108,1.1386770628227258e-16,9.094947017729282e-13,2025-01-16,
2025-01-18,0,2025-01-18 00:00:00,2025-01-18 00:10:00,2025-01-19 00:00:00,2025-01-18 06:00:00,10800.0,6000.0,144,0,0.0,1.8189894035458565e-12,2025-01-17,
2025-01-18,6,2025-01-18 06:00:00,2025-01-18 06:10:00,2025-01-19 06:00:00,2025-01-18 12:00:00,10800.0,6000.0,144,36,0.0,2.6830093702301383e-11,2025-01-17,
2025-01-18,12,2025-01-18 12:00:00,2025-01-18 12:10:00,2025-01-19 12:00:00,2025-01-18 18:00:00,10800.0,6000.0,144,72,2.358742179266509e-16,4.092726157978177e-12,2025-01-17,
2025-01-18,18,2025-01-18 18:00:00,2025-01-18 18:10:00,2025-01-19 18:00:00,2025-01-19 00:00:00,10800.0,6000.0,144,108,0.0,4.092726157978177e-12,2025-01-17,
2025-01-19,0,2025-01-19 00:00:00,2025-01-19 00:10:00,2025-01-20 00:00:00,2025-01-19 06:00:00,10656.683950617284,6000.0,144,0,0.0,1.1482370609883219e-11,2025-01-18,
2025-01-19,6,2025-01-19 06:00:00,2025-01-19 06:10:00,2025-01-20 06:00:00,2025-01-19 12:00:00,7208.679381604941,6000.0,144,36,0.0,3.183231456205249e-12,2025-01-18,
2025-01-19,12,2025-01-19 12:00:00,2025-01-19 12:10:00,2025-01-20 12:00:00,2025-01-19 18:00:00,4617.762017746913,6000.0,144,72,0.0,9.094947017729282e-13,2025-01-18,
2025-01-19,18,2025-01-19 18:00:00,2025-01-19 18:10:00,2025-01-20 18:00:00,2025-01-20 00:00:00,1200.0,6000.0,144,108,0.0,9.094947017729282e-13,2025-01-18,
2025-01-20,0,2025-01-20 00:00:00,2025-01-20 00:10:00,2025-01-21 00:00:00,2025-01-20 06:00:00,5078.909361259259,6000.0,144,0,0.0,1.2505552149377763e-12,2025-01-19,
2025-01-20,6,2025-01-20 06:00:00,2025-01-20 06:10:00,2025-01-21 06:00:00,2025-01-20 12:00:00,7378.515243925926,6000.0,144,36,0.0,1.0913936421275139e-11,2025-01-19,
2025-01-20,12,2025-01-20 12:00:00,2025-01-20 12:10:00,2025-01-21 12:00:00,2025-01-20 18:00:00,4519.5534905,6000.0,144,72,2.497731897812589e-16,2.921751729445532e-11,2025-01-19,
2025-01-20,18,2025-01-20 18:00:00,2025-01-20 18:10:00,2025-01-21 18:00:00,2025-01-21 00:00:00,1470.4769522037054,6000.0,144,108,0.0,9.094947017729282e-13,2025-01-19,
2025-01-21,0,2025-01-21 00:00:00,2025-01-21 00:10:00,2025-01-22 00:00:00,2025-01-21 06:00:00,5410.86968871605,6000.0,144,0,0.0,9.094947017729282e-13,2025-01-20,
2025-01-21,6,2025-01-21 06:00:00,2025-01-21 06:10:00,2025-01-22 06:00:00,2025-01-21 12:00:00,10701.133220987655,6000.0,144,36,0.0,4.547473508864641e-12,2025-01-20,
2025-01-21,12,2025-01-21 12:00:00,2025-01-21 12:10:00,2025-01-22 12:00:00,2025-01-21 18:00:00,7182.693161524695,6000.0,144,72,0.0,1.7394086171407253e-11,2025-01-20,
2025-01-21,18,2025-01-21 18:00:00,2025-01-21 18:10:00,2025-01-22 18:00:00,2025-01-22 00:00:00,10687.108674203706,6000.0,144,108,0.0,3.296918293926865e-12,2025-01-20,
2025-01-22,0,2025-01-22 00:00:00,2025-01-22 00:10:00,2025-01-23 00:00:00,2025-01-22 06:00:00,6471.72562861729,6000.0,144,0,0.0,9.094947017729282e-13,2025-01-21,2025-01-21
2025-01-22,6,2025-01-22 06:00:00,2025-01-22 06:10:00,2025-01-23 06:00:00,2025-01-22 12:00:00,10800.0,6000.0,144,36,2.1617193417478397e-15,5.95719029661268e-11,2025-01-21,2025-01-21
2025-01-22,12,2025-01-22 12:00:00,2025-01-22 12:10:00,2025-01-23 12:00:00,2025-01-22 18:00:00,9834.35018557668,6000.0,144,72,0.0,1.8189894035458565e-12,2025-01-21,2025-01-21
2025-01-22,18,2025-01-22 18:00:00,2025-01-22 18:10:00,2025-01-23 18:00:00,2025-01-23 00:00:00,10800.0,6000.0,144,108,0.0,9.094947017729282e-13,2025-01-21,2025-01-21
2025-01-23,0,2025-01-23 00:00:00,2025-01-23 00:10:00,2025-01-24 00:00:00,2025-01-23 06:00:00,7923.591586723528,6000.0,144,0,0.0,9.094947017729282e-13,2025-01-22,2025-01-21
2025-01-23,6,2025-01-23 06:00:00,2025-01-23 06:10:00,2025-01-24 06:00:00,2025-01-23 12:00:00,10800.0,6000.0,144,36,0.0,3.524291969370097e-12,2025-01-22,2025-01-21
2025-01-23,12,2025-01-23 12:00:00,2025-01-23 12:10:00,2025-01-24 12:00:00,2025-01-23 18:00:00,9013.111826089407,6000.0,144,72,0.0,1.057287590811029e-11,2025-01-22,2025-01-21
2025-01-23,18,2025-01-23 18:00:00,2025-01-23 18:10:00,2025-01-24 18:00:00,2025-01-24 00:00:00,10800.0,6000.0,144,108,0.0,6.480149750132114e-12,2025-01-22,2025-01-21
2025-01-24,0,2025-01-24 00:00:00,2025-01-24 00:10:00,2025-01-25 00:00:00,2025-01-24 06:00:00,7889.721063983891,6000.0,144,0,0.0,9.094947017729282e-13,2025-01-23,2025-01-21
2025-01-24,6,2025-01-24 06:00:00,2025-01-24 06:10:00,2025-01-25 06:00:00,2025-01-24 12:00:00,10205.624074074074,6000.0,144,36,0.0,1.1823431123048067e-11,2025-01-23,2025-01-21
2025-01-24,12,2025-01-24 12:00:00,2025-01-24 12:10:00,2025-01-25 12:00:00,2025-01-24 18:00:00,10135.349285167395,6000.0,144,72,0.0,1.5688783605583012e-11,2025-01-23,2025-01-21
2025-01-24,18,2025-01-24 18:00:00,2025-01-24 18:10:00,2025-01-25 18:00:00,2025-01-25 00:00:00,10800.0,6000.0,144,108,1.4722113461042767e-16,7.958078640513122e-12,2025-01-23,2025-01-21
2025-01-25,0,2025-01-25 00:00:00,2025-01-25 00:10:00,2025-01-26 00:00:00,2025-01-25 06:00:00,8282.851604169124,6000.0,144,0,0.0,1.7053025658242404e-11,2025-01-24,2025-01-21
2025-01-25,6,2025-01-25 06:00:00,2025-01-25 06:10:00,2025-01-26 06:00:00,2025-01-25 12:00:00,10199.309259259258,6000.0,144,36,0.0,6.707523425575346e-12,2025-01-24,2025-01-21
2025-01-25,12,2025-01-25 12:00:00,2025-01-25 12:10:00,2025-01-26 12:00:00,2025-01-25 18:00:00,10494.475275978297,6000.0,144,72,0.0,4.661160346586257e-12,2025-01-24,2025-01-21
2025-01-25,18,2025-01-25 18:00:00,2025-01-25 18:10:00,2025-01-26 18:00:00,2025-01-26 00:00:00,10610.898223934222,6000.0,144,108,0.0,4.433786671143025e-12,2025-01-24,2025-01-21
2025-01-26,0,2025-01-26 00:00:00,2025-01-26 00:10:00,2025-01-27 00:00:00,2025-01-26 06:00:00,8050.332900027831,6000.0,144,0,0.0,9.094947017729282e-13,2025-01-25,2025-01-21
2025-01-26,6,2025-01-26 06:00:00,2025-01-26 06:10:00,2025-01-27 06:00:00,2025-01-26 12:00:00,10800.0,6000.0,144,36,0.0,1.2505552149377763e-12,2025-01-25,2025-01-21
2025-01-26,12,2025-01-26 12:00:00,2025-01-26 12:10:00,2025-01-27 12:00:00,2025-01-26 18:00:00,9751.917531255014,6000.0,144,72,0.0,9.094947017729282e-13,2025-01-25,2025-01-21
2025-01-26,18,2025-01-26 18:00:00,2025-01-26 18:10:00,2025-01-27 18:00:00,2025-01-27 00:00:00,10800.0,6000.0,144,108,0.0,9.094947017729282e-13,2025-01-25,2025-01-21
2025-01-27,0,2025-01-27 00:00:00,2025-01-27 00:10:00,2025-01-28 00:00:00,2025-01-27 06:00:00,7491.491777337386,6000.0,144,0,0.0,9.094947017729282e-13,2025-01-26,2025-01-21
2025-01-27,6,2025-01-27 06:00:00,2025-01-27 06:10:00,2025-01-28 06:00:00,2025-01-27 12:00:00,10800.0,6000.0,144,36,0.0,3.751665644813329e-12,2025-01-26,2025-01-21
2025-01-27,12,2025-01-27 12:00:00,2025-01-27 12:10:00,2025-01-28 12:00:00,2025-01-27 18:00:00,9607.157290108607,6000.0,144,72,0.0,4.547473508864641e-13,2025-01-26,2025-01-21
2025-01-27,18,2025-01-27 18:00:00,2025-01-27 18:10:00,2025-01-28 18:00:00,2025-01-28 00:00:00,10800.0,6000.0,144,108,0.0,5.5706550483591855e-12,2025-01-26,2025-01-21
2025-01-28,0,2025-01-28 00:00:00,2025-01-28 00:10:00,2025-01-29 00:00:00,2025-01-28 06:00:00,7300.776747332612,6000.0,144,0,0.0,9.094947017729282e-13,2025-01-27,2025-01-21
2025-01-28,6,2025-01-28 06:00:00,2025-01-28 06:10:00,2025-01-29 06:00:00,2025-01-28 12:00:00,10800.0,6000.0,144,36,5.722483403074594e-15,1.411990524502471e-10,2025-01-27,2025-01-21
2025-01-28,12,2025-01-28 12:00:00,2025-01-28 12:10:00,2025-01-29 12:00:00,2025-01-28 18:00:00,8192.752874999034,6000.0,144,72,0.0,1.6484591469634324e-11,2025-01-27,2025-01-21
2025-01-28,18,2025-01-28 18:00:00,2025-01-28 18:10:00,2025-01-29 18:00:00,2025-01-29 00:00:00,10800.0,6000.0,144,108,0.0,9.094947017729282e-13,2025-01-27,2025-01-21
2025-01-29,0,2025-01-29 00:00:00,2025-01-29 00:10:00,2025-01-30 00:00:00,2025-01-29 06:00:00,7163.855924303384,6000.0,144,0,0.0,9.094947017729282e-13,2025-01-28,2025-01-21
2025-01-29,6,2025-01-29 06:00:00,2025-01-29 06:10:00,2025-01-30 06:00:00,2025-01-29 12:00:00,10800.0,6000.0,144,36,0.0,1.8189894035458565e-12,2025-01-28,2025-01-21
2025-01-29,12,2025-01-29 12:00:00,2025-01-29 12:10:00,2025-01-30 12:00:00,2025-01-29 18:00:00,8119.620046630018,6000.0,144,72,2.263731480025631e-16,2.2737367544323206e-12,2025-01-28,2025-01-21
2025-01-29,18,2025-01-29 18:00:00,2025-01-29 18:10:00,2025-01-30 18:00:00,2025-01-30 00:00:00,10800.0,6000.0,144,108,0.0,1.3642420526593924e-12,2025-01-28,2025-01-21
2025-01-30,0,2025-01-30 00:00:00,2025-01-30 00:10:00,2025-01-31 00:00:00,2025-01-30 06:00:00,7476.2355751355635,6000.0,144,0,0.0,9.094947017729282e-13,2025-01-29,2025-01-21
2025-01-30,6,2025-01-30 06:00:00,2025-01-30 06:10:00,2025-01-31 06:00:00,2025-01-30 12:00:00,10800.0,6000.0,144,36,9.688536989297125e-16,1.8189894035458565e-12,2025-01-29,2025-01-21
2025-01-30,12,2025-01-30 12:00:00,2025-01-30 12:10:00,2025-01-31 12:00:00,2025-01-30 18:00:00,8493.565260290892,6000.0,144,72,0.0,2.6261659513693303e-11,2025-01-29,2025-01-21
2025-01-30,18,2025-01-30 18:00:00,2025-01-30 18:10:00,2025-01-31 18:00:00,2025-01-31 00:00:00,10800.0,6000.0,144,108,0.0,9.094947017729282e-13,2025-01-29,2025-01-21
2025-01-31,0,2025-01-31 00:00:00,2025-01-31 00:10:00,2025-02-01 00:00:00,2025-01-31 06:00:00,7021.009160667633,6000.0,144,0,0.0,1.8189894035458565e-12,2025-01-30,2025-01-21
2025-01-31,6,2025-01-31 06:00:00,2025-01-31 06:10:00,2025-02-01 06:00:00,2025-01-31 12:00:00,10207.14074074074,6000.0,144,36,3.4906651922455664e-16,4.433786671143025e-12,2025-01-30,2025-01-21
2025-01-31,12,2025-01-31 12:00:00,2025-01-31 12:10:00,2025-02-01 12:00:00,2025-01-31 18:00:00,8277.58493859559,6000.0,144,72,0.0,1.8189894035458565e-12,2025-01-30,2025-01-21
2025-01-31,18,2025-01-31 18:00:00,2025-01-31 18:10:00,2025-02-01 18:00:00,2025-02-01 00:00:00,10265.8201362799,6000.0,144,108,1.4755219291323673e-16,3.865352482534945e-12,2025-01-30,2025-01-21
2025-02-01,0,2025-02-01 00:00:00,2025-02-01 00:10:00,2025-02-02 00:00:00,2025-02-01 06:00:00,7827.277455768037,6000.0,144,0,0.0,2.9558577807620168e-12,2025-01-31,2025-01-31
2025-02-01,6,2025-02-01 06:00:00,2025-02-01 06:10:00,2025-02-02 06:00:00,2025-02-01 12:00:00,10232.24074074074,6000.0,144,36,0.0,5.002220859751105e-12,2025-01-31,2025-01-31
2025-02-01,12,2025-02-01 12:00:00,2025-02-01 12:10:00,2025-02-02 12:00:00,2025-02-01 18:00:00,9412.539327170485,6000.0,144,72,0.0,1.8189894035458565e-12,2025-01-31,2025-01-31
2025-02-01,18,2025-02-01 18:00:00,2025-02-01 18:10:00,2025-02-02 18:00:00,2025-02-02 00:00:00,10323.922222222222,6000.0,144,108,0.0,5.002220859751105e-12,2025-01-31,2025-01-31
2025-02-02,0,2025-02-02 00:00:00,2025-02-02 00:10:00,2025-02-03 00:00:00,2025-02-02 06:00:00,7861.467439604263,6000.0,144,0,0.0,9.094947017729282e-13,2025-02-01,2025-01-31
2025-02-02,6,2025-02-02 06:00:00,2025-02-02 06:10:00,2025-02-03 06:00:00,2025-02-02 12:00:00,10800.0,6000.0,144,36,0.0,1.1823431123048067e-11,2025-02-01,2025-01-31
2025-02-02,12,2025-02-02 12:00:00,2025-02-02 12:10:00,2025-02-03 12:00:00,2025-02-02 18:00:00,9045.912703852817,6000.0,144,72,8.594970602012164e-16,7.16227077646181e-12,2025-02-01,2025-01-31
2025-02-02,18,2025-02-02 18:00:00,2025-02-02 18:10:00,2025-02-03 18:00:00,2025-02-03 00:00:00,10800.0,6000.0,144,108,0.0,9.094947017729282e-13,2025-02-01,2025-01-31
2025-02-03,0,2025-02-03 00:00:00,2025-02-03 00:10:00,2025-02-04 00:00:00,2025-02-03 06:00:00,7542.644294365885,6000.0,144,0,2.336540947951939e-16,5.002220859751105e-12,2025-02-02,2025-01-31
2025-02-03,6,2025-02-03 06:00:00,2025-02-03 06:10:00,2025-02-04 06:00:00,2025-02-03 12:00:00,10800.0,6000.0,144,36,1.825820017867293e-15,1.8189894035458565e-12,2025-02-02,2025-01-31
2025-02-03,12,2025-02-03 12:00:00,2025-02-03 12:10:00,2025-02-04 12:00:00,2025-02-03 18:00:00,8733.039100516686,6000.0,144,72,0.0,1.0913936421275139e-11,2025-02-02,2025-01-31
2025-02-03,18,2025-02-03 18:00:00,2025-02-03 18:10:00,2025-02-04 18:00:00,2025-02-04 00:00:00,10800.0,6000.0,144,108,0.0,9.094947017729282e-13,2025-02-02,2025-01-31
2025-02-04,0,2025-02-04 00:00:00,2025-02-04 00:10:00,2025-02-05 00:00:00,2025-02-04 06:00:00,7196.8276274092905,6000.0,144,0,0.0,9.094947017729282e-13,2025-02-03,2025-01-31
2025-02-04,6,2025-02-04 06:00:00,2025-02-04 06:10:00,2025-02-05 06:00:00,2025-02-04 12:00:00,10800.0,6000.0,144,36,2.433527268112118e-15,3.865352482534945e-12,2025-02-03,2025-01-31
2025-02-04,12,2025-02-04 12:00:00,2025-02-04 12:10:00,2025-02-05 12:00:00,2025-02-04 18:00:00,8455.98171602344,6000.0,144,72,0.0,3.751665644813329e-12,2025-02-03,2025-01-31
2025-02-04,18,2025-02-04 18:00:00,2025-02-04 18:10:00,2025-02-05 18:00:00,2025-02-05 00:00:00,10800.0,6000.0,144,108,0.0,3.751665644813329e-12,2025-02-03,2025-01-31
2025-02-05,0,2025-02-05 00:00:00,2025-02-05 00:10:00,2025-02-06 00:00:00,2025-02-05 06:00:00,7298.368223849247,6000.0,144,0,0.0,9.094947017729282e-13,2025-02-04,2025-01-31
2025-02-05,6,2025-02-05 06:00:00,2025-02-05 06:10:00,2025-02-06 06:00:00,2025-02-05 12:00:00,10800.0,6000.0,144,36,0.0,1.1823431123048067e-11,2025-02-04,2025-01-31
2025-02-05,12,2025-02-05 12:00:00,2025-02-05 12:10:00,2025-02-06 12:00:00,2025-02-05 18:00:00,7537.03437957311,6000.0,144,72,0.0,5.056790541857481e-10,2025-02-04,2025-01-31
2025-02-05,18,2025-02-05 18:00:00,2025-02-05 18:10:00,2025-02-06 18:00:00,2025-02-06 00:00:00,10800.0,6000.0,144,108,0.0,1.1368683772161603e-12,2025-02-04,2025-01-31
2025-02-06,0,2025-02-06 00:00:00,2025-02-06 00:10:00,2025-02-07 00:00:00,2025-02-06 06:00:00,7223.009044967304,6000.0,144,0,0.0,9.094947017729282e-13,2025-02-05,2025-01-31
2025-02-06,6,2025-02-06 06:00:00,2025-02-06 06:10:00,2025-02-07 06:00:00,2025-02-06 12:00:00,10800.0,6000.0,144,36,1.2242992885201298e-15,3.865352482534945e-12,2025-02-05,2025-01-31
2025-02-06,12,2025-02-06 12:00:00,2025-02-06 12:10:00,2025-02-07 12:00:00,2025-02-06 18:00:00,8544.825120053623,6000.0,144,72,0.0,1.8189894035458565e-11,2025-02-05,2025-01-31
2025-02-06,18,2025-02-06 18:00:00,2025-02-06 18:10:00,2025-02-07 18:00:00,2025-02-07 00:00:00,10800.0,6000.0,144,108,0.0,1.3642420526593924e-12,2025-02-05,2025-01-31
2025-02-07,0,2025-02-07 00:00:00,2025-02-07 00:10:00,2025-02-08 00:00:00,2025-02-07 06:00:00,7057.22384433854,6000.0,144,0,0.0,1.8189894035458565e-12,2025-02-06,2025-01-31
2025-02-07,6,2025-02-07 06:00:00,2025-02-07 06:10:00,2025-02-08 06:00:00,2025-02-07 12:00:00,10250.77037037037,6000.0,144,36,0.0,2.000888343900442e-11,2025-02-06,2025-01-31
2025-02-07,12,2025-02-07 12:00:00,2025-02-07 12:10:00,2025-02-08 12:00:00,2025-02-07 18:00:00,9358.496524313032,6000.0,144,72,0.0,1.8189894035458565e-12,2025-02-06,2025-01-31
2025-02-07,18,2025-02-07 18:00:00,2025-02-07 18:10:00,2025-02-08 18:00:00,2025-02-08 00:00:00,10290.618518518519,6000.0,144,108,0.0,1.1368683772161603e-12,2025-02-06,2025-01-31
2025-02-08,0,2025-02-08 00:00:00,2025-02-08 00:10:00,2025-02-09 00:00:00,2025-02-08 06:00:00,7333.41331360238,6000.0,144,0,0.0,2.5011104298755527e-12,2025-02-07,2025-01-31
2025-02-08,6,2025-02-08 06:00:00,2025-02-08 06:10:00,2025-02-09 06:00:00,2025-02-08 12:00:00,9667.885370370372,6000.0,144,36,0.0,1.8189894035458565e-12,2025-02-07,2025-01-31
2025-02-08,12,2025-02-08 12:00:00,2025-02-08 12:10:00,2025-02-09 12:00:00,2025-02-08 18:00:00,8829.05802703704,6000.0,144,72,0.0,1.7007550923153758e-10,2025-02-07,2025-01-31
2025-02-08,18,2025-02-08 18:00:00,2025-02-08 18:10:00,2025-02-09 18:00:00,2025-02-09 00:00:00,10303.553703703703,6000.0,144,108,0.0,2.0463630789890885e-12,2025-02-07,2025-01-31
2025-02-09,0,2025-02-09 00:00:00,2025-02-09 00:10:00,2025-02-10 00:00:00,2025-02-09 06:00:00,7401.63502297111,6000.0,144,0,0.0,1.8189894035458565e-12,2025-02-08,2025-01-31
2025-02-09,6,2025-02-09 06:00:00,2025-02-09 06:10:00,2025-02-10 06:00:00,2025-02-09 12:00:00,10800.0,6000.0,144,36,0.0,8.526512829121202e-10,2025-02-08,2025-01-31
2025-02-09,12,2025-02-09 12:00:00,2025-02-09 12:10:00,2025-02-10 12:00:00,2025-02-09 18:00:00,10031.21884602392,6000.0,144,72,0.0,1.8189894035458565e-12,2025-02-08,2025-01-31
2025-02-09,18,2025-02-09 18:00:00,2025-02-09 18:10:00,2025-02-10 18:00:00,2025-02-10 00:00:00,10800.0,6000.0,144,108,0.0,9.094947017729282e-13,2025-02-08,2025-01-31
2025-02-10,0,2025-02-10 00:00:00,2025-02-10 00:10:00,2025-02-11 00:00:00,2025-02-10 06:00:00,6944.02500038923,6000.0,144,0,0.0,1.1368683772161603e-12,2025-02-09,2025-01-31
2025-02-10,6,2025-02-10 06:00:00,2025-02-10 06:10:00,2025-02-11 06:00:00,2025-02-10 12:00:00,10454.90246126543,6000.0,144,36,0.0,2.2737367544323206e-12,2025-02-09,2025-01-31
2025-02-10,12,2025-02-10 12:00:00,2025-02-10 12:10:00,2025-02-11 12:00:00,2025-02-10 18:00:00,9743.96643000868,6000.0,144,72,2.8906855786586175e-16,3.5140601539751515e-10,2025-02-09,2025-01-31
2025-02-10,18,2025-02-10 18:00:00,2025-02-10 18:10:00,2025-02-11 18:00:00,2025-02-11 00:00:00,10800.0,6000.0,144,108,0.0,2.3646862246096134e-11,2025-02-09,2025-01-31
2025-02-11,0,2025-02-11 00:00:00,2025-02-11 00:10:00,2025-02-12 00:00:00,2025-02-11 06:00:00,6808.522610671389,6000.0,144,0,0.0,1.8189894035458565e-12,2025-02-10,2025-01-31
2025-02-11,6,2025-02-11 06:00:00,2025-02-11 06:10:00,2025-02-12 06:00:00,2025-02-11 12:00:00,9997.10197017747,6000.0,144,36,6.460108555678189e-16,1.77351466845721e-11,2025-02-10,2025-01-31
2025-02-11,12,2025-02-11 12:00:00,2025-02-11 12:10:00,2025-02-12 12:00:00,2025-02-11 18:00:00,7835.645621640577,6000.0,144,72,0.0,7.048583938740194e-12,2025-02-10,2025-01-31
2025-02-11,18,2025-02-11 18:00:00,2025-02-11 18:10:00,2025-02-12 18:00:00,2025-02-12 00:00:00,10800.0,6000.0,144,108,0.0,7.617018127348274e-12,2025-02-10,2025-01-31
2025-02-12,0,2025-02-12 00:00:00,2025-02-12 00:10:00,2025-02-13 00:00:00,2025-02-12 06:00:00,6654.815905616564,6000.0,144,0,0.0,1.1823431123048067e-11,2025-02-11,2025-01-31
2025-02-12,6,2025-02-12 06:00:00,2025-02-12 06:10:00,2025-02-13 06:00:00,2025-02-12 12:00:00,10800.0,6000.0,144,36,6.486330379084073e-16,4.774847184307873e-12,2025-02-11,2025-01-31
2025-02-12,12,2025-02-12 12:00:00,2025-02-12 12:10:00,2025-02-13 12:00:00,2025-02-12 18:00:00,9292.351063906252,6000.0,144,72,0.0,6.139089236967266e-12,2025-02-11,2025-01-31
2025-02-12,18,2025-02-12 18:00:00,2025-02-12 18:10:00,2025-02-13 18:00:00,2025-02-13 00:00:00,10800.0,6000.0,144,108,0.0,2.2737367544323206e-13,2025-02-11,2025-01-31
2025-02-13,0,2025-02-13 00:00:00,2025-02-13 00:10:00,2025-02-14 00:00:00,2025-02-13 06:00:00,6763.616092598666,6000.0,144,0,0.0,9.094947017729282e-13,2025-02-12,2025-01-31
2025-02-13,6,2025-02-13 06:00:00,2025-02-13 06:10:00,2025-02-14 06:00:00,2025-02-13 12:00:00,9945.116754195602,6000.0,144,36,0.0,2.2293988877208903e-10,2025-02-12,2025-01-31
2025-02-13,12,2025-02-13 12:00:00,2025-02-13 12:10:00,2025-02-14 12:00:00,2025-02-13 18:00:00,10042.983880004827,6000.0,144,72,2.7431760346566216e-16,2.0463630789890885e-12,2025-02-12,2025-01-31
2025-02-13,18,2025-02-13 18:00:00,2025-02-13 18:10:00,2025-02-14 18:00:00,2025-02-14 00:00:00,10800.0,6000.0,144,108,0.0,1.2505552149377763e-12,2025-02-12,2025-01-31
2025-02-14,0,2025-02-14 00:00:00,2025-02-14 00:10:00,2025-02-15 00:00:00,2025-02-14 06:00:00,6771.530244186918,6000.0,144,0,0.0,7.958078640513122e-13,2025-02-13,2025-01-31
2025-02-14,6,2025-02-14 06:00:00,2025-02-14 06:10:00,2025-02-15 06:00:00,2025-02-14 12:00:00,9591.325277777778,6000.0,144,36,0.0,1.0913936421275139e-11,2025-02-13,2025-01-31
2025-02-14,12,2025-02-14 12:00:00,2025-02-14 12:10:00,2025-02-15 12:00:00,2025-02-14 18:00:00,8389.14539388889,6000.0,144,72,0.0,9.094947017729282e-13,2025-02-13,2025-01-31
2025-02-14,18,2025-02-14 18:00:00,2025-02-14 18:10:00,2025-02-15 18:00:00,2025-02-15 00:00:00,10279.594444444445,6000.0,144,108,0.0,3.183231456205249e-12,2025-02-13,2025-01-31
2025-02-15,0,2025-02-15 00:00:00,2025-02-15 00:10:00,2025-02-16 00:00:00,2025-02-15 06:00:00,6913.050907918113,6000.0,144,0,0.0,4.547473508864641e-12,2025-02-14,2025-01-31
2025-02-15,6,2025-02-15 06:00:00,2025-02-15 06:10:00,2025-02-16 06:00:00,2025-02-15 12:00:00,9619.561907407407,6000.0,144,36,4.3252603031709115e-16,7.048583938740194e-12,2025-02-14,2025-01-31
2025-02-15,12,2025-02-15 12:00:00,2025-02-15 12:10:00,2025-02-16 12:00:00,2025-02-15 18:00:00,9428.924027962961,6000.0,144,72,0.0,2.6147972675971687e-12,2025-02-14,2025-01-31
2025-02-15,18,2025-02-15 18:00:00,2025-02-15 18:10:00,2025-02-16 18:00:00,2025-02-16 00:00:00,10311.45,6000.0,144,108,0.0,9.094947017729282e-13,2025-02-14,2025-01-31
2025-02-16,0,2025-02-16 00:00:00,2025-02-16 00:10:00,2025-02-17 00:00:00,2025-02-16 06:00:00,6728.966692689525,6000.0,144,0,0.0,1.8189894035458565e-12,2025-02-15,2025-01-31
2025-02-16,6,2025-02-16 06:00:00,2025-02-16 06:10:00,2025-02-17 06:00:00,2025-02-16 12:00:00,10771.099011308837,6000.0,144,36,6.359479080490669e-16,2.9558577807620168e-12,2025-02-15,2025-01-31
2025-02-16,12,2025-02-16 12:00:00,2025-02-16 12:10:00,2025-02-17 12:00:00,2025-02-16 18:00:00,8666.203012066075,6000.0,144,72,0.0,1.4665602066088468e-11,2025-02-15,2025-01-31
2025-02-16,18,2025-02-16 18:00:00,2025-02-16 18:10:00,2025-02-17 18:00:00,2025-02-17 00:00:00,10790.976667243636,6000.0,144,108,0.0,9.094947017729282e-13,2025-02-15,2025-01-31
2025-02-17,0,2025-02-17 00:00:00,2025-02-17 00:10:00,2025-02-18 00:00:00,2025-02-17 06:00:00,6451.315952851999,6000.0,144,0,0.0,1.1368683772161603e-13,2025-02-16,2025-01-31
2025-02-17,6,2025-02-17 06:00:00,2025-02-17 06:10:00,2025-02-18 06:00:00,2025-02-17 12:00:00,9998.610929383682,6000.0,144,36,0.0,1.354010237264447e-10,2025-02-16,2025-01-31
2025-02-17,12,2025-02-17 12:00:00,2025-02-17 12:10:00,2025-02-18 12:00:00,2025-02-17 18:00:00,10403.602480263944,6000.0,144,72,0.0,1.4438228390645236e-11,2025-02-16,2025-01-31
2025-02-17,18,2025-02-17 18:00:00,2025-02-17 18:10:00,2025-02-18 18:00:00,2025-02-18 00:00:00,10800.0,6000.0,144,108,0.0,9.094947017729282e-13,2025-02-16,2025-01-31
2025-02-18,0,2025-02-18 00:00:00,2025-02-18 00:10:00,2025-02-19 00:00:00,2025-02-18 06:00:00,6425.7832583964155,6000.0,144,0,0.0,1.1368683772161603e-12,2025-02-17,2025-01-31
2025-02-18,6,2025-02-18 06:00:00,2025-02-18 06:10:00,2025-02-19 06:00:00,2025-02-18 12:00:00,9874.074074074075,6000.0,144,36,0.0,1.2050804798491299e-11,2025-02-17,2025-01-31
2025-02-18,12,2025-02-18 12:00:00,2025-02-18 12:10:00,2025-02-19 12:00:00,2025-02-18 18:00:00,8012.895630908656,6000.0,144,72,0.0,4.433786671143025e-12,2025-02-17,2025-01-31
2025-02-18,18,2025-02-18 18:00:00,2025-02-18 18:10:00,2025-02-19 18:00:00,2025-02-19 00:00:00,10732.481604381413,6000.0,144,108,0.0,9.094947017729282e-13,2025-02-17,2025-01-31
2025-02-19,0,2025-02-19 00:00:00,2025-02-19 00:10:00,2025-02-20 00:00:00,2025-02-19 06:00:00,6519.581724124712,6000.0,144,0,0.0,9.094947017729282e-13,2025-02-18,2025-01-31
2025-02-19,6,2025-02-19 06:00:00,2025-02-19 06:10:00,2025-02-20 06:00:00,2025-02-19 12:00:00,9874.074074074075,6000.0,144,36,0.0,9.208633855450898e-12,2025-02-18,2025-01-31
2025-02-19,12,2025-02-19 12:00:00,2025-02-19 12:10:00,2025-02-20 12:00:00,2025-02-19 18:00:00,7370.946042314621,6000.0,144,72,7.22584252673394e-16,7.617018127348274e-12,2025-02-18,2025-01-31
2025-02-19,18,2025-02-19 18:00:00,2025-02-19 18:10:00,2025-02-20 18:00:00,2025-02-20 00:00:00,10795.80534089945,6000.0,144,108,2.419549698968415e-16,7.617018127348274e-12,2025-02-18,2025-01-31
2025-02-20,0,2025-02-20 00:00:00,2025-02-20 00:10:00,2025-02-21 00:00:00,2025-02-20 06:00:00,6214.806316803822,6000.0,144,0,0.0,9.094947017729282e-13,2025-02-19,2025-01-31
2025-02-20,6,2025-02-20 06:00:00,2025-02-20 06:10:00,2025-02-21 06:00:00,2025-02-20 12:00:00,9895.426614207176,6000.0,144,36,6.306027914356909e-16,9.094947017729282e-13,2025-02-19,2025-01-31
2025-02-20,12,2025-02-20 12:00:00,2025-02-20 12:10:00,2025-02-21 12:00:00,2025-02-20 18:00:00,8327.501651829378,6000.0,144,72,1.070871182723528e-15,1.318767317570746e-10,2025-02-19,2025-01-31
2025-02-20,18,2025-02-20 18:00:00,2025-02-20 18:10:00,2025-02-21 18:00:00,2025-02-21 00:00:00,10753.90321929644,6000.0,144,108,0.0,1.8189894035458565e-12,2025-02-19,2025-01-31
2025-02-21,0,2025-02-21 00:00:00,2025-02-21 00:10:00,2025-02-22 00:00:00,2025-02-21 06:00:00,6476.636204091434,6000.0,144,0,0.0,1.7053025658242404e-12,2025-02-20,2025-01-31
2025-02-21,6,2025-02-21 06:00:00,2025-02-21 06:10:00,2025-02-22 06:00:00,2025-02-21 12:00:00,7491.632331817706,6000.0,144,36,0.0,1.8189894035458565e-12,2025-02-20,2025-01-31
2025-02-21,12,2025-02-21 12:00:00,2025-02-21 12:10:00,2025-02-22 12:00:00,2025-02-21 18:00:00,8649.135559965853,6000.0,144,72,0.0,3.1604940886609256e-11,2025-02-20,2025-01-31
2025-02-21,18,2025-02-21 18:00:00,2025-02-21 18:10:00,2025-02-22 18:00:00,2025-02-22 00:00:00,10104.741638425925,6000.0,144,108,0.0,1.8189894035458565e-12,2025-02-20,2025-01-31
2025-02-22,0,2025-02-22 00:00:00,2025-02-22 00:10:00,2025-02-23 00:00:00,2025-02-22 06:00:00,6634.679110735967,6000.0,144,0,0.0,6.900791049702093e-11,2025-02-21,2025-01-31
2025-02-22,6,2025-02-22 06:00:00,2025-02-22 06:10:00,2025-02-23 06:00:00,2025-02-22 12:00:00,6923.053090619647,6000.0,144,36,0.0,3.524291969370097e-12,2025-02-21,2025-01-31
2025-02-22,12,2025-02-22 12:00:00,2025-02-22 12:10:00,2025-02-23 12:00:00,2025-02-22 18:00:00,7726.153491360387,6000.0,144,72,0.0,5.826450433232822e-10,2025-02-21,2025-01-31
2025-02-22,18,2025-02-22 18:00:00,2025-02-22 18:10:00,2025-02-23 18:00:00,2025-02-23 00:00:00,10066.741215162036,6000.0,144,108,0.0,1.8189894035458565e-12,2025-02-21,2025-01-31
2025-02-23,0,2025-02-23 00:00:00,2025-02-23 00:10:00,2025-02-24 00:00:00,2025-02-23 06:00:00,6610.480175057001,6000.0,144,0,0.0,9.094947017729282e-13,2025-02-22,2025-01-31
2025-02-23,6,2025-02-23 06:00:00,2025-02-23 06:10:00,2025-02-24 06:00:00,2025-02-23 12:00:00,9919.389479166666,6000.0,144,36,0.0,6.707523425575346e-12,2025-02-22,2025-01-31
2025-02-23,12,2025-02-23 12:00:00,2025-02-23 12:10:00,2025-02-24 12:00:00,2025-02-23 18:00:00,7148.013592587669,6000.0,144,72,0.0,1.8189894035458565e-12,2025-02-22,2025-01-31
2025-02-23,18,2025-02-23 18:00:00,2025-02-23 18:10:00,2025-02-24 18:00:00,2025-02-24 00:00:00,10780.133189167776,6000.0,144,108,0.0,9.094947017729282e-13,2025-02-22,2025-01-31
2025-02-24,0,2025-02-24 00:00:00,2025-02-24 00:10:00,2025-02-25 00:00:00,2025-02-24 06:00:00,6151.000916497731,6000.0,144,0,0.0,1.7053025658242404e-12,2025-02-23,2025-01-31
2025-02-24,6,2025-02-24 06:00:00,2025-02-24 06:10:00,2025-02-25 06:00:00,2025-02-24 12:00:00,9935.76433557581,6000.0,144,36,0.0,1.8189894035458565e-12,2025-02-23,2025-01-31
2025-02-24,12,2025-02-24 12:00:00,2025-02-24 12:10:00,2025-02-25 12:00:00,2025-02-24 18:00:00,8087.901803703752,6000.0,144,72,0.0,1.921307557495311e-11,2025-02-23,2025-01-31
2025-02-24,18,2025-02-24 18:00:00,2025-02-24 18:10:00,2025-02-25 18:00:00,2025-02-25 00:00:00,10775.315989111014,6000.0,144,108,0.0,4.206412995699793e-12,2025-02-23,2025-01-31
2025-02-25,0,2025-02-25 00:00:00,2025-02-25 00:10:00,2025-02-26 00:00:00,2025-02-25 06:00:00,6371.366876596165,6000.0,144,0,0.0,1.2505552149377763e-12,2025-02-24,2025-01-31
2025-02-25,6,2025-02-25 06:00:00,2025-02-25 06:10:00,2025-02-26 06:00:00,2025-02-25 12:00:00,9831.068299146413,6000.0,144,36,0.0,5.229594535194337e-12,2025-02-24,2025-01-31
2025-02-25,12,2025-02-25 12:00:00,2025-02-25 12:10:00,2025-02-26 12:00:00,2025-02-25 18:00:00,10115.410634936146,6000.0,144,72,0.0,9.094947017729282e-13,2025-02-24,2025-01-31
2025-02-25,18,2025-02-25 18:00:00,2025-02-25 18:10:00,2025-02-26 18:00:00,2025-02-26 00:00:00,10800.0,6000.0,144,108,0.0,9.094947017729282e-13,2025-02-24,2025-01-31
2025-02-26,0,2025-02-26 00:00:00,2025-02-26 00:10:00,2025-02-27 00:00:00,2025-02-26 06:00:00,6269.470064192709,6000.0,144,0,0.0,2.3874235921539366e-12,2025-02-25,2025-01-31
2025-02-26,6,2025-02-26 06:00:00,2025-02-26 06:10:00,2025-02-27 06:00:00,2025-02-26 12:00:00,9874.074074074075,6000.0,144,36,0.0,4.4792614062316716e-11,2025-02-25,2025-01-31
2025-02-26,12,2025-02-26 12:00:00,2025-02-26 12:10:00,2025-02-27 12:00:00,2025-02-26 18:00:00,6960.176605131606,6000.0,144,72,7.392035901017928e-16,9.094947017729282e-13,2025-02-25,2025-01-31
2025-02-26,18,2025-02-26 18:00:00,2025-02-26 18:10:00,2025-02-27 18:00:00,2025-02-27 00:00:00,10772.158961865982,6000.0,144,108,0.0,9.094947017729282e-13,2025-02-25,2025-01-31
2025-02-27,0,2025-02-27 00:00:00,2025-02-27 00:10:00,2025-02-28 00:00:00,2025-02-27 06:00:00,6563.677410368394,6000.0,144,0,0.0,3.296918293926865e-12,2025-02-26,2025-01-31
2025-02-27,6,2025-02-27 06:00:00,2025-02-27 06:10:00,2025-02-28 06:00:00,2025-02-27 12:00:00,9874.074074074075,6000.0,144,36,6.776685139259198e-16,2.3078428057488054e-11,2025-02-26,2025-01-31
2025-02-27,12,2025-02-27 12:00:00,2025-02-27 12:10:00,2025-02-28 12:00:00,2025-02-27 18:00:00,7180.029849937839,6000.0,144,72,3.5825930169998993e-16,5.343281372915953e-12,2025-02-26,2025-01-31
2025-02-27,18,2025-02-27 18:00:00,2025-02-27 18:10:00,2025-02-28 18:00:00,2025-02-28 00:00:00,10770.340660771122,6000.0,144,108,0.0,9.094947017729282e-13,2025-02-26,2025-01-31
2025-02-28,0,2025-02-28 00:00:00,2025-02-28 00:10:00,2025-03-01 00:00:00,2025-02-28 06:00:00,6305.66495508348,6000.0,144,0,0.0,1.8189894035458565e-12,2025-02-27,2025-01-31
2025-02-28,6,2025-02-28 06:00:00,2025-02-28 06:10:00,2025-03-01 06:00:00,2025-02-28 12:00:00,6447.623839326099,6000.0,144,36,0.0,3.2173375075217336e-11,2025-02-27,2025-01-31
2025-02-28,12,2025-02-28 12:00:00,2025-02-28 12:10:00,2025-03-01 12:00:00,2025-02-28 18:00:00,9436.39869006684,6000.0,144,72,0.0,4.206412995699793e-12,2025-02-27,2025-01-31
2025-02-28,18,2025-02-28 18:00:00,2025-02-28 18:10:00,2025-03-01 18:00:00,2025-03-01 00:00:00,10117.669202155672,6000.0,144,108,0.0,1.8189894035458565e-12,2025-02-27,2025-01-31
2025-03-01,0,2025-03-01 00:00:00,2025-03-01 00:10:00,2025-03-02 00:00:00,2025-03-01 06:00:00,6509.059964308162,6000.0,144,0,0.0,1.8189894035458565e-12,2025-02-28,2025-02-28
2025-03-01,6,2025-03-01 06:00:00,2025-03-01 06:10:00,2025-03-02 06:00:00,2025-03-01 12:00:00,9751.567759259258,6000.0,144,36,0.0,5.229594535194337e-12,2025-02-28,2025-02-28
2025-03-01,12,2025-03-01 12:00:00,2025-03-01 12:10:00,2025-03-02 12:00:00,2025-03-01 18:00:00,10800.0,6000.0,144,72,0.0,4.547473508864641e-13,2025-02-28,2025-02-28
2025-03-01,18,2025-03-01 18:00:00,2025-03-01 18:10:00,2025-03-02 18:00:00,2025-03-02 00:00:00,10000.10982993345,6000.0,144,108,0.0,2.874003257602453e-10,2025-02-28,2025-02-28
2025-03-02,0,2025-03-02 00:00:00,2025-03-02 00:10:00,2025-03-03 00:00:00,2025-03-02 06:00:00,6337.687604292533,6000.0,144,0,0.0,9.094947017729282e-13,2025-03-01,2025-02-28
2025-03-02,6,2025-03-02 06:00:00,2025-03-02 06:10:00,2025-03-03 06:00:00,2025-03-02 12:00:00,9966.602158564814,6000.0,144,36,6.440187568094042e-16,8.86757334228605e-12,2025-03-01,2025-02-28
2025-03-02,12,2025-03-02 12:00:00,2025-03-02 12:10:00,2025-03-03 12:00:00,2025-03-02 18:00:00,8747.84153997483,6000.0,144,72,0.0,1.6499370758538134e-09,2025-03-01,2025-02-28
2025-03-02,18,2025-03-02 18:00:00,2025-03-02 18:10:00,2025-03-03 18:00:00,2025-03-03 00:00:00,10686.812979861112,6000.0,144,108,0.0,1.2505552149377763e-12,2025-03-01,2025-02-28
2025-03-03,0,2025-03-03 00:00:00,2025-03-03 00:10:00,2025-03-04 00:00:00,2025-03-03 06:00:00,5970.93126568258,6000.0,144,0,0.0,9.094947017729282e-13,2025-03-02,2025-02-28
2025-03-03,6,2025-03-03 06:00:00,2025-03-03 06:10:00,2025-03-04 06:00:00,2025-03-03 12:00:00,9925.278862123843,6000.0,144,36,6.498986248917326e-16,4.831690603168681e-12,2025-03-02,2025-02-28
2025-03-03,12,2025-03-03 12:00:00,2025-03-03 12:10:00,2025-03-04 12:00:00,2025-03-03 18:00:00,8807.858158408419,6000.0,144,72,0.0,1.8189894035458565e-12,2025-03-02,2025-02-28
2025-03-03,18,2025-03-03 18:00:00,2025-03-03 18:10:00,2025-03-04 18:00:00,2025-03-04 00:00:00,10800.0,6000.0,144,108,0.0,5.9117155615240335e-12,2025-03-02,2025-02-28
2025-03-04,0,2025-03-04 00:00:00,2025-03-04 00:10:00,2025-03-05 00:00:00,2025-03-04 06:00:00,5972.198820216434,6000.0,144,0,1.5812772641625488e-16,7.16227077646181e-12,2025-03-03,2025-02-28
2025-03-04,6,2025-03-04 06:00:00,2025-03-04 06:10:00,2025-03-05 06:00:00,2025-03-04 12:00:00,9965.590541087962,6000.0,144,36,1.2803304639322675e-15,4.774847184307873e-12,2025-03-03,2025-02-28
2025-03-04,12,2025-03-04 12:00:00,2025-03-04 12:10:00,2025-03-05 12:00:00,2025-03-04 18:00:00,8241.65671556168,6000.0,144,72,4.025791071686871e-16,7.048583938740194e-12,2025-03-03,2025-02-28
2025-03-04,18,2025-03-04 18:00:00,2025-03-04 18:10:00,2025-03-05 18:00:00,2025-03-05 00:00:00,10800.0,6000.0,144,108,2.1576237513714682e-16,1.1823431123048067e-11,2025-03-03,2025-02-28
2025-03-05,0,2025-03-05 00:00:00,2025-03-05 00:10:00,2025-03-06 00:00:00,2025-03-05 06:00:00,5959.4105766203675,6000.0,144,0,0.0,9.094947017729282e-13,2025-03-04,2025-02-28
2025-03-05,6,2025-03-05 06:00:00,2025-03-05 06:10:00,2025-03-06 06:00:00,2025-03-05 12:00:00,9893.661570211229,6000.0,144,36,7.083464184146012e-16,1.0606981959426776e-10,2025-03-04,2025-02-28
2025-03-05,12,2025-03-05 12:00:00,2025-03-05 12:10:00,2025-03-06 12:00:00,2025-03-05 18:00:00,9235.748036732979,6000.0,144,72,0.0,7.275957614183426e-12,2025-03-04,2025-02-28
2025-03-05,18,2025-03-05 18:00:00,2025-03-05 18:10:00,2025-03-06 18:00:00,2025-03-06 00:00:00,10800.0,6000.0,144,108,0.0,1.1368683772161603e-12,2025-03-04,2025-02-28
2025-03-06,0,2025-03-06 00:00:00,2025-03-06 00:10:00,2025-03-07 00:00:00,2025-03-06 06:00:00,6189.616259845777,6000.0,144,0,0.0,9.777068044058979e-12,2025-03-05,2025-02-28
2025-03-06,6,2025-03-06 06:00:00,2025-03-06 06:10:00,2025-03-07 06:00:00,2025-03-06 12:00:00,9971.650187355324,6000.0,144,36,0.0,3.907985046680551e-12,2025-03-05,2025-02-28
2025-03-06,12,2025-03-06 12:00:00,2025-03-06 12:10:00,2025-03-07 12:00:00,2025-03-06 18:00:00,8037.381769783809,6000.0,144,72,0.0,9.094947017729282e-13,2025-03-05,2025-02-28
2025-03-06,18,2025-03-06 18:00:00,2025-03-06 18:10:00,2025-03-07 18:00:00,2025-03-07 00:00:00,10699.34702026823,6000.0,144,108,0.0,9.094947017729282e-13,2025-03-05,2025-02-28
2025-03-07,0,2025-03-07 00:00:00,2025-03-07 00:10:00,2025-03-08 00:00:00,2025-03-07 06:00:00,6140.690802198496,6000.0,144,0,0.0,7.16227077646181e-12,2025-03-06,2025-02-28
2025-03-07,6,2025-03-07 06:00:00,2025-03-07 06:10:00,2025-03-08 06:00:00,2025-03-07 12:00:00,6490.748556343464,6000.0,144,36,0.0,1.3642420526593924e-12,2025-03-06,2025-02-28
2025-03-07,12,2025-03-07 12:00:00,2025-03-07 12:10:00,2025-03-08 12:00:00,2025-03-07 18:00:00,10800.0,6000.0,144,72,0.0,3.524291969370097e-12,2025-03-06,2025-02-28
2025-03-07,18,2025-03-07 18:00:00,2025-03-07 18:10:00,2025-03-08 18:00:00,2025-03-08 00:00:00,9959.828958058451,6000.0,144,108,0.0,1.3642420526593924e-12,2025-03-06,2025-02-28
2025-03-08,0,2025-03-08 00:00:00,2025-03-08 00:10:00,2025-03-09 00:00:00,2025-03-08 06:00:00,6419.099459840713,6000.0,144,0,0.0,9.094947017729282e-13,2025-03-07,2025-02-28
2025-03-08,6,2025-03-08 06:00:00,2025-03-08 06:10:00,2025-03-09 06:00:00,2025-03-08 12:00:00,5698.249887037037,6000.0,144,36,0.0,1.7962520360015333e-11,2025-03-07,2025-02-28
2025-03-08,12,2025-03-08 12:00:00,2025-03-08 12:10:00,2025-03-09 12:00:00,2025-03-08 18:00:00,10769.845291851854,6000.0,144,72,0.0,4.160938260611147e-11,2025-03-07,2025-02-28
2025-03-08,18,2025-03-08 18:00:00,2025-03-08 18:10:00,2025-03-09 18:00:00,2025-03-09 00:00:00,9979.127426268322,6000.0,144,108,0.0,9.094947017729282e-13,2025-03-07,2025-02-28
2025-03-09,0,2025-03-09 00:00:00,2025-03-09 00:10:00,2025-03-10 00:00:00,2025-03-09 06:00:00,6424.974077438896,6000.0,144,0,0.0,4.433786671143025e-12,2025-03-08,2025-02-28
2025-03-09,6,2025-03-09 06:00:00,2025-03-09 06:10:00,2025-03-10 06:00:00,2025-03-09 12:00:00,9932.409259259259,6000.0,144,36,0.0,3.069544618483633e-12,2025-03-08,2025-02-28
2025-03-09,12,2025-03-09 12:00:00,2025-03-09 12:10:00,2025-03-10 12:00:00,2025-03-09 18:00:00,7233.681015046103,6000.0,144,72,3.6231945229380043e-16,3.3651303965598345e-11,2025-03-08,2025-02-28
2025-03-09,18,2025-03-09 18:00:00,2025-03-09 18:10:00,2025-03-10 18:00:00,2025-03-10 00:00:00,10800.0,6000.0,144,108,0.0,1.8189894035458565e-12,2025-03-08,2025-02-28
2025-03-10,0,2025-03-10 00:00:00,2025-03-10 00:10:00,2025-03-11 00:00:00,2025-03-10 06:00:00,6154.119983755062,6000.0,144,0,1.6438425121384406e-16,3.865352482534945e-12,2025-03-09,2025-02-28
2025-03-10,6,2025-03-10 06:00:00,2025-03-10 06:10:00,2025-03-11 06:00:00,2025-03-10 12:00:00,9946.433559751158,6000.0,144,36,0.0,1.2538521332317032e-09,2025-03-09,2025-02-28
2025-03-10,12,2025-03-10 12:00:00,2025-03-10 12:10:00,2025-03-11 12:00:00,2025-03-10 18:00:00,6965.783077931811,6000.0,144,72,1.2977458360347701e-15,1.0269332051393576e-09,2025-03-09,2025-02-28
2025-03-10,18,2025-03-10 18:00:00,2025-03-10 18:10:00,2025-03-11 18:00:00,2025-03-11 00:00:00,10785.312750651043,6000.0,144,108,0.0,1.8189894035458565e-12,2025-03-09,2025-02-28
2025-03-11,0,2025-03-11 00:00:00,2025-03-11 00:10:00,2025-03-12 00:00:00,2025-03-11 06:00:00,6065.123945008535,6000.0,144,0,0.0,2.7284841053187847e-12,2025-03-10,2025-02-28
2025-03-11,6,2025-03-11 06:00:00,2025-03-11 06:10:00,2025-03-12 06:00:00,2025-03-11 12:00:00,9978.182427662037,6000.0,144,36,0.0,1.4097167877480388e-11,2025-03-10,2025-02-28
2025-03-11,12,2025-03-11 12:00:00,2025-03-11 12:10:00,2025-03-12 12:00:00,2025-03-11 18:00:00,7673.453570485921,6000.0,144,72,0.0,1.8189894035458565e-12,2025-03-10,2025-02-28
2025-03-11,18,2025-03-11 18:00:00,2025-03-11 18:10:00,2025-03-12 18:00:00,2025-03-12 00:00:00,10800.0,6000.0,144,108,0.0,2.6147972675971687e-12,2025-03-10,2025-02-28
2025-03-12,0,2025-03-12 00:00:00,2025-03-12 00:10:00,2025-03-13 00:00:00,2025-03-12 06:00:00,6414.057060398585,6000.0,144,0,0.0,2.3874235921539366e-12,2025-03-11,2025-02-28
2025-03-12,6,2025-03-12 06:00:00,2025-03-12 06:10:00,2025-03-13 06:00:00,2025-03-12 12:00:00,9943.668381409143,6000.0,144,36,7.3498078056434845e-16,9.094947017729282e-13,2025-03-11,2025-02-28
2025-03-12,12,2025-03-12 12:00:00,2025-03-12 12:10:00,2025-03-13 12:00:00,2025-03-12 18:00:00,8935.655641631367,6000.0,144,72,0.0,2.1259438653942198e-11,2025-03-11,2025-02-28
2025-03-12,18,2025-03-12 18:00:00,2025-03-12 18:10:00,2025-03-13 18:00:00,2025-03-13 00:00:00,10770.79277416088,6000.0,144,108,0.0,4.547473508864641e-13,2025-03-11,2025-02-28
2025-03-13,0,2025-03-13 00:00:00,2025-03-13 00:10:00,2025-03-14 00:00:00,2025-03-13 06:00:00,6032.558687871529,6000.0,144,0,0.0,3.524291969370097e-12,2025-03-12,2025-02-28
2025-03-13,6,2025-03-13 06:00:00,2025-03-13 06:10:00,2025-03-14 06:00:00,2025-03-13 12:00:00,9894.984113136574,6000.0,144,36,0.0,9.094947017729282e-13,2025-03-12,2025-02-28
2025-03-13,12,2025-03-13 12:00:00,2025-03-13 12:10:00,2025-03-14 12:00:00,2025-03-13 18:00:00,8759.860182395347,6000.0,144,72,6.278527942212449e-16,9.663381206337363e-12,2025-03-12,2025-02-28
2025-03-13,18,2025-03-13 18:00:00,2025-03-13 18:10:00,2025-03-14 18:00:00,2025-03-14 00:00:00,10800.0,6000.0,144,108,0.0,3.865352482534945e-12,2025-03-12,2025-02-28
2025-03-14,0,2025-03-14 00:00:00,2025-03-14 00:10:00,2025-03-15 00:00:00,2025-03-14 06:00:00,6044.873260697772,6000.0,144,0,0.0,1.8189894035458565e-12,2025-03-13,2025-02-28
2025-03-14,6,2025-03-14 06:00:00,2025-03-14 06:10:00,2025-03-15 06:00:00,2025-03-14 12:00:00,5383.653696479747,6000.0,144,36,0.0,2.6147972675971687e-12,2025-03-13,2025-02-28
2025-03-14,12,2025-03-14 12:00:00,2025-03-14 12:10:00,2025-03-15 12:00:00,2025-03-14 18:00:00,10800.0,6000.0,144,72,0.0,9.094947017729282e-13,2025-03-13,2025-02-28
2025-03-14,18,2025-03-14 18:00:00,2025-03-14 18:10:00,2025-03-15 18:00:00,2025-03-15 00:00:00,9929.998489033562,6000.0,144,108,0.0,1.8189894035458565e-12,2025-03-13,2025-02-28
2025-03-15,0,2025-03-15 00:00:00,2025-03-15 00:10:00,2025-03-16 00:00:00,2025-03-15 06:00:00,6567.651977979888,6000.0,144,0,0.0,2.9558577807620168e-12,2025-03-14,2025-02-28
2025-03-15,6,2025-03-15 06:00:00,2025-03-15 06:10:00,2025-03-16 06:00:00,2025-03-15 12:00:00,5156.0752257934055,6000.0,144,36,0.0,1.572815951552305e-12,2025-03-14,2025-02-28
2025-03-15,12,2025-03-15 12:00:00,2025-03-15 12:10:00,2025-03-16 12:00:00,2025-03-15 18:00:00,8859.77911375637,6000.0,144,72,0.0,4.547473508864641e-13,2025-03-14,2025-02-28
2025-03-15,18,2025-03-15 18:00:00,2025-03-15 18:10:00,2025-03-16 18:00:00,2025-03-16 00:00:00,10078.950254644096,6000.0,144,108,0.0,2.9558577807620168e-12,2025-03-14,2025-02-28
2025-03-16,0,2025-03-16 00:00:00,2025-03-16 00:10:00,2025-03-17 00:00:00,2025-03-16 06:00:00,6107.876455009692,6000.0,144,0,0.0,4.661160346586257e-12,2025-03-15,2025-02-28
2025-03-16,6,2025-03-16 06:00:00,2025-03-16 06:10:00,2025-03-17 06:00:00,2025-03-16 12:00:00,9863.536451605903,6000.0,144,36,0.0,2.9558577807620168e-12,2025-03-15,2025-02-28
2025-03-16,12,2025-03-16 12:00:00,2025-03-16 12:10:00,2025-03-17 12:00:00,2025-03-16 18:00:00,6877.162815,6000.0,144,72,0.0,1.8189894035458565e-12,2025-03-15,2025-02-28
2025-03-16,18,2025-03-16 18:00:00,2025-03-16 18:10:00,2025-03-17 18:00:00,2025-03-17 00:00:00,10790.59052806713,6000.0,144,108,0.0,7.389644451905042e-12,2025-03-15,2025-02-28
2025-03-17,0,2025-03-17 00:00:00,2025-03-17 00:10:00,2025-03-18 00:00:00,2025-03-17 06:00:00,6559.723966584924,6000.0,144,0,0.0,4.433786671143025e-12,2025-03-16,2025-02-28
2025-03-17,6,2025-03-17 06:00:00,2025-03-17 06:10:00,2025-03-18 06:00:00,2025-03-17 12:00:00,9927.218518518519,6000.0,144,36,0.0,1.8189894035458565e-12,2025-03-16,2025-02-28
2025-03-17,12,2025-03-17 12:00:00,2025-03-17 12:10:00,2025-03-18 12:00:00,2025-03-17 18:00:00,7598.206803686346,6000.0,144,72,3.231993931087589e-16,6.8098415795248e-10,2025-03-16,2025-02-28
2025-03-17,18,2025-03-17 18:00:00,2025-03-17 18:10:00,2025-03-18 18:00:00,2025-03-18 00:00:00,10800.0,6000.0,144,108,0.0,6.252776074688882e-12,2025-03-16,2025-02-28
2025-03-18,0,2025-03-18 00:00:00,2025-03-18 00:10:00,2025-03-19 00:00:00,2025-03-18 06:00:00,6338.846352597511,6000.0,144,0,0.0,9.094947017729282e-13,2025-03-17,2025-02-28
2025-03-18,6,2025-03-18 06:00:00,2025-03-18 06:10:00,2025-03-19 06:00:00,2025-03-18 12:00:00,9927.711111111112,6000.0,144,36,0.0,2.3078428057488054e-11,2025-03-17,2025-02-28
2025-03-18,12,2025-03-18 12:00:00,2025-03-18 12:10:00,2025-03-19 12:00:00,2025-03-18 18:00:00,10320.606550453125,6000.0,144,72,0.0,1.1823431123048067e-11,2025-03-17,2025-02-28
2025-03-18,18,2025-03-18 18:00:00,2025-03-18 18:10:00,2025-03-19 18:00:00,2025-03-19 00:00:00,10800.0,6000.0,144,108,1.624653669278177e-16,9.094947017729282e-13,2025-03-17,2025-02-28
2025-03-19,0,2025-03-19 00:00:00,2025-03-19 00:10:00,2025-03-20 00:00:00,2025-03-19 06:00:00,6359.624465427664,6000.0,144,0,0.0,9.094947017729282e-13,2025-03-18,2025-02-28
2025-03-19,6,2025-03-19 06:00:00,2025-03-19 06:10:00,2025-03-20 06:00:00,2025-03-19 12:00:00,9877.171900000001,6000.0,144,36,0.0,9.094947017729282e-13,2025-03-18,2025-02-28
2025-03-19,12,2025-03-19 12:00:00,2025-03-19 12:10:00,2025-03-20 12:00:00,2025-03-19 18:00:00,7031.7556360315875,6000.0,144,72,0.0,4.092726157978177e-12,2025-03-18,2025-02-28
2025-03-19,18,2025-03-19 18:00:00,2025-03-19 18:10:00,2025-03-20 18:00:00,2025-03-20 00:00:00,10800.0,6000.0,144,108,3.014698818883479e-16,5.229594535194337e-12,2025-03-18,2025-02-28
2025-03-20,0,2025-03-20 00:00:00,2025-03-20 00:10:00,2025-03-21 00:00:00,2025-03-20 06:00:00,6476.258600319159,6000.0,144,0,0.0,5.684341886080801e-13,2025-03-19,2025-02-28
2025-03-20,6,2025-03-20 06:00:00,2025-03-20 06:10:00,2025-03-21 06:00:00,2025-03-20 12:00:00,9821.18400996803,6000.0,144,36,7.204629541684825e-16,5.487578917407754e-12,2025-03-19,2025-02-28
2025-03-20,12,2025-03-20 12:00:00,2025-03-20 12:10:00,2025-03-21 12:00:00,2025-03-20 18:00:00,6459.603691179687,6000.0,144,72,0.0,9.094947017729282e-13,2025-03-19,2025-02-28
2025-03-20,18,2025-03-20 18:00:00,2025-03-20 18:10:00,2025-03-21 18:00:00,2025-03-21 00:00:00,10800.0,6000.0,144,108,0.0,9.094947017729282e-13,2025-03-19,2025-02-28
2025-03-21,0,2025-03-21 00:00:00,2025-03-21 00:10:00,2025-03-22 00:00:00,2025-03-21 06:00:00,6160.234169868924,6000.0,144,0,0.0,1.1368683772161603e-12,2025-03-20,2025-02-28
2025-03-21,6,2025-03-21 06:00:00,2025-03-21 06:10:00,2025-03-22 06:00:00,2025-03-21 12:00:00,4472.314539234328,6000.0,144,36,0.0,9.094947017729282e-13,2025-03-20,2025-02-28
2025-03-21,12,2025-03-21 12:00:00,2025-03-21 12:10:00,2025-03-22 12:00:00,2025-03-21 18:00:00,10800.0,6000.0,144,72,0.0,9.094947017729282e-13,2025-03-20,2025-02-28
2025-03-21,18,2025-03-21 18:00:00,2025-03-21 18:10:00,2025-03-22 18:00:00,2025-03-22 00:00:00,10043.992989737657,6000.0,144,108,0.0,2.9558577807620168e-12,2025-03-20,2025-02-28
2025-03-22,0,2025-03-22 00:00:00,2025-03-22 00:10:00,2025-03-23 00:00:00,2025-03-22 06:00:00,6293.480582808838,6000.0,144,0,0.0,9.094947017729282e-13,2025-03-21,2025-02-28
2025-03-22,6,2025-03-22 06:00:00,2025-03-22 06:10:00,2025-03-23 06:00:00,2025-03-22 12:00:00,5248.634198184895,6000.0,144,36,0.0,2.3874235921539366e-12,2025-03-21,2025-02-28
2025-03-22,12,2025-03-22 12:00:00,2025-03-22 12:10:00,2025-03-23 12:00:00,2025-03-22 18:00:00,10800.0,6000.0,144,72,0.0,9.094947017729282e-13,2025-03-21,2025-02-28
2025-03-22,18,2025-03-22 18:00:00,2025-03-22 18:10:00,2025-03-23 18:00:00,2025-03-23 00:00:00,10178.729579195606,6000.0,144,108,0.0,1.8189894035458565e-12,2025-03-21,2025-02-28
2025-03-23,0,2025-03-23 00:00:00,2025-03-23 00:10:00,2025-03-24 00:00:00,2025-03-23 06:00:00,6741.9022213894705,6000.0,144,0,0.0,2.3874235921539366e-12,2025-03-22,2025-02-28
2025-03-23,6,2025-03-23 06:00:00,2025-03-23 06:10:00,2025-03-24 06:00:00,2025-03-23 12:00:00,9926.746298755786,6000.0,144,36,0.0,1.2126633919251617e-08,2025-03-22,2025-02-28
2025-03-23,12,2025-03-23 12:00:00,2025-03-23 12:10:00,2025-03-24 12:00:00,2025-03-23 18:00:00,8512.667072808063,6000.0,144,72,0.0,9.094947017729282e-13,2025-03-22,2025-02-28
2025-03-23,18,2025-03-23 18:00:00,2025-03-23 18:10:00,2025-03-24 18:00:00,2025-03-24 00:00:00,10771.918737432485,6000.0,144,108,0.0,1.8189894035458565e-12,2025-03-22,2025-02-28
2025-03-24,0,2025-03-24 00:00:00,2025-03-24 00:10:00,2025-03-25 00:00:00,2025-03-24 06:00:00,6264.632753735193,6000.0,144,0,0.0,3.524291969370097e-12,2025-03-23,2025-02-28
2025-03-24,6,2025-03-24 06:00:00,2025-03-24 06:10:00,2025-03-25 06:00:00,2025-03-24 12:00:00,9873.15012037037,6000.0,144,36,0.0,1.2494183465605602e-10,2025-03-23,2025-02-28
2025-03-24,12,2025-03-24 12:00:00,2025-03-24 12:10:00,2025-03-25 12:00:00,2025-03-24 18:00:00,8765.495509539835,6000.0,144,72,0.0,7.196376827778295e-11,2025-03-23,2025-02-28
2025-03-24,18,2025-03-24 18:00:00,2025-03-24 18:10:00,2025-03-25 18:00:00,2025-03-25 00:00:00,10800.0,6000.0,144,108,0.0,3.751665644813329e-12,2025-03-23,2025-02-28
2025-03-25,0,2025-03-25 00:00:00,2025-03-25 00:10:00,2025-03-26 00:00:00,2025-03-25 06:00:00,6385.49677033232,6000.0,144,0,0.0,9.094947017729282e-13,2025-03-24,2025-02-28
2025-03-25,6,2025-03-25 06:00:00,2025-03-25 06:10:00,2025-03-26 06:00:00,2025-03-25 12:00:00,9884.254920187113,6000.0,144,36,0.0,1.000444171950221e-11,2025-03-24,2025-02-28
2025-03-25,12,2025-03-25 12:00:00,2025-03-25 12:10:00,2025-03-26 12:00:00,2025-03-25 18:00:00,9450.907633017454,6000.0,144,72,5.182084451715794e-16,3.296918293926865e-12,2025-03-24,2025-02-28
2025-03-25,18,2025-03-25 18:00:00,2025-03-25 18:10:00,2025-03-26 18:00:00,2025-03-26 00:00:00,10800.0,6000.0,144,108,0.0,1.8189894035458565e-12,2025-03-24,2025-02-28
2025-03-26,0,2025-03-26 00:00:00,2025-03-26 00:10:00,2025-03-27 00:00:00,2025-03-26 06:00:00,6161.029898968175,6000.0,144,0,0.0,9.094947017729282e-13,2025-03-25,2025-02-28
2025-03-26,6,2025-03-26 06:00:00,2025-03-26 06:10:00,2025-03-27 06:00:00,2025-03-26 12:00:00,9890.9055857446,6000.0,144,36,0.0,1.2732925824820995e-11,2025-03-25,2025-02-28
2025-03-26,12,2025-03-26 12:00:00,2025-03-26 12:10:00,2025-03-27 12:00:00,2025-03-26 18:00:00,8170.8343513711425,6000.0,144,72,0.0,5.551267440309512e-12,2025-03-25,2025-02-28
2025-03-26,18,2025-03-26 18:00:00,2025-03-26 18:10:00,2025-03-27 18:00:00,2025-03-27 00:00:00,10800.0,6000.0,144,108,0.0,6.480149750132114e-12,2025-03-25,2025-02-28
2025-03-27,0,2025-03-27 00:00:00,2025-03-27 00:10:00,2025-03-28 00:00:00,2025-03-27 06:00:00,6342.503583312016,6000.0,144,0,0.0,7.958078640513122e-13,2025-03-26,2025-02-28
2025-03-27,6,2025-03-27 06:00:00,2025-03-27 06:10:00,2025-03-28 06:00:00,2025-03-27 12:00:00,9844.405954411317,6000.0,144,36,6.554798870550499e-16,7.310063665499911e-11,2025-03-26,2025-02-28
2025-03-27,12,2025-03-27 12:00:00,2025-03-27 12:10:00,2025-03-28 12:00:00,2025-03-27 18:00:00,9222.04636578627,6000.0,144,72,9.227011999154678e-16,9.208633855450898e-12,2025-03-26,2025-02-28
2025-03-27,18,2025-03-27 18:00:00,2025-03-27 18:10:00,2025-03-28 18:00:00,2025-03-28 00:00:00,10800.0,6000.0,144,108,0.0,9.43600753089413e-12,2025-03-26,2025-02-28
2025-03-28,0,2025-03-28 00:00:00,2025-03-28 00:10:00,2025-03-29 00:00:00,2025-03-28 06:00:00,6233.381908008875,6000.0,144,0,0.0,1.1709744285326451e-11,2025-03-27,2025-02-28
2025-03-28,6,2025-03-28 06:00:00,2025-03-28 06:10:00,2025-03-29 06:00:00,2025-03-28 12:00:00,5640.88919684592,6000.0,144,36,0.0,2.2168933355715126e-11,2025-03-27,2025-02-28
2025-03-28,12,2025-03-28 12:00:00,2025-03-28 12:10:00,2025-03-29 12:00:00,2025-03-28 18:00:00,10800.0,6000.0,144,72,0.0,1.8951595848193392e-10,2025-03-27,2025-02-28
2025-03-28,18,2025-03-28 18:00:00,2025-03-28 18:10:00,2025-03-29 18:00:00,2025-03-29 00:00:00,10036.474269241899,6000.0,144,108,2.608489272016474e-16,5.002220859751105e-12,2025-03-27,2025-02-28
2025-03-29,0,2025-03-29 00:00:00,2025-03-29 00:10:00,2025-03-30 00:00:00,2025-03-29 06:00:00,6525.685058850984,6000.0,144,0,0.0,9.094947017729282e-13,2025-03-28,2025-02-28
2025-03-29,6,2025-03-29 06:00:00,2025-03-29 06:10:00,2025-03-30 06:00:00,2025-03-29 12:00:00,4969.116850493873,6000.0,144,36,0.0,2.3874235921539366e-12,2025-03-28,2025-02-28
2025-03-29,12,2025-03-29 12:00:00,2025-03-29 12:10:00,2025-03-30 12:00:00,2025-03-29 18:00:00,10800.0,6000.0,144,72,0.0,1.8189894035458565e-12,2025-03-28,2025-02-28
2025-03-29,18,2025-03-29 18:00:00,2025-03-29 18:10:00,2025-03-30 18:00:00,2025-03-30 00:00:00,10147.40777944155,6000.0,144,108,0.0,4.547473508864641e-13,2025-03-28,2025-02-28
2025-03-30,0,2025-03-30 00:00:00,2025-03-30 00:10:00,2025-03-31 00:00:00,2025-03-30 06:00:00,6686.257009201969,6000.0,144,0,0.0,6.139089236967266e-12,2025-03-29,2025-02-28
2025-03-30,6,2025-03-30 06:00:00,2025-03-30 06:10:00,2025-03-31 06:00:00,2025-03-30 12:00:00,9954.277314814815,6000.0,144,36,1.4985170938346005e-15,1.8189894035458565e-12,2025-03-29,2025-02-28
2025-03-30,12,2025-03-30 12:00:00,2025-03-30 12:10:00,2025-03-31 12:00:00,2025-03-30 18:00:00,8495.868413226273,6000.0,144,72,2.969477665913497e-16,1.0913936421275139e-11,2025-03-29,2025-02-28
2025-03-30,18,2025-03-30 18:00:00,2025-03-30 18:10:00,2025-03-31 18:00:00,2025-03-31 00:00:00,10800.0,6000.0,144,108,0.0,2.3874235921539366e-12,2025-03-29,2025-02-28
2025-03-31,0,2025-03-31 00:00:00,2025-03-31 00:10:00,2025-04-01 00:00:00,2025-03-31 06:00:00,6343.089357674917,6000.0,144,0,0.0,1.8189894035458565e-12,2025-03-30,2025-02-28
2025-03-31,6,2025-03-31 06:00:00,2025-03-31 06:10:00,2025-04-01 06:00:00,2025-03-31 12:00:00,9690.511850906205,6000.0,144,36,0.0,2.0463630789890885e-12,2025-03-30,2025-02-28
2025-03-31,12,2025-03-31 12:00:00,2025-03-31 12:10:00,2025-04-01 12:00:00,2025-03-31 18:00:00,8859.414122599492,6000.0,144,72,5.590310825000938e-16,3.012701199622825e-11,2025-03-30,2025-02-28
2025-03-31,18,2025-03-31 18:00:00,2025-03-31 18:10:00,2025-04-01 18:00:00,2025-04-01 00:00:00,10737.59926155826,6000.0,144,108,0.0,3.524291969370097e-12,2025-03-30,2025-02-28
2025-04-01,0,2025-04-01 00:00:00,2025-04-01 00:10:00,2025-04-02 00:00:00,2025-04-01 06:00:00,6642.529108843215,6000.0,144,0,0.0,9.094947017729282e-13,2025-03-31,2025-03-31
2025-04-01,6,2025-04-01 06:00:00,2025-04-01 06:10:00,2025-04-02 06:00:00,2025-04-01 12:00:00,9676.599912927031,6000.0,144,36,6.581301475754311e-16,8.185452315956354e-12,2025-03-31,2025-03-31
2025-04-01,12,2025-04-01 12:00:00,2025-04-01 12:10:00,2025-04-02 12:00:00,2025-04-01 18:00:00,10364.056157623936,6000.0,144,72,0.0,1.8530954548623413e-11,2025-03-31,2025-03-31
2025-04-01,18,2025-04-01 18:00:00,2025-04-01 18:10:00,2025-04-02 18:00:00,2025-04-02 00:00:00,10759.902893740355,6000.0,144,108,0.0,1.7394086171407253e-11,2025-03-31,2025-03-31
2025-04-02,0,2025-04-02 00:00:00,2025-04-02 00:10:00,2025-04-03 00:00:00,2025-04-02 06:00:00,6326.662616991318,6000.0,144,0,0.0,3.035438567167148e-11,2025-04-01,2025-03-31
2025-04-02,6,2025-04-02 06:00:00,2025-04-02 06:10:00,2025-04-03 06:00:00,2025-04-02 12:00:00,9897.497301210462,6000.0,144,36,1.834820782784257e-15,1.3642420526593924e-12,2025-04-01,2025-03-31
2025-04-02,12,2025-04-02 12:00:00,2025-04-02 12:10:00,2025-04-03 12:00:00,2025-04-02 18:00:00,9367.136324976138,6000.0,144,72,1.4795605701430363e-15,7.617018127348274e-12,2025-04-01,2025-03-31
2025-04-02,18,2025-04-02 18:00:00,2025-04-02 18:10:00,2025-04-03 18:00:00,2025-04-03 00:00:00,10798.328252719908,6000.0,144,108,3.2065037003077837e-16,9.094947017729282e-13,2025-04-01,2025-03-31
2025-04-03,0,2025-04-03 00:00:00,2025-04-03 00:10:00,2025-04-04 00:00:00,2025-04-03 06:00:00,6266.2070942106475,6000.0,144,0,0.0,8.185452315956354e-12,2025-04-02,2025-03-31
2025-04-03,6,2025-04-03 06:00:00,2025-04-03 06:10:00,2025-04-04 06:00:00,2025-04-03 12:00:00,9933.8375,6000.0,144,36,0.0,1.5688783605583012e-11,2025-04-02,2025-03-31
2025-04-03,12,2025-04-03 12:00:00,2025-04-03 12:10:00,2025-04-04 12:00:00,2025-04-03 18:00:00,10771.111542119452,6000.0,144,72,0.0,3.410605131648481e-13,2025-04-02,2025-03-31
2025-04-03,18,2025-04-03 18:00:00,2025-04-03 18:10:00,2025-04-04 18:00:00,2025-04-04 00:00:00,10792.486530121529,6000.0,144,108,3.6815580140493866e-16,4.547473508864641e-13,2025-04-02,2025-03-31
2025-04-04,0,2025-04-04 00:00:00,2025-04-04 00:10:00,2025-04-05 00:00:00,2025-04-04 06:00:00,6301.413420871674,6000.0,144,0,0.0,4.547473508864641e-13,2025-04-03,2025-03-31
2025-04-04,6,2025-04-04 06:00:00,2025-04-04 06:10:00,2025-04-05 06:00:00,2025-04-04 12:00:00,4693.780826126062,6000.0,144,36,0.0,1.8189894035458565e-12,2025-04-03,2025-03-31
2025-04-04,12,2025-04-04 12:00:00,2025-04-04 12:10:00,2025-04-05 12:00:00,2025-04-04 18:00:00,10800.0,6000.0,144,72,0.0,1.057287590811029e-11,2025-04-03,2025-03-31
2025-04-04,18,2025-04-04 18:00:00,2025-04-04 18:10:00,2025-04-05 18:00:00,2025-04-05 00:00:00,10066.51118161169,6000.0,144,108,0.0,1.8189894035458565e-12,2025-04-03,2025-03-31
2025-04-05,0,2025-04-05 00:00:00,2025-04-05 00:10:00,2025-04-06 00:00:00,2025-04-05 06:00:00,6660.429572111691,6000.0,144,0,0.0,9.094947017729282e-13,2025-04-04,2025-03-31
2025-04-05,6,2025-04-05 06:00:00,2025-04-05 06:10:00,2025-04-06 06:00:00,2025-04-05 12:00:00,3214.1443358323713,6000.0,144,36,0.0,9.094947017729282e-13,2025-04-04,2025-03-31
2025-04-05,12,2025-04-05 12:00:00,2025-04-05 12:10:00,2025-04-06 12:00:00,2025-04-05 18:00:00,10800.0,6000.0,144,72,0.0,1.8189894035458565e-12,2025-04-04,2025-03-31
2025-04-05,18,2025-04-05 18:00:00,2025-04-05 18:10:00,2025-04-06 18:00:00,2025-04-06 00:00:00,9796.506755411121,6000.0,144,108,0.0,9.094947017729282e-13,2025-04-04,2025-03-31
2025-04-06,0,2025-04-06 00:00:00,2025-04-06 00:10:00,2025-04-07 00:00:00,2025-04-06 06:00:00,6023.334925838684,6000.0,144,0,0.0,5.9117155615240335e-12,2025-04-05,2025-03-31
2025-04-06,6,2025-04-06 06:00:00,2025-04-06 06:10:00,2025-04-07 06:00:00,2025-04-06 12:00:00,9742.630952405818,6000.0,144,36,0.0,1.4779288903810084e-12,2025-04-05,2025-03-31
2025-04-06,12,2025-04-06 12:00:00,2025-04-06 12:10:00,2025-04-07 12:00:00,2025-04-06 18:00:00,8046.910334998411,6000.0,144,72,0.0,1.0686562745831907e-11,2025-04-05,2025-03-31
2025-04-06,18,2025-04-06 18:00:00,2025-04-06 18:10:00,2025-04-07 18:00:00,2025-04-07 00:00:00,10800.0,6000.0,144,108,0.0,5.6843418860808015e-12,2025-04-05,2025-03-31
2025-04-07,0,2025-04-07 00:00:00,2025-04-07 00:10:00,2025-04-08 00:00:00,2025-04-07 06:00:00,6055.607131987557,6000.0,144,0,0.0,1.8189894035458565e-12,2025-04-06,2025-03-31
2025-04-07,6,2025-04-07 06:00:00,2025-04-07 06:10:00,2025-04-08 06:00:00,2025-04-07 12:00:00,10000.452314814815,6000.0,144,36,0.0,1.5347723092418164e-11,2025-04-06,2025-03-31
2025-04-07,12,2025-04-07 12:00:00,2025-04-07 12:10:00,2025-04-08 12:00:00,2025-04-07 18:00:00,8619.790274522427,6000.0,144,72,0.0,1.4665602066088468e-11,2025-04-06,2025-03-31
2025-04-07,18,2025-04-07 18:00:00,2025-04-07 18:10:00,2025-04-08 18:00:00,2025-04-08 00:00:00,10800.0,6000.0,144,108,0.0,1.8189894035458565e-12,2025-04-06,2025-03-31
2025-04-08,0,2025-04-08 00:00:00,2025-04-08 00:10:00,2025-04-09 00:00:00,2025-04-08 06:00:00,6546.676016958719,6000.0,144,0,0.0,2.9558577807620168e-12,2025-04-07,2025-03-31
2025-04-08,6,2025-04-08 06:00:00,2025-04-08 06:10:00,2025-04-09 06:00:00,2025-04-08 12:00:00,9956.61199395737,6000.0,144,36,0.0,1.4097167877480388e-11,2025-04-07,2025-03-31
2025-04-08,12,2025-04-08 12:00:00,2025-04-08 12:10:00,2025-04-09 12:00:00,2025-04-08 18:00:00,9266.84411971422,6000.0,144,72,0.0,8.29913915367797e-12,2025-04-07,2025-03-31
2025-04-08,18,2025-04-08 18:00:00,2025-04-08 18:10:00,2025-04-09 18:00:00,2025-04-09 00:00:00,10800.0,6000.0,144,108,0.0,2.7284841053187847e-12,2025-04-07,2025-03-31
2025-04-09,0,2025-04-09 00:00:00,2025-04-09 00:10:00,2025-04-10 00:00:00,2025-04-09 06:00:00,6197.332791567999,6000.0,144,0,0.0,9.094947017729282e-13,2025-04-08,2025-03-31
2025-04-09,6,2025-04-09 06:00:00,2025-04-09 06:10:00,2025-04-10 06:00:00,2025-04-09 12:00:00,9995.302777777777,6000.0,144,36,0.0,3.637978807091713e-12,2025-04-08,2025-03-31
2025-04-09,12,2025-04-09 12:00:00,2025-04-09 12:10:00,2025-04-10 12:00:00,2025-04-09 18:00:00,7910.2123900319275,6000.0,144,72,2.6486402392151665e-16,3.751665644813329e-12,2025-04-08,2025-03-31
2025-04-09,18,2025-04-09 18:00:00,2025-04-09 18:10:00,2025-04-10 18:00:00,2025-04-10 00:00:00,10800.0,6000.0,144,108,0.0,2.830802259268239e-11,2025-04-08,2025-03-31
2025-04-10,0,2025-04-10 00:00:00,2025-04-10 00:10:00,2025-04-11 00:00:00,2025-04-10 06:00:00,6420.314042077066,6000.0,144,0,0.0,3.183231456205249e-12,2025-04-09,2025-03-31
2025-04-10,6,2025-04-10 06:00:00,2025-04-10 06:10:00,2025-04-11 06:00:00,2025-04-10 12:00:00,9969.763425925927,6000.0,144,36,0.0,1.8189894035458565e-12,2025-04-09,2025-03-31
2025-04-10,12,2025-04-10 12:00:00,2025-04-10 12:10:00,2025-04-11 12:00:00,2025-04-10 18:00:00,7873.113878778448,6000.0,144,72,0.0,9.094947017729282e-13,2025-04-09,2025-03-31
2025-04-10,18,2025-04-10 18:00:00,2025-04-10 18:10:00,2025-04-11 18:00:00,2025-04-11 00:00:00,10800.0,6000.0,144,108,6.065627414458989e-16,6.821210263296962e-12,2025-04-09,2025-03-31
2025-04-11,0,2025-04-11 00:00:00,2025-04-11 00:10:00,2025-04-12 00:00:00,2025-04-11 06:00:00,6516.478560485823,6000.0,144,0,0.0,9.094947017729282e-13,2025-04-10,2025-03-31
2025-04-11,6,2025-04-11 06:00:00,2025-04-11 06:10:00,2025-04-12 06:00:00,2025-04-11 12:00:00,3444.2743935107533,6000.0,144,36,2.3393730314668086e-16,2.9558577807620168e-12,2025-04-10,2025-03-31
2025-04-11,12,2025-04-11 12:00:00,2025-04-11 12:10:00,2025-04-12 12:00:00,2025-04-11 18:00:00,10800.0,6000.0,144,72,2.8907080025170006e-16,2.871729520848021e-10,2025-04-10,2025-03-31
2025-04-11,18,2025-04-11 18:00:00,2025-04-11 18:10:00,2025-04-12 18:00:00,2025-04-12 00:00:00,9859.047674878468,6000.0,144,108,0.0,3.183231456205249e-12,2025-04-10,2025-03-31
2025-04-12,0,2025-04-12 00:00:00,2025-04-12 00:10:00,2025-04-13 00:00:00,2025-04-12 06:00:00,6383.3081830976535,6000.0,144,0,0.0,9.094947017729282e-13,2025-04-11,2025-03-31
2025-04-12,6,2025-04-12 06:00:00,2025-04-12 06:10:00,2025-04-13 06:00:00,2025-04-12 12:00:00,4045.015848416863,6000.0,144,36,0.0,4.092726157978177e-12,2025-04-11,2025-03-31
2025-04-12,12,2025-04-12 12:00:00,2025-04-12 12:10:00,2025-04-13 12:00:00,2025-04-12 18:00:00,10800.0,6000.0,144,72,0.0,1.1368683772161603e-13,2025-04-11,2025-03-31
2025-04-12,18,2025-04-12 18:00:00,2025-04-12 18:10:00,2025-04-13 18:00:00,2025-04-13 00:00:00,9997.791196310765,6000.0,144,108,0.0,3.410605131648481e-13,2025-04-11,2025-03-31
2025-04-13,0,2025-04-13 00:00:00,2025-04-13 00:10:00,2025-04-14 00:00:00,2025-04-13 06:00:00,6609.3947607283,6000.0,144,0,0.0,9.094947017729282e-13,2025-04-12,2025-03-31
2025-04-13,6,2025-04-13 06:00:00,2025-04-13 06:10:00,2025-04-14 06:00:00,2025-04-13 12:00:00,9941.12342898341,6000.0,144,36,0.0,1.8189894035458565e-12,2025-04-12,2025-03-31
2025-04-13,12,2025-04-13 12:00:00,2025-04-13 12:10:00,2025-04-14 12:00:00,2025-04-13 18:00:00,7677.758269848041,6000.0,144,72,3.631728674195982e-16,1.9099388737231493e-11,2025-04-12,2025-03-31
2025-04-13,18,2025-04-13 18:00:00,2025-04-13 18:10:00,2025-04-14 18:00:00,2025-04-14 00:00:00,10800.0,6000.0,144,108,3.240648347680431e-16,3.751665644813329e-12,2025-04-12,2025-03-31
2025-04-14,0,2025-04-14 00:00:00,2025-04-14 00:10:00,2025-04-15 00:00:00,2025-04-14 06:00:00,6487.121683409481,6000.0,144,0,0.0,3.865352482534945e-12,2025-04-13,2025-03-31
2025-04-14,6,2025-04-14 06:00:00,2025-04-14 06:10:00,2025-04-15 06:00:00,2025-04-14 12:00:00,9937.206959379822,6000.0,144,36,0.0,1.4547319348787425e-11,2025-04-13,2025-03-31
2025-04-14,12,2025-04-14 12:00:00,2025-04-14 12:10:00,2025-04-15 12:00:00,2025-04-14 18:00:00,9691.295644648388,6000.0,144,72,0.0,1.9078614318706425e-12,2025-04-13,2025-03-31
2025-04-14,18,2025-04-14 18:00:00,2025-04-14 18:10:00,2025-04-15 18:00:00,2025-04-15 00:00:00,10800.0,6000.0,144,108,3.555441401962189e-16,9.094947017729282e-13,2025-04-13,2025-03-31
2025-04-15,0,2025-04-15 00:00:00,2025-04-15 00:10:00,2025-04-16 00:00:00,2025-04-15 06:00:00,6217.011233666717,6000.0,144,0,0.0,1.8189894035458565e-12,2025-04-14,2025-03-31
2025-04-15,6,2025-04-15 06:00:00,2025-04-15 06:10:00,2025-04-16 06:00:00,2025-04-15 12:00:00,9792.68132878453,6000.0,144,36,0.0,4.092726157978177e-12,2025-04-14,2025-03-31
2025-04-15,12,2025-04-15 12:00:00,2025-04-15 12:10:00,2025-04-16 12:00:00,2025-04-15 18:00:00,9166.116322488237,6000.0,144,72,3.9166094391926186e-16,2.6147972675971687e-12,2025-04-14,2025-03-31
2025-04-15,18,2025-04-15 18:00:00,2025-04-15 18:10:00,2025-04-16 18:00:00,2025-04-16 00:00:00,10718.215475919751,6000.0,144,108,0.0,2.9558577807620168e-12,2025-04-14,2025-03-31
2025-04-16,0,2025-04-16 00:00:00,2025-04-16 00:10:00,2025-04-17 00:00:00,2025-04-16 06:00:00,6465.964822493782,6000.0,144,0,0.0,1.1368683772161603e-12,2025-04-15,2025-03-31
2025-04-16,6,2025-04-16 06:00:00,2025-04-16 06:10:00,2025-04-17 06:00:00,2025-04-16 12:00:00,9988.298148148147,6000.0,144,36,0.0,9.43600753089413e-12,2025-04-15,2025-03-31
2025-04-16,12,2025-04-16 12:00:00,2025-04-16 12:10:00,2025-04-17 12:00:00,2025-04-16 18:00:00,8773.869185666135,6000.0,144,72,5.883024079756808e-16,3.751665644813329e-12,2025-04-15,2025-03-31
2025-04-16,18,2025-04-16 18:00:00,2025-04-16 18:10:00,2025-04-17 18:00:00,2025-04-17 00:00:00,10800.0,6000.0,144,108,0.0,1.8189894035458565e-12,2025-04-15,2025-03-31
2025-04-17,0,2025-04-17 00:00:00,2025-04-17 00:10:00,2025-04-18 00:00:00,2025-04-17 06:00:00,6320.466213672022,6000.0,144,0,0.0,1.8189894035458565e-12,2025-04-16,2025-03-31
2025-04-17,6,2025-04-17 06:00:00,2025-04-17 06:10:00,2025-04-18 06:00:00,2025-04-17 12:00:00,9329.108333333332,6000.0,144,36,0.0,1.2960299500264227e-11,2025-04-16,2025-03-31
2025-04-17,12,2025-04-17 12:00:00,2025-04-17 12:10:00,2025-04-18 12:00:00,2025-04-17 18:00:00,8109.662083450231,6000.0,144,72,4.954898425628758e-16,1.3528733688872308e-11,2025-04-16,2025-03-31
2025-04-17,18,2025-04-17 18:00:00,2025-04-17 18:10:00,2025-04-18 18:00:00,2025-04-18 00:00:00,10800.0,6000.0,144,108,0.0,1.8189894035458565e-12,2025-04-16,2025-03-31
2025-04-18,0,2025-04-18 00:00:00,2025-04-18 00:10:00,2025-04-19 00:00:00,2025-04-18 06:00:00,6522.4689517673605,6000.0,144,0,0.0,1.1368683772161603e-12,2025-04-17,2025-03-31
2025-04-18,6,2025-04-18 06:00:00,2025-04-18 06:10:00,2025-04-19 06:00:00,2025-04-18 12:00:00,3377.701029535927,6000.0,144,36,0.0,2.3874235921539366e-12,2025-04-17,2025-03-31
2025-04-18,12,2025-04-18 12:00:00,2025-04-18 12:10:00,2025-04-19 12:00:00,2025-04-18 18:00:00,10800.0,6000.0,144,72,0.0,8.189999789465219e-10,2025-04-17,2025-03-31
2025-04-18,18,2025-04-18 18:00:00,2025-04-18 18:10:00,2025-04-19 18:00:00,2025-04-19 00:00:00,10095.41775925926,6000.0,144,108,2.8695903449506553e-16,1.8189894035458565e-12,2025-04-17,2025-03-31
2025-04-19,0,2025-04-19 00:00:00,2025-04-19 00:10:00,2025-04-20 00:00:00,2025-04-19 06:00:00,6770.2553136405795,6000.0,144,0,0.0,2.0691004465334117e-11,2025-04-18,2025-03-31
2025-04-19,6,2025-04-19 06:00:00,2025-04-19 06:10:00,2025-04-20 06:00:00,2025-04-19 12:00:00,3939.5379116882727,6000.0,144,36,0.0,9.094947017729282e-13,2025-04-18,2025-03-31
2025-04-19,12,2025-04-19 12:00:00,2025-04-19 12:10:00,2025-04-20 12:00:00,2025-04-19 18:00:00,10800.0,6000.0,144,72,0.0,3.410605131648481e-13,2025-04-18,2025-03-31
2025-04-19,18,2025-04-19 18:00:00,2025-04-19 18:10:00,2025-04-20 18:00:00,2025-04-20 00:00:00,10085.982537037038,6000.0,144,108,0.0,3.399236447876319e-11,2025-04-18,2025-03-31
2025-04-20,0,2025-04-20 00:00:00,2025-04-20 00:10:00,2025-04-21 00:00:00,2025-04-20 06:00:00,6486.150670873115,6000.0,144,0,0.0,1.8189894035458565e-12,2025-04-19,2025-03-31
2025-04-20,6,2025-04-20 06:00:00,2025-04-20 06:10:00,2025-04-21 06:00:00,2025-04-20 12:00:00,10017.611111111111,6000.0,144,36,7.074756183589542e-16,2.3874235921539366e-12,2025-04-19,2025-03-31
2025-04-20,12,2025-04-20 12:00:00,2025-04-20 12:10:00,2025-04-21 12:00:00,2025-04-20 18:00:00,7093.9782921117385,6000.0,144,72,0.0,1.3938006304670125e-10,2025-04-19,2025-03-31
2025-04-20,18,2025-04-20 18:00:00,2025-04-20 18:10:00,2025-04-21 18:00:00,2025-04-21 00:00:00,10800.0,6000.0,144,108,0.0,8.29913915367797e-12,2025-04-19,2025-03-31
2025-04-21,0,2025-04-21 00:00:00,2025-04-21 00:10:00,2025-04-22 00:00:00,2025-04-21 06:00:00,6625.207790901332,6000.0,144,0,0.0,1.7053025658242404e-12,2025-04-20,2025-03-31
2025-04-21,6,2025-04-21 06:00:00,2025-04-21 06:10:00,2025-04-22 06:00:00,2025-04-21 12:00:00,10035.413425925926,6000.0,144,36,2.208473791888684e-15,1.8189894035458565e-12,2025-04-20,2025-03-31
2025-04-21,12,2025-04-21 12:00:00,2025-04-21 12:10:00,2025-04-22 12:00:00,2025-04-21 18:00:00,8654.866548478152,6000.0,144,72,1.7729394333470046e-15,7.958078640513122e-13,2025-04-20,2025-03-31
2025-04-21,18,2025-04-21 18:00:00,2025-04-21 18:10:00,2025-04-22 18:00:00,2025-04-22 00:00:00,10800.0,6000.0,144,108,0.0,1.8189894035458565e-12,2025-04-20,2025-03-31
2025-04-22,0,2025-04-22 00:00:00,2025-04-22 00:10:00,2025-04-23 00:00:00,2025-04-22 06:00:00,6223.984244713733,6000.0,144,0,0.0,2.0463630789890885e-12,2025-04-21,2025-03-31
2025-04-22,6,2025-04-22 06:00:00,2025-04-22 06:10:00,2025-04-23 06:00:00,2025-04-22 12:00:00,10022.09537037037,6000.0,144,36,5.006722763436899e-16,2.9558577807620168e-12,2025-04-21,2025-03-31
2025-04-22,12,2025-04-22 12:00:00,2025-04-22 12:10:00,2025-04-23 12:00:00,2025-04-22 18:00:00,8283.014024350352,6000.0,144,72,5.405418573012534e-16,5.343281372915953e-12,2025-04-21,2025-03-31
2025-04-22,18,2025-04-22 18:00:00,2025-04-22 18:10:00,2025-04-23 18:00:00,2025-04-23 00:00:00,10800.0,6000.0,144,108,0.0,5.5706550483591855e-12,2025-04-21,2025-03-31
2025-04-23,0,2025-04-23 00:00:00,2025-04-23 00:10:00,2025-04-24 00:00:00,2025-04-23 06:00:00,6328.7097629136315,6000.0,144,0,0.0,1.8189894035458565e-12,2025-04-22,2025-03-31
2025-04-23,6,2025-04-23 06:00:00,2025-04-23 06:10:00,2025-04-24 06:00:00,2025-04-23 12:00:00,8817.252242529998,6000.0,144,36,0.0,1.8189894035458565e-12,2025-04-22,2025-03-31
2025-04-23,12,2025-04-23 12:00:00,2025-04-23 12:10:00,2025-04-24 12:00:00,2025-04-23 18:00:00,7872.999765350984,6000.0,144,72,0.0,1.8189894035458565e-12,2025-04-22,2025-03-31
2025-04-23,18,2025-04-23 18:00:00,2025-04-23 18:10:00,2025-04-24 18:00:00,2025-04-24 00:00:00,10800.0,6000.0,144,108,0.0,5.813944881083444e-10,2025-04-22,2025-03-31
2025-04-24,0,2025-04-24 00:00:00,2025-04-24 00:10:00,2025-04-25 00:00:00,2025-04-24 06:00:00,6513.051005898777,6000.0,144,0,0.0,1.1368683772161603e-12,2025-04-23,2025-03-31
2025-04-24,6,2025-04-24 06:00:00,2025-04-24 06:10:00,2025-04-25 06:00:00,2025-04-24 12:00:00,9367.963962962964,6000.0,144,36,0.0,2.7284841053187847e-12,2025-04-23,2025-03-31
2025-04-24,12,2025-04-24 12:00:00,2025-04-24 12:10:00,2025-04-25 12:00:00,2025-04-24 18:00:00,7376.050374221355,6000.0,144,72,0.0,5.4569682106375694e-12,2025-04-23,2025-03-31
2025-04-24,18,2025-04-24 18:00:00,2025-04-24 18:10:00,2025-04-25 18:00:00,2025-04-25 00:00:00,10800.0,6000.0,144,108,0.0,7.066773832775652e-10,2025-04-23,2025-03-31
2025-04-25,0,2025-04-25 00:00:00,2025-04-25 00:10:00,2025-04-26 00:00:00,2025-04-25 06:00:00,6312.144353525994,6000.0,144,0,0.0,1.8189894035458565e-12,2025-04-24,2025-03-31
2025-04-25,6,2025-04-25 06:00:00,2025-04-25 06:10:00,2025-04-26 06:00:00,2025-04-25 12:00:00,3160.715233491986,6000.0,144,36,0.0,3.001332515850663e-11,2025-04-24,2025-03-31
2025-04-25,12,2025-04-25 12:00:00,2025-04-25 12:10:00,2025-04-26 12:00:00,2025-04-25 18:00:00,10800.0,6000.0,144,72,3.060666615094133e-16,9.094947017729282e-13,2025-04-24,2025-03-31
2025-04-25,18,2025-04-25 18:00:00,2025-04-25 18:10:00,2025-04-26 18:00:00,2025-04-26 00:00:00,10123.608907407408,6000.0,144,108,3.0874114537066163e-16,1.5916157281026244e-12,2025-04-24,2025-03-31
2025-04-26,0,2025-04-26 00:00:00,2025-04-26 00:10:00,2025-04-27 00:00:00,2025-04-26 06:00:00,6483.80461785055,6000.0,144,0,0.0,1.8189894035458565e-12,2025-04-25,2025-03-31
2025-04-26,6,2025-04-26 06:00:00,2025-04-26 06:10:00,2025-04-27 06:00:00,2025-04-26 12:00:00,3069.5755474704365,6000.0,144,36,0.0,3.1211584428092465e-09,2025-04-25,2025-03-31
2025-04-26,12,2025-04-26 12:00:00,2025-04-26 12:10:00,2025-04-27 12:00:00,2025-04-26 18:00:00,10800.0,6000.0,144,72,0.0,1.0345502232667059e-11,2025-04-25,2025-03-31
2025-04-26,18,2025-04-26 18:00:00,2025-04-26 18:10:00,2025-04-27 18:00:00,2025-04-27 00:00:00,10142.61187037037,6000.0,144,108,0.0,9.094947017729282e-13,2025-04-25,2025-03-31
2025-04-27,0,2025-04-27 00:00:00,2025-04-27 00:10:00,2025-04-28 00:00:00,2025-04-27 06:00:00,6453.093217742142,6000.0,144,0,0.0,2.7284841053187847e-12,2025-04-26,2025-03-31
2025-04-27,6,2025-04-27 06:00:00,2025-04-27 06:10:00,2025-04-28 06:00:00,2025-04-27 12:00:00,9387.003333333332,6000.0,144,36,0.0,1.8189894035458565e-12,2025-04-26,2025-03-31
2025-04-27,12,2025-04-27 12:00:00,2025-04-27 12:10:00,2025-04-28 12:00:00,2025-04-27 18:00:00,7814.374181832899,6000.0,144,72,0.0,1.8189894035458565e-12,2025-04-26,2025-03-31
2025-04-27,18,2025-04-27 18:00:00,2025-04-27 18:10:00,2025-04-28 18:00:00,2025-04-28 00:00:00,10800.0,6000.0,144,108,2.489862524088975e-16,1.8189894035458565e-12,2025-04-26,2025-03-31
2025-04-28,0,2025-04-28 00:00:00,2025-04-28 00:10:00,2025-04-29 00:00:00,2025-04-28 06:00:00,6296.687593090858,6000.0,144,0,0.0,9.25185853854297e-13,2025-04-27,2025-03-31
2025-04-28,6,2025-04-28 06:00:00,2025-04-28 06:10:00,2025-04-29 06:00:00,2025-04-28 12:00:00,10024.624074074074,6000.0,144,36,8.444467119992665e-08,1.8189894035458565e-12,2025-04-27,2025-03-31
2025-04-28,12,2025-04-28 12:00:00,2025-04-28 12:10:00,2025-04-29 12:00:00,2025-04-28 18:00:00,8269.543485893908,6000.0,144,72,0.0,2.921751729445532e-11,2025-04-27,2025-03-31
2025-04-28,18,2025-04-28 18:00:00,2025-04-28 18:10:00,2025-04-29 18:00:00,2025-04-29 00:00:00,10797.684765176118,6000.0,144,108,3.4402455964218693e-16,7.16227077646181e-12,2025-04-27,2025-03-31
2025-04-29,0,2025-04-29 00:00:00,2025-04-29 00:10:00,2025-04-30 00:00:00,2025-04-29 06:00:00,6580.824419618056,6000.0,144,0,0.0,1.8189894035458565e-12,2025-04-28,2025-03-31
2025-04-29,6,2025-04-29 06:00:00,2025-04-29 06:10:00,2025-04-30 06:00:00,2025-04-29 12:00:00,9435.068944444445,6000.0,144,36,6.980683009140064e-16,3.296918293926865e-12,2025-04-28,2025-03-31
2025-04-29,12,2025-04-29 12:00:00,2025-04-29 12:10:00,2025-04-30 12:00:00,2025-04-29 18:00:00,9473.082156264762,6000.0,144,72,5.21282075720492e-16,2.808064891723916e-11,2025-04-28,2025-03-31
2025-04-29,18,2025-04-29 18:00:00,2025-04-29 18:10:00,2025-04-30 18:00:00,2025-04-30 00:00:00,10800.0,6000.0,144,108,0.0,1.8189894035458565e-12,2025-04-28,2025-03-31
2025-04-30,0,2025-04-30 00:00:00,2025-04-30 00:10:00,2025-05-01 00:00:00,2025-04-30 06:00:00,6524.508916306134,6000.0,144,0,0.0,9.094947017729282e-13,2025-04-29,2025-03-31
2025-04-30,6,2025-04-30 06:00:00,2025-04-30 06:10:00,2025-05-01 06:00:00,2025-04-30 12:00:00,8472.709616782357,6000.0,144,36,0.0,1.8189894035458565e-12,2025-04-29,2025-03-31
2025-04-30,12,2025-04-30 12:00:00,2025-04-30 12:10:00,2025-05-01 12:00:00,2025-04-30 18:00:00,6537.468944374953,6000.0,144,72,0.0,7.958078640513122e-13,2025-04-29,2025-03-31
2025-04-30,18,2025-04-30 18:00:00,2025-04-30 18:10:00,2025-05-01 18:00:00,2025-05-01 00:00:00,10800.0,6000.0,144,108,4.69328807732295e-16,9.094947017729282e-13,2025-04-29,2025-03-31
2025-05-01,0,2025-05-01 00:00:00,2025-05-01 00:10:00,2025-05-02 00:00:00,2025-05-01 06:00:00,6295.770840241802,6000.0,144,0,0.0,1.8189894035458565e-12,2025-04-30,2025-04-30
2025-05-01,6,2025-05-01 06:00:00,2025-05-01 06:10:00,2025-05-02 06:00:00,2025-05-01 12:00:00,9393.198829949075,6000.0,144,36,0.0,4.013145371573046e-11,2025-04-30,2025-04-30
2025-05-01,12,2025-05-01 12:00:00,2025-05-01 12:10:00,2025-05-02 12:00:00,2025-05-01 18:00:00,7454.35526754167,6000.0,144,72,0.0,5.923084245296195e-11,2025-04-30,2025-04-30
2025-05-01,18,2025-05-01 18:00:00,2025-05-01 18:10:00,2025-05-02 18:00:00,2025-05-02 00:00:00,10478.970585792824,6000.0,144,108,2.66364626291656e-16,1.3301360013429075e-11,2025-04-30,2025-04-30
2025-05-02,0,2025-05-02 00:00:00,2025-05-02 00:10:00,2025-05-03 00:00:00,2025-05-02 06:00:00,5225.5543901730325,6000.0,144,0,0.0,2.2737367544323206e-12,2025-05-01,2025-04-30
2025-05-02,6,2025-05-02 06:00:00,2025-05-02 06:10:00,2025-05-03 06:00:00,2025-05-02 12:00:00,3710.5525045293684,6000.0,144,36,4.97962061017659e-16,1.1368683772161603e-12,2025-05-01,2025-04-30
2025-05-02,12,2025-05-02 12:00:00,2025-05-02 12:10:00,2025-05-03 12:00:00,2025-05-02 18:00:00,10800.0,6000.0,144,72,3.2204057430105933e-16,9.094947017729282e-13,2025-05-01,2025-04-30
2025-05-02,18,2025-05-02 18:00:00,2025-05-02 18:10:00,2025-05-03 18:00:00,2025-05-03 00:00:00,9965.278665316358,6000.0,144,108,2.864979742984633e-16,9.094947017729282e-13,2025-05-01,2025-04-30
2025-05-03,0,2025-05-03 00:00:00,2025-05-03 00:10:00,2025-05-04 00:00:00,2025-05-03 06:00:00,5658.649088728588,6000.0,144,0,0.0,3.296918293926865e-12,2025-05-02,2025-04-30
2025-05-03,6,2025-05-03 06:00:00,2025-05-03 06:10:00,2025-05-04 06:00:00,2025-05-03 12:00:00,3496.098651288869,6000.0,144,36,0.0,1.1482370609883219e-11,2025-05-02,2025-04-30
2025-05-03,12,2025-05-03 12:00:00,2025-05-03 12:10:00,2025-05-04 12:00:00,2025-05-03 18:00:00,10800.0,6000.0,144,72,7.833999784191312e-08,2.0463630789890885e-12,2025-05-02,2025-04-30
2025-05-03,18,2025-05-03 18:00:00,2025-05-03 18:10:00,2025-05-04 18:00:00,2025-05-04 00:00:00,10059.516223905286,6000.0,144,108,0.0,9.094947017729282e-13,2025-05-02,2025-04-30
2025-05-04,0,2025-05-04 00:00:00,2025-05-04 00:10:00,2025-05-05 00:00:00,2025-05-04 06:00:00,5826.73856033666,6000.0,144,0,0.0,1.8189894035458565e-12,2025-05-03,2025-04-30
2025-05-04,6,2025-05-04 06:00:00,2025-05-04 06:10:00,2025-05-05 06:00:00,2025-05-04 12:00:00,10077.669675323115,6000.0,144,36,7.587629861055925e-16,4.092726157978177e-11,2025-05-03,2025-04-30
2025-05-04,12,2025-05-04 12:00:00,2025-05-04 12:10:00,2025-05-05 12:00:00,2025-05-04 18:00:00,9675.249655806141,6000.0,144,72,5.615635739985663e-16,1.1368683772161603e-12,2025-05-03,2025-04-30
2025-05-04,18,2025-05-04 18:00:00,2025-05-04 18:10:00,2025-05-05 18:00:00,2025-05-05 00:00:00,10721.314530632715,6000.0,144,108,0.0,2.9103830456733704e-11,2025-05-03,2025-04-30
2025-05-05,0,2025-05-05 00:00:00,2025-05-05 00:10:00,2025-05-06 00:00:00,2025-05-05 06:00:00,5540.642557229456,6000.0,144,0,0.0,4.547473508864641e-13,2025-05-04,2025-04-30
2025-05-05,6,2025-05-05 06:00:00,2025-05-05 06:10:00,2025-05-06 06:00:00,2025-05-05 12:00:00,10076.556018518519,6000.0,144,36,1.5211162158712961e-15,5.684341886080801e-13,2025-05-04,2025-04-30
2025-05-05,12,2025-05-05 12:00:00,2025-05-05 12:10:00,2025-05-06 12:00:00,2025-05-05 18:00:00,8401.645747958048,6000.0,144,72,6.409283342817793e-16,2.2737367544323206e-12,2025-05-04,2025-04-30
2025-05-05,18,2025-05-05 18:00:00,2025-05-05 18:10:00,2025-05-06 18:00:00,2025-05-06 00:00:00,10800.0,6000.0,144,108,0.0,1.8189894035458565e-12,2025-05-04,2025-04-30
2025-05-06,0,2025-05-06 00:00:00,2025-05-06 00:10:00,2025-05-07 00:00:00,2025-05-06 06:00:00,5599.630391667389,6000.0,144,0,0.0,1.8189894035458565e-12,2025-05-05,2025-04-30
2025-05-06,6,2025-05-06 06:00:00,2025-05-06 06:10:00,2025-05-07 06:00:00,2025-05-06 12:00:00,8476.656741740453,6000.0,144,36,0.0,1.8189894035458565e-12,2025-05-05,2025-04-30
2025-05-06,12,2025-05-06 12:00:00,2025-05-06 12:10:00,2025-05-07 12:00:00,2025-05-06 18:00:00,6844.50816078631,6000.0,144,72,0.0,7.185008144006133e-11,2025-05-05,2025-04-30
2025-05-06,18,2025-05-06 18:00:00,2025-05-06 18:10:00,2025-05-07 18:00:00,2025-05-07 00:00:00,10634.070326319617,6000.0,144,108,0.0,7.617018127348274e-12,2025-05-05,2025-04-30
2025-05-07,0,2025-05-07 00:00:00,2025-05-07 00:10:00,2025-05-08 00:00:00,2025-05-07 06:00:00,5679.912188117475,6000.0,144,0,0.0,1.8189894035458565e-12,2025-05-06,2025-04-30
2025-05-07,6,2025-05-07 06:00:00,2025-05-07 06:10:00,2025-05-08 06:00:00,2025-05-07 12:00:00,9443.943722222222,6000.0,144,36,0.0,1.8189894035458565e-12,2025-05-06,2025-04-30
2025-05-07,12,2025-05-07 12:00:00,2025-05-07 12:10:00,2025-05-08 12:00:00,2025-05-07 18:00:00,7132.721403518519,6000.0,144,72,0.0,1.6143530956469476e-11,2025-05-06,2025-04-30
2025-05-07,18,2025-05-07 18:00:00,2025-05-07 18:10:00,2025-05-08 18:00:00,2025-05-08 00:00:00,10647.588293417244,6000.0,144,108,2.1954642136646574e-16,2.0122570276726037e-11,2025-05-06,2025-04-30
2025-05-08,0,2025-05-08 00:00:00,2025-05-08 00:10:00,2025-05-09 00:00:00,2025-05-08 06:00:00,5838.303173212962,6000.0,144,0,0.0,7.389644451905042e-12,2025-05-07,2025-04-30
2025-05-08,6,2025-05-08 06:00:00,2025-05-08 06:10:00,2025-05-09 06:00:00,2025-05-08 12:00:00,10077.476851851852,6000.0,144,36,1.4006352349349293e-15,1.8189894035458565e-12,2025-05-07,2025-04-30
2025-05-08,12,2025-05-08 12:00:00,2025-05-08 12:10:00,2025-05-09 12:00:00,2025-05-08 18:00:00,10172.250271115403,6000.0,144,72,6.2825502884086e-16,1.8189894035458565e-12,2025-05-07,2025-04-30
2025-05-08,18,2025-05-08 18:00:00,2025-05-08 18:10:00,2025-05-09 18:00:00,2025-05-09 00:00:00,10722.87884824942,6000.0,144,108,0.0,2.9558577807620168e-12,2025-05-07,2025-04-30
2025-05-09,0,2025-05-09 00:00:00,2025-05-09 00:10:00,2025-05-10 00:00:00,2025-05-09 06:00:00,6087.1623840068,6000.0,144,0,0.0,5.684341886080801e-13,2025-05-08,2025-04-30
2025-05-09,6,2025-05-09 06:00:00,2025-05-09 06:10:00,2025-05-10 06:00:00,2025-05-09 12:00:00,3434.6291314951795,6000.0,144,36,0.0,1.1032182668520695e-11,2025-05-08,2025-04-30
2025-05-09,12,2025-05-09 12:00:00,2025-05-09 12:10:00,2025-05-10 12:00:00,2025-05-09 18:00:00,10800.0,6000.0,144,72,0.0,1.4779288903810084e-12,2025-05-08,2025-04-30
2025-05-09,18,2025-05-09 18:00:00,2025-05-09 18:10:00,2025-05-10 18:00:00,2025-05-10 00:00:00,10383.70129549836,6000.0,144,108,0.0,1.8189894035458565e-12,2025-05-08,2025-04-30
2025-05-10,0,2025-05-10 00:00:00,2025-05-10 00:10:00,2025-05-11 00:00:00,2025-05-10 06:00:00,6701.814357987994,6000.0,144,0,0.0,5.684341886080801e-13,2025-05-09,2025-04-30
2025-05-10,6,2025-05-10 06:00:00,2025-05-10 06:10:00,2025-05-11 06:00:00,2025-05-10 12:00:00,3661.1314889579007,6000.0,144,36,0.0,9.094947017729282e-13,2025-05-09,2025-04-30
2025-05-10,12,2025-05-10 12:00:00,2025-05-10 12:10:00,2025-05-11 12:00:00,2025-05-10 18:00:00,10800.0,6000.0,144,72,0.0,4.547473508864641e-13,2025-05-09,2025-04-30
2025-05-10,18,2025-05-10 18:00:00,2025-05-10 18:10:00,2025-05-11 18:00:00,2025-05-11 00:00:00,10641.488261593362,6000.0,144,108,0.0,2.7284841053187847e-12,2025-05-09,2025-04-30
2025-05-11,0,2025-05-11 00:00:00,2025-05-11 00:10:00,2025-05-12 00:00:00,2025-05-11 06:00:00,6661.125442438562,6000.0,144,0,0.0,4.433786671143025e-12,2025-05-10,2025-04-30
2025-05-11,6,2025-05-11 06:00:00,2025-05-11 06:10:00,2025-05-12 06:00:00,2025-05-11 12:00:00,10130.883796296297,6000.0,144,36,0.0,1.8189894035458565e-12,2025-05-10,2025-04-30
2025-05-11,12,2025-05-11 12:00:00,2025-05-11 12:10:00,2025-05-12 12:00:00,2025-05-11 18:00:00,9130.201366384117,6000.0,144,72,0.0,1.8189894035458565e-12,2025-05-10,2025-04-30
2025-05-11,18,2025-05-11 18:00:00,2025-05-11 18:10:00,2025-05-12 18:00:00,2025-05-12 00:00:00,10800.0,6000.0,144,108,0.0,1.8189894035458565e-12,2025-05-10,2025-04-30
2025-05-12,0,2025-05-12 00:00:00,2025-05-12 00:10:00,2025-05-13 00:00:00,2025-05-12 06:00:00,6281.3914916195035,6000.0,144,0,0.0,5.229594535194337e-12,2025-05-11,2025-04-30
2025-05-12,6,2025-05-12 06:00:00,2025-05-12 06:10:00,2025-05-13 06:00:00,2025-05-12 12:00:00,9288.047228477679,6000.0,144,36,0.0,8.526512829121202e-12,2025-05-11,2025-04-30
2025-05-12,12,2025-05-12 12:00:00,2025-05-12 12:10:00,2025-05-13 12:00:00,2025-05-12 18:00:00,9192.698829779561,6000.0,144,72,5.555454632989615e-16,3.751665644813329e-12,2025-05-11,2025-04-30
2025-05-12,18,2025-05-12 18:00:00,2025-05-12 18:10:00,2025-05-13 18:00:00,2025-05-13 00:00:00,10788.40360335648,6000.0,144,108,0.0,1.1368683772161603e-12,2025-05-11,2025-04-30
2025-05-13,0,2025-05-13 00:00:00,2025-05-13 00:10:00,2025-05-14 00:00:00,2025-05-13 06:00:00,6650.279976406978,6000.0,144,0,0.0,3.865352482534945e-12,2025-05-12,2025-04-30
2025-05-13,6,2025-05-13 06:00:00,2025-05-13 06:10:00,2025-05-14 06:00:00,2025-05-13 12:00:00,10052.367592592593,6000.0,144,36,1.307256000813155e-15,3.637978807091713e-12,2025-05-12,2025-04-30
2025-05-13,12,2025-05-13 12:00:00,2025-05-13 12:10:00,2025-05-14 12:00:00,2025-05-13 18:00:00,10800.0,6000.0,144,72,0.0,3.751665644813329e-12,2025-05-12,2025-04-30
2025-05-13,18,2025-05-13 18:00:00,2025-05-13 18:10:00,2025-05-14 18:00:00,2025-05-14 00:00:00,10800.0,6000.0,144,108,3.4785606802056775e-16,3.637978807091713e-12,2025-05-12,2025-04-30
2025-05-14,0,2025-05-14 00:00:00,2025-05-14 00:10:00,2025-05-15 00:00:00,2025-05-14 06:00:00,6415.600385117043,6000.0,144,0,0.0,2.2737367544323206e-13,2025-05-13,2025-04-30
2025-05-14,6,2025-05-14 06:00:00,2025-05-14 06:10:00,2025-05-15 06:00:00,2025-05-14 12:00:00,10074.519907407408,6000.0,144,36,0.0,1.8189894035458565e-12,2025-05-13,2025-04-30
2025-05-14,12,2025-05-14 12:00:00,2025-05-14 12:10:00,2025-05-15 12:00:00,2025-05-14 18:00:00,8519.561998394438,6000.0,144,72,0.0,9.094947017729282e-13,2025-05-13,2025-04-30
2025-05-14,18,2025-05-14 18:00:00,2025-05-14 18:10:00,2025-05-15 18:00:00,2025-05-15 00:00:00,10800.0,6000.0,144,108,0.0,3.751665644813329e-12,2025-05-13,2025-04-30
2025-05-15,0,2025-05-15 00:00:00,2025-05-15 00:10:00,2025-05-16 00:00:00,2025-05-15 06:00:00,6492.909689468461,6000.0,144,0,0.0,6.821210263296962e-12,2025-05-14,2025-04-30
2025-05-15,6,2025-05-15 06:00:00,2025-05-15 06:10:00,2025-05-16 06:00:00,2025-05-15 12:00:00,9553.128288991029,6000.0,144,36,1.1851848102118983e-15,6.139089236967266e-12,2025-05-14,2025-04-30
2025-05-15,12,2025-05-15 12:00:00,2025-05-15 12:10:00,2025-05-16 12:00:00,2025-05-15 18:00:00,8766.206156215278,6000.0,144,72,9.173389722762726e-16,3.700743415417202e-12,2025-05-14,2025-04-30
2025-05-15,18,2025-05-15 18:00:00,2025-05-15 18:10:00,2025-05-16 18:00:00,2025-05-16 00:00:00,10800.0,6000.0,144,108,0.0,9.094947017729282e-13,2025-05-14,2025-04-30
2025-05-16,0,2025-05-16 00:00:00,2025-05-16 00:10:00,2025-05-17 00:00:00,2025-05-16 06:00:00,7341.766129174049,6000.0,144,0,0.0,1.2505552149377763e-12,2025-05-15,2025-04-30
2025-05-16,6,2025-05-16 06:00:00,2025-05-16 06:10:00,2025-05-17 06:00:00,2025-05-16 12:00:00,2705.898622160543,6000.0,144,36,0.0,2.3646862246096134e-11,2025-05-15,2025-04-30
2025-05-16,12,2025-05-16 12:00:00,2025-05-16 12:10:00,2025-05-17 12:00:00,2025-05-16 18:00:00,10800.0,6000.0,144,72,0.0,7.958078640513122e-13,2025-05-15,2025-04-30
2025-05-16,18,2025-05-16 18:00:00,2025-05-16 18:10:00,2025-05-17 18:00:00,2025-05-17 00:00:00,10800.0,6000.0,144,108,0.0,1.8189894035458565e-12,2025-05-15,2025-04-30
2025-05-17,0,2025-05-17 00:00:00,2025-05-17 00:10:00,2025-05-18 00:00:00,2025-05-17 06:00:00,7238.612466997638,6000.0,144,0,0.0,9.094947017729282e-13,2025-05-16,2025-04-30
2025-05-17,6,2025-05-17 06:00:00,2025-05-17 06:10:00,2025-05-18 06:00:00,2025-05-17 12:00:00,2544.491261459827,6000.0,144,36,5.134145399456853e-16,9.121621723781546e-11,2025-05-16,2025-04-30
2025-05-17,12,2025-05-17 12:00:00,2025-05-17 12:10:00,2025-05-18 12:00:00,2025-05-17 18:00:00,10800.0,6000.0,144,72,6.24287795509894e-16,1.8189894035458565e-12,2025-05-16,2025-04-30
2025-05-17,18,2025-05-17 18:00:00,2025-05-17 18:10:00,2025-05-18 18:00:00,2025-05-18 00:00:00,10800.0,6000.0,144,108,0.0,9.094947017729282e-13,2025-05-16,2025-04-30
2025-05-18,0,2025-05-18 00:00:00,2025-05-18 00:10:00,2025-05-19 00:00:00,2025-05-18 06:00:00,7337.933121207035,6000.0,144,0,0.0,5.5706550483591855e-12,2025-05-17,2025-04-30
2025-05-18,6,2025-05-18 06:00:00,2025-05-18 06:10:00,2025-05-19 06:00:00,2025-05-18 12:00:00,10094.574286496914,6000.0,144,36,0.0,1.3301360013429075e-11,2025-05-17,2025-04-30
2025-05-18,12,2025-05-18 12:00:00,2025-05-18 12:10:00,2025-05-19 12:00:00,2025-05-18 18:00:00,10800.0,6000.0,144,72,0.0,9.358700481243432e-10,2025-05-17,2025-04-30
2025-05-18,18,2025-05-18 18:00:00,2025-05-18 18:10:00,2025-05-19 18:00:00,2025-05-19 00:00:00,10800.0,6000.0,144,108,0.0,6.252776074688882e-12,2025-05-17,2025-04-30
2025-05-19,0,2025-05-19 00:00:00,2025-05-19 00:10:00,2025-05-20 00:00:00,2025-05-19 06:00:00,7391.758267589555,6000.0,144,0,0.0,7.958078640513122e-12,2025-05-18,2025-04-30
2025-05-19,6,2025-05-19 06:00:00,2025-05-19 06:10:00,2025-05-20 06:00:00,2025-05-19 12:00:00,10115.994444444445,6000.0,144,36,0.0,3.3082869776990265e-11,2025-05-18,2025-04-30
2025-05-19,12,2025-05-19 12:00:00,2025-05-19 12:10:00,2025-05-20 12:00:00,2025-05-19 18:00:00,9925.592736481482,6000.0,144,72,0.0,3.751665644813329e-12,2025-05-18,2025-04-30
2025-05-19,18,2025-05-19 18:00:00,2025-05-19 18:10:00,2025-05-20 18:00:00,2025-05-20 00:00:00,10796.565116521992,6000.0,144,108,0.0,6.139089236967266e-12,2025-05-18,2025-04-30
2025-05-20,0,2025-05-20 00:00:00,2025-05-20 00:10:00,2025-05-21 00:00:00,2025-05-20 06:00:00,6794.948888850839,6000.0,144,0,0.0,4.433786671143025e-12,2025-05-19,2025-04-30
2025-05-20,6,2025-05-20 06:00:00,2025-05-20 06:10:00,2025-05-21 06:00:00,2025-05-20 12:00:00,10128.53287037037,6000.0,144,36,0.0,5.229594535194337e-12,2025-05-19,2025-04-30
2025-05-20,12,2025-05-20 12:00:00,2025-05-20 12:10:00,2025-05-21 12:00:00,2025-05-20 18:00:00,8882.51248351852,6000.0,144,72,0.0,1.8189894035458565e-12,2025-05-19,2025-04-30
2025-05-20,18,2025-05-20 18:00:00,2025-05-20 18:10:00,2025-05-21 18:00:00,2025-05-21 00:00:00,10800.0,6000.0,144,108,0.0,9.094947017729282e-13,2025-05-19,2025-04-30
2025-05-21,0,2025-05-21 00:00:00,2025-05-21 00:10:00,2025-05-22 00:00:00,2025-05-21 06:00:00,6740.730716668404,6000.0,144,0,0.0,2.3874235921539366e-12,2025-05-20,2025-04-30
2025-05-21,6,2025-05-21 06:00:00,2025-05-21 06:10:00,2025-05-22 06:00:00,2025-05-21 12:00:00,8870.186699219568,6000.0,144,36,0.0,1.261923898709938e-11,2025-05-20,2025-04-30
2025-05-21,12,2025-05-21 12:00:00,2025-05-21 12:10:00,2025-05-22 12:00:00,2025-05-21 18:00:00,8238.290174960308,6000.0,144,72,0.0,1.8189894035458565e-12,2025-05-20,2025-04-30
2025-05-21,18,2025-05-21 18:00:00,2025-05-21 18:10:00,2025-05-22 18:00:00,2025-05-22 00:00:00,10800.0,6000.0,144,108,1.5876645477216969e-16,2.6147972675971687e-12,2025-05-20,2025-04-30
2025-05-22,0,2025-05-22 00:00:00,2025-05-22 00:10:00,2025-05-23 00:00:00,2025-05-22 06:00:00,6902.88607788455,6000.0,144,0,0.0,1.8189894035458565e-12,2025-05-21,2025-04-30
2025-05-22,6,2025-05-22 06:00:00,2025-05-22 06:10:00,2025-05-23 06:00:00,2025-05-22 12:00:00,9540.446870370371,6000.0,144,36,0.0,2.2168933355715126e-11,2025-05-21,2025-04-30
2025-05-22,12,2025-05-22 12:00:00,2025-05-22 12:10:00,2025-05-23 12:00:00,2025-05-22 18:00:00,8062.646227328703,6000.0,144,72,0.0,1.4779288903810084e-12,2025-05-21,2025-04-30
2025-05-22,18,2025-05-22 18:00:00,2025-05-22 18:10:00,2025-05-23 18:00:00,2025-05-23 00:00:00,10800.0,6000.0,144,108,0.0,3.492914402158931e-09,2025-05-21,2025-04-30
2025-05-23,0,2025-05-23 00:00:00,2025-05-23 00:10:00,2025-05-24 00:00:00,2025-05-23 06:00:00,7445.78294882176,6000.0,144,0,0.0,2.0463630789890885e-12,2025-05-22,2025-04-30
2025-05-23,6,2025-05-23 06:00:00,2025-05-23 06:10:00,2025-05-24 06:00:00,2025-05-23 12:00:00,2771.1504948267775,6000.0,144,36,0.0,9.470113582210615e-11,2025-05-22,2025-04-30
2025-05-23,12,2025-05-23 12:00:00,2025-05-23 12:10:00,2025-05-24 12:00:00,2025-05-23 18:00:00,10800.0,6000.0,144,72,0.0,4.547473508864641e-13,2025-05-22,2025-04-30
2025-05-23,18,2025-05-23 18:00:00,2025-05-23 18:10:00,2025-05-24 18:00:00,2025-05-24 00:00:00,10799.420398394097,6000.0,144,108,0.0,1.8189894035458565e-12,2025-05-22,2025-04-30
2025-05-24,0,2025-05-24 00:00:00,2025-05-24 00:10:00,2025-05-25 00:00:00,2025-05-24 06:00:00,7601.367010368346,6000.0,144,0,0.0,1.8189894035458565e-12,2025-05-23,2025-04-30
2025-05-24,6,2025-05-24 06:00:00,2025-05-24 06:10:00,2025-05-25 06:00:00,2025-05-24 12:00:00,2409.270583224492,6000.0,144,36,0.0,4.547473508864641e-13,2025-05-23,2025-04-30
2025-05-24,12,2025-05-24 12:00:00,2025-05-24 12:10:00,2025-05-25 12:00:00,2025-05-24 18:00:00,10800.0,6000.0,144,72,0.0,4.547473508864641e-13,2025-05-23,2025-04-30
2025-05-24,18,2025-05-24 18:00:00,2025-05-24 18:10:00,2025-05-25 18:00:00,2025-05-25 00:00:00,10800.0,6000.0,144,108,3.149974132115292e-16,3.296918293926865e-12,2025-05-23,2025-04-30
2025-05-25,0,2025-05-25 00:00:00,2025-05-25 00:10:00,2025-05-26 00:00:00,2025-05-25 06:00:00,7774.987446487413,6000.0,144,0,0.0,2.6147972675971687e-12,2025-05-24,2025-04-30
2025-05-25,6,2025-05-25 06:00:00,2025-05-25 06:10:00,2025-05-26 06:00:00,2025-05-25 12:00:00,10108.639748885997,6000.0,144,36,0.0,4.206412995699793e-12,2025-05-24,2025-04-30
2025-05-25,12,2025-05-25 12:00:00,2025-05-25 12:10:00,2025-05-26 12:00:00,2025-05-25 18:00:00,10381.395713885995,6000.0,144,72,0.0,4.661160346586257e-12,2025-05-24,2025-04-30
2025-05-25,18,2025-05-25 18:00:00,2025-05-25 18:10:00,2025-05-26 18:00:00,2025-05-26 00:00:00,10800.0,6000.0,144,108,0.0,3.296918293926865e-12,2025-05-24,2025-04-30
2025-05-26,0,2025-05-26 00:00:00,2025-05-26 00:10:00,2025-05-27 00:00:00,2025-05-26 06:00:00,7247.480127166957,6000.0,144,0,0.0,3.637978807091713e-12,2025-05-25,2025-04-30
2025-05-26,6,2025-05-26 06:00:00,2025-05-26 06:10:00,2025-05-27 06:00:00,2025-05-26 12:00:00,9562.438518518518,6000.0,144,36,0.0,1.8189894035458565e-12,2025-05-25,2025-04-30
2025-05-26,12,2025-05-26 12:00:00,2025-05-26 12:10:00,2025-05-27 12:00:00,2025-05-26 18:00:00,6672.698145363908,6000.0,144,72,0.0,1.8189894035458565e-12,2025-05-25,2025-04-30
2025-05-26,18,2025-05-26 18:00:00,2025-05-26 18:10:00,2025-05-27 18:00:00,2025-05-27 00:00:00,10800.0,6000.0,144,108,2.814650944272459e-16,2.0463630789890885e-12,2025-05-25,2025-04-30
2025-05-27,0,2025-05-27 00:00:00,2025-05-27 00:10:00,2025-05-28 00:00:00,2025-05-27 06:00:00,7192.445248368348,6000.0,144,0,0.0,5.684341886080801e-13,2025-05-26,2025-04-30
2025-05-27,6,2025-05-27 06:00:00,2025-05-27 06:10:00,2025-05-28 06:00:00,2025-05-27 12:00:00,8172.62487901683,6000.0,144,36,0.0,3.751665644813329e-12,2025-05-26,2025-04-30
2025-05-27,12,2025-05-27 12:00:00,2025-05-27 12:10:00,2025-05-28 12:00:00,2025-05-27 18:00:00,8013.341394016829,6000.0,144,72,0.0,7.389644451905042e-12,2025-05-26,2025-04-30
2025-05-27,18,2025-05-27 18:00:00,2025-05-27 18:10:00,2025-05-28 18:00:00,2025-05-28 00:00:00,10800.0,6000.0,144,108,0.0,4.547473508864641e-13,2025-05-26,2025-04-30
2025-05-28,0,2025-05-28 00:00:00,2025-05-28 00:10:00,2025-05-29 00:00:00,2025-05-28 06:00:00,6956.878467645401,6000.0,144,0,0.0,8.276401786133647e-11,2025-05-27,2025-04-30
2025-05-28,6,2025-05-28 06:00:00,2025-05-28 06:10:00,2025-05-29 06:00:00,2025-05-28 12:00:00,10102.932407407407,6000.0,144,36,2.0759355368306464e-15,4.013145371573046e-11,2025-05-27,2025-04-30
2025-05-28,12,2025-05-28 12:00:00,2025-05-28 12:10:00,2025-05-29 12:00:00,2025-05-28 18:00:00,8863.945780911457,6000.0,144,72,6.527936408358647e-16,2.871729520848021e-10,2025-05-27,2025-04-30
2025-05-28,18,2025-05-28 18:00:00,2025-05-28 18:10:00,2025-05-29 18:00:00,2025-05-29 00:00:00,10800.0,6000.0,144,108,0.0,5.229594535194337e-12,2025-05-27,2025-04-30
2025-05-29,0,2025-05-29 00:00:00,2025-05-29 00:10:00,2025-05-30 00:00:00,2025-05-29 06:00:00,7168.5477878776055,6000.0,144,0,0.0,2.2737367544323206e-13,2025-05-28,2025-04-30
2025-05-29,6,2025-05-29 06:00:00,2025-05-29 06:10:00,2025-05-30 06:00:00,2025-05-29 12:00:00,10131.785648148149,6000.0,144,36,0.0,1.8189894035458565e-12,2025-05-28,2025-04-30
2025-05-29,12,2025-05-29 12:00:00,2025-05-29 12:10:00,2025-05-30 12:00:00,2025-05-29 18:00:00,8853.185656149788,6000.0,144,72,0.0,2.1827872842550278e-11,2025-05-28,2025-04-30
2025-05-29,18,2025-05-29 18:00:00,2025-05-29 18:10:00,2025-05-30 18:00:00,2025-05-30 00:00:00,10800.0,6000.0,144,108,0.0,9.094947017729282e-13,2025-05-28,2025-04-30
2025-05-30,0,2025-05-30 00:00:00,2025-05-30 00:10:00,2025-05-31 00:00:00,2025-05-30 06:00:00,6947.029641029804,6000.0,144,0,0.0,1.8189894035458565e-12,2025-05-29,2025-04-30
2025-05-30,6,2025-05-30 06:00:00,2025-05-30 06:10:00,2025-05-31 06:00:00,2025-05-30 12:00:00,2906.665737233362,6000.0,144,36,0.0,6.389200279954821e-11,2025-05-29,2025-04-30
2025-05-30,12,2025-05-30 12:00:00,2025-05-30 12:10:00,2025-05-31 12:00:00,2025-05-30 18:00:00,10800.0,6000.0,144,72,0.0,2.1600499167107046e-11,2025-05-29,2025-04-30
2025-05-30,18,2025-05-30 18:00:00,2025-05-30 18:10:00,2025-05-31 18:00:00,2025-05-31 00:00:00,10800.0,6000.0,144,108,0.0,9.094947017729282e-13,2025-05-29,2025-04-30
2025-05-31,0,2025-05-31 00:00:00,2025-05-31 00:10:00,2025-06-01 00:00:00,2025-05-31 06:00:00,7775.972512133248,6000.0,144,0,0.0,1.2505552149377763e-12,2025-05-30,2025-04-30
2025-05-31,6,2025-05-31 06:00:00,2025-05-31 06:10:00,2025-06-01 06:00:00,2025-05-31 12:00:00,3160.6615572912824,6000.0,144,36,0.0,1.8189894035458565e-12,2025-05-30,2025-04-30
2025-05-31,12,2025-05-31 12:00:00,2025-05-31 12:10:00,2025-06-01 12:00:00,2025-05-31 18:00:00,10800.0,6000.0,144,72,0.0,4.547473508864641e-13,2025-05-30,2025-04-30
2025-05-31,18,2025-05-31 18:00:00,2025-05-31 18:10:00,2025-06-01 18:00:00,2025-06-01 00:00:00,10800.0,6000.0,144,108,0.0,1.1368683772161603e-12,2025-05-30,2025-04-30
2025-06-01,0,2025-06-01 00:00:00,2025-06-01 00:10:00,2025-06-02 00:00:00,2025-06-01 06:00:00,7168.160277323593,6000.0,144,0,0.0,9.094947017729282e-13,2025-05-31,2025-05-31
2025-06-01,6,2025-06-01 06:00:00,2025-06-01 06:10:00,2025-06-02 06:00:00,2025-06-01 12:00:00,8732.914776072146,6000.0,144,36,0.0,4.757794158649631e-10,2025-05-31,2025-05-31
2025-06-01,12,2025-06-01 12:00:00,2025-06-01 12:10:00,2025-06-02 12:00:00,2025-06-01 18:00:00,7609.290664860582,6000.0,144,72,0.0,1.2505552149377763e-12,2025-05-31,2025-05-31
2025-06-01,18,2025-06-01 18:00:00,2025-06-01 18:10:00,2025-06-02 18:00:00,2025-06-02 00:00:00,10782.378784988523,6000.0,144,108,0.0,8.241158866439946e-10,2025-05-31,2025-05-31
2025-06-02,0,2025-06-02 00:00:00,2025-06-02 00:10:00,2025-06-03 00:00:00,2025-06-02 06:00:00,5112.812368187789,6000.0,144,0,0.0,9.094947017729282e-13,2025-06-01,2025-05-31
2025-06-02,6,2025-06-02 06:00:00,2025-06-02 06:10:00,2025-06-03 06:00:00,2025-06-02 12:00:00,8865.468308735826,6000.0,144,36,7.561447545626994e-16,1.7575985111761838e-10,2025-06-01,2025-05-31
2025-06-02,12,2025-06-02 12:00:00,2025-06-02 12:10:00,2025-06-03 12:00:00,2025-06-02 18:00:00,9029.66886737047,6000.0,144,72,0.0,4.547473508864641e-13,2025-06-01,2025-05-31
2025-06-02,18,2025-06-02 18:00:00,2025-06-02 18:10:00,2025-06-03 18:00:00,2025-06-03 00:00:00,10513.35097053506,6000.0,144,108,2.999655268945855e-16,1.8189894035458565e-12,2025-06-01,2025-05-31
2025-06-03,0,2025-06-03 00:00:00,2025-06-03 00:10:00,2025-06-04 00:00:00,2025-06-03 06:00:00,5155.564229512297,6000.0,144,0,1.5224182612094058e-16,1.8189894035458565e-12,2025-06-02,2025-05-31
2025-06-03,6,2025-06-03 06:00:00,2025-06-03 06:10:00,2025-06-04 06:00:00,2025-06-03 12:00:00,9494.066838060327,6000.0,144,36,1.1922639814563264e-15,4.547473508864641e-13,2025-06-02,2025-05-31
2025-06-03,12,2025-06-03 12:00:00,2025-06-03 12:10:00,2025-06-04 12:00:00,2025-06-03 18:00:00,9646.932038301278,6000.0,144,72,0.0,2.3874235921539366e-11,2025-06-02,2025-05-31
2025-06-03,18,2025-06-03 18:00:00,2025-06-03 18:10:00,2025-06-04 18:00:00,2025-06-04 00:00:00,10436.397671020444,6000.0,144,108,3.360545761412089e-16,2.3874235921539366e-12,2025-06-02,2025-05-31
2025-06-04,0,2025-06-04 00:00:00,2025-06-04 00:10:00,2025-06-05 00:00:00,2025-06-04 06:00:00,5553.682021376448,6000.0,144,0,0.0,1.8189894035458565e-12,2025-06-03,2025-05-31
2025-06-04,6,2025-06-04 06:00:00,2025-06-04 06:10:00,2025-06-05 06:00:00,2025-06-04 12:00:00,9172.187763264274,6000.0,144,36,0.0,5.684341886080801e-13,2025-06-03,2025-05-31
2025-06-04,12,2025-06-04 12:00:00,2025-06-04 12:10:00,2025-06-05 12:00:00,2025-06-04 18:00:00,10800.0,6000.0,144,72,0.0,4.5361048250924796e-11,2025-06-03,2025-05-31
2025-06-04,18,2025-06-04 18:00:00,2025-06-04 18:10:00,2025-06-05 18:00:00,2025-06-05 00:00:00,10754.611874571085,6000.0,144,108,0.0,3.296918293926865e-12,2025-06-03,2025-05-31
2025-06-05,0,2025-06-05 00:00:00,2025-06-05 00:10:00,2025-06-06 00:00:00,2025-06-05 06:00:00,5539.713140978009,6000.0,144,0,0.0,5.229594535194337e-12,2025-06-04,2025-05-31
2025-06-05,6,2025-06-05 06:00:00,2025-06-05 06:10:00,2025-06-06 06:00:00,2025-06-05 12:00:00,9533.418209213538,6000.0,144,36,0.0,7.389644451905042e-12,2025-06-04,2025-05-31
2025-06-05,12,2025-06-05 12:00:00,2025-06-05 12:10:00,2025-06-06 12:00:00,2025-06-05 18:00:00,8336.57780965167,6000.0,144,72,0.0,3.410605131648481e-13,2025-06-04,2025-05-31
2025-06-05,18,2025-06-05 18:00:00,2025-06-05 18:10:00,2025-06-06 18:00:00,2025-06-06 00:00:00,10582.682917068672,6000.0,144,108,0.0,9.094947017729282e-13,2025-06-04,2025-05-31
2025-06-06,0,2025-06-06 00:00:00,2025-06-06 00:10:00,2025-06-07 00:00:00,2025-06-06 06:00:00,5418.240855074798,6000.0,144,0,0.0,1.8189894035458565e-12,2025-06-05,2025-05-31
2025-06-06,6,2025-06-06 06:00:00,2025-06-06 06:10:00,2025-06-07 06:00:00,2025-06-06 12:00:00,3562.3035749108344,6000.0,144,36,4.687218949517729e-16,1.3642420526593924e-11,2025-06-05,2025-05-31
2025-06-06,12,2025-06-06 12:00:00,2025-06-06 12:10:00,2025-06-07 12:00:00,2025-06-06 18:00:00,9520.75192546639,6000.0,144,72,5.664543584586952e-16,5.776049131804672e-11,2025-06-05,2025-05-31
2025-06-06,18,2025-06-06 18:00:00,2025-06-06 18:10:00,2025-06-07 18:00:00,2025-06-07 00:00:00,10738.429343772907,6000.0,144,108,0.0,1.1823431123048067e-11,2025-06-05,2025-05-31
2025-06-07,0,2025-06-07 00:00:00,2025-06-07 00:10:00,2025-06-08 00:00:00,2025-06-07 06:00:00,5692.353863692564,6000.0,144,0,0.0,1.8189894035458565e-12,2025-06-06,2025-05-31
2025-06-07,6,2025-06-07 06:00:00,2025-06-07 06:10:00,2025-06-08 06:00:00,2025-06-07 12:00:00,9153.665102465624,6000.0,144,36,0.0,6.366462912410498e-12,2025-06-06,2025-05-31
2025-06-07,12,2025-06-07 12:00:00,2025-06-07 12:10:00,2025-06-08 12:00:00,2025-06-07 18:00:00,10800.0,6000.0,144,72,0.0,9.094947017729282e-13,2025-06-06,2025-05-31
2025-06-07,18,2025-06-07 18:00:00,2025-06-07 18:10:00,2025-06-08 18:00:00,2025-06-08 00:00:00,10800.0,6000.0,144,108,0.0,1.8189894035458565e-12,2025-06-06,2025-05-31
2025-06-08,0,2025-06-08 00:00:00,2025-06-08 00:10:00,2025-06-09 00:00:00,2025-06-08 06:00:00,6446.090046726128,6000.0,144,0,0.0,9.094947017729282e-13,2025-06-07,2025-05-31
2025-06-08,6,2025-06-08 06:00:00,2025-06-08 06:10:00,2025-06-09 06:00:00,2025-06-08 12:00:00,10110.948148148149,6000.0,144,36,2.2757971327651955e-15,4.7975845518521965e-11,2025-06-07,2025-05-31
2025-06-08,12,2025-06-08 12:00:00,2025-06-08 12:10:00,2025-06-09 12:00:00,2025-06-08 18:00:00,10800.0,6000.0,144,72,1.3302227915961437e-15,4.7407411329913884e-11,2025-06-07,2025-05-31
2025-06-08,18,2025-06-08 18:00:00,2025-06-08 18:10:00,2025-06-09 18:00:00,2025-06-09 00:00:00,10800.0,6000.0,144,108,0.0,9.094947017729282e-13,2025-06-07,2025-05-31
2025-06-09,0,2025-06-09 00:00:00,2025-06-09 00:10:00,2025-06-10 00:00:00,2025-06-09 06:00:00,6691.928305895543,6000.0,144,0,0.0,1.8189894035458565e-12,2025-06-08,2025-05-31
2025-06-09,6,2025-06-09 06:00:00,2025-06-09 06:10:00,2025-06-10 06:00:00,2025-06-09 12:00:00,10087.099074074074,6000.0,144,36,6.883360861659101e-16,1.8189894035458565e-11,2025-06-08,2025-05-31
2025-06-09,12,2025-06-09 12:00:00,2025-06-09 12:10:00,2025-06-10 12:00:00,2025-06-09 18:00:00,10678.648207568918,6000.0,144,72,3.0040324940028464e-16,3.410605131648481e-13,2025-06-08,2025-05-31
2025-06-09,18,2025-06-09 18:00:00,2025-06-09 18:10:00,2025-06-10 18:00:00,2025-06-10 00:00:00,10800.0,6000.0,144,108,0.0,1.8189894035458565e-12,2025-06-08,2025-05-31
2025-06-10,0,2025-06-10 00:00:00,2025-06-10 00:10:00,2025-06-11 00:00:00,2025-06-10 06:00:00,6559.307293011576,6000.0,144,0,0.0,3.524291969370097e-12,2025-06-09,2025-05-31
2025-06-10,6,2025-06-10 06:00:00,2025-06-10 06:10:00,2025-06-11 06:00:00,2025-06-10 12:00:00,10118.294444444444,6000.0,144,36,0.0,1.1823431123048067e-11,2025-06-09,2025-05-31
2025-06-10,12,2025-06-10 12:00:00,2025-06-10 12:10:00,2025-06-11 12:00:00,2025-06-10 18:00:00,7887.960277391784,6000.0,144,72,2.7176860804662897e-16,3.296918293926865e-12,2025-06-09,2025-05-31
2025-06-10,18,2025-06-10 18:00:00,2025-06-10 18:10:00,2025-06-11 18:00:00,2025-06-11 00:00:00,10800.0,6000.0,144,108,0.0,6.480149750132114e-12,2025-06-09,2025-05-31
2025-06-11,0,2025-06-11 00:00:00,2025-06-11 00:10:00,2025-06-12 00:00:00,2025-06-11 06:00:00,6563.001625328994,6000.0,144,0,1.337906395478148e-16,9.094947017729282e-13,2025-06-10,2025-05-31
2025-06-11,6,2025-06-11 06:00:00,2025-06-11 06:10:00,2025-06-12 06:00:00,2025-06-11 12:00:00,10075.911574074074,6000.0,144,36,6.257106862411275e-16,4.547473508864641e-13,2025-06-10,2025-05-31
2025-06-11,12,2025-06-11 12:00:00,2025-06-11 12:10:00,2025-06-12 12:00:00,2025-06-11 18:00:00,6909.271506306423,6000.0,144,72,3.780892396117373e-16,2.660272002685815e-11,2025-06-10,2025-05-31
2025-06-11,18,2025-06-11 18:00:00,2025-06-11 18:10:00,2025-06-12 18:00:00,2025-06-12 00:00:00,10799.069873958333,6000.0,144,108,1.9472278715532002e-16,1.4779288903810084e-12,2025-06-10,2025-05-31
2025-06-12,0,2025-06-12 00:00:00,2025-06-12 00:10:00,2025-06-13 00:00:00,2025-06-12 06:00:00,6815.491704453848,6000.0,144,0,0.0,9.094947017729282e-13,2025-06-11,2025-05-31
2025-06-12,6,2025-06-12 06:00:00,2025-06-12 06:10:00,2025-06-13 06:00:00,2025-06-12 12:00:00,10048.31712962963,6000.0,144,36,6.71514841418177e-16,3.296918293926865e-12,2025-06-11,2025-05-31
2025-06-12,12,2025-06-12 12:00:00,2025-06-12 12:10:00,2025-06-13 12:00:00,2025-06-12 18:00:00,9516.902478695993,6000.0,144,72,0.0,1.1084466677857563e-10,2025-06-11,2025-05-31
2025-06-12,18,2025-06-12 18:00:00,2025-06-12 18:10:00,2025-06-13 18:00:00,2025-06-13 00:00:00,10800.0,6000.0,144,108,0.0,9.094947017729282e-13,2025-06-11,2025-05-31
2025-06-13,0,2025-06-13 00:00:00,2025-06-13 00:10:00,2025-06-14 00:00:00,2025-06-13 06:00:00,7065.7723611901065,6000.0,144,0,0.0,9.094947017729282e-13,2025-06-12,2025-05-31
2025-06-13,6,2025-06-13 06:00:00,2025-06-13 06:10:00,2025-06-14 06:00:00,2025-06-13 12:00:00,4627.428551300109,6000.0,144,36,0.0,1.8189894035458565e-12,2025-06-12,2025-05-31
2025-06-13,12,2025-06-13 12:00:00,2025-06-13 12:10:00,2025-06-14 12:00:00,2025-06-13 18:00:00,8989.981658707515,6000.0,144,72,0.0,2.0463630789890885e-12,2025-06-12,2025-05-31
2025-06-13,18,2025-06-13 18:00:00,2025-06-13 18:10:00,2025-06-14 18:00:00,2025-06-14 00:00:00,10783.379329202451,6000.0,144,108,0.0,1.8189894035458565e-12,2025-06-12,2025-05-31
2025-06-14,0,2025-06-14 00:00:00,2025-06-14 00:10:00,2025-06-15 00:00:00,2025-06-14 06:00:00,7164.505122610241,6000.0,144,0,0.0,1.8189894035458565e-12,2025-06-13,2025-05-31
2025-06-14,6,2025-06-14 06:00:00,2025-06-14 06:10:00,2025-06-15 06:00:00,2025-06-14 12:00:00,4506.630468893374,6000.0,144,36,0.0,5.5706550483591855e-12,2025-06-13,2025-05-31
2025-06-14,12,2025-06-14 12:00:00,2025-06-14 12:10:00,2025-06-15 12:00:00,2025-06-14 18:00:00,10800.0,6000.0,144,72,0.0,1.4210854715202004e-12,2025-06-13,2025-05-31
2025-06-14,18,2025-06-14 18:00:00,2025-06-14 18:10:00,2025-06-15 18:00:00,2025-06-15 00:00:00,10800.0,6000.0,144,108,0.0,2.7284841053187847e-12,2025-06-13,2025-05-31
2025-06-15,0,2025-06-15 00:00:00,2025-06-15 00:10:00,2025-06-16 00:00:00,2025-06-15 06:00:00,7638.664086042103,6000.0,144,0,0.0,1.2505552149377763e-12,2025-06-14,2025-05-31
2025-06-15,6,2025-06-15 06:00:00,2025-06-15 06:10:00,2025-06-16 06:00:00,2025-06-15 12:00:00,10114.9,6000.0,144,36,5.254143020970296e-16,1.4665602066088468e-11,2025-06-14,2025-05-31
2025-06-15,12,2025-06-15 12:00:00,2025-06-15 12:10:00,2025-06-16 12:00:00,2025-06-15 18:00:00,8049.883192803098,6000.0,144,72,9.722713701569045e-16,2.3874235921539366e-12,2025-06-14,2025-05-31
2025-06-15,18,2025-06-15 18:00:00,2025-06-15 18:10:00,2025-06-16 18:00:00,2025-06-16 00:00:00,10800.0,6000.0,144,108,0.0,2.3874235921539366e-12,2025-06-14,2025-05-31
2025-06-16,0,2025-06-16 00:00:00,2025-06-16 00:10:00,2025-06-17 00:00:00,2025-06-16 06:00:00,7827.138297249229,6000.0,144,0,0.0,9.094947017729282e-13,2025-06-15,2025-05-31
2025-06-16,6,2025-06-16 06:00:00,2025-06-16 06:10:00,2025-06-17 06:00:00,2025-06-16 12:00:00,9997.138449479166,6000.0,144,36,0.0,1.2164491636212915e-11,2025-06-15,2025-05-31
2025-06-16,12,2025-06-16 12:00:00,2025-06-16 12:10:00,2025-06-17 12:00:00,2025-06-16 18:00:00,7131.383655863762,6000.0,144,72,0.0,1.4901047507009935e-08,2025-06-15,2025-05-31
2025-06-16,18,2025-06-16 18:00:00,2025-06-16 18:10:00,2025-06-17 18:00:00,2025-06-17 00:00:00,10800.0,6000.0,144,108,0.0,1.8189894035458565e-12,2025-06-15,2025-05-31
2025-06-17,0,2025-06-17 00:00:00,2025-06-17 00:10:00,2025-06-18 00:00:00,2025-06-17 06:00:00,7802.903205856918,6000.0,144,0,0.0,3.751665644813329e-12,2025-06-16,2025-05-31
2025-06-17,6,2025-06-17 06:00:00,2025-06-17 06:10:00,2025-06-18 06:00:00,2025-06-17 12:00:00,10105.70925925926,6000.0,144,36,1.0506462056925145e-15,2.205524651799351e-11,2025-06-16,2025-05-31
2025-06-17,12,2025-06-17 12:00:00,2025-06-17 12:10:00,2025-06-18 12:00:00,2025-06-17 18:00:00,7819.731710711271,6000.0,144,72,7.020063968950926e-16,9.663381206337363e-12,2025-06-16,2025-05-31
2025-06-17,18,2025-06-17 18:00:00,2025-06-17 18:10:00,2025-06-18 18:00:00,2025-06-18 00:00:00,10800.0,6000.0,144,108,1.9012010437068905e-16,9.094947017729282e-13,2025-06-16,2025-05-31
2025-06-18,0,2025-06-18 00:00:00,2025-06-18 00:10:00,2025-06-19 00:00:00,2025-06-18 06:00:00,7504.30847436251,6000.0,144,0,0.0,2.2737367544323206e-12,2025-06-17,2025-05-31
2025-06-18,6,2025-06-18 06:00:00,2025-06-18 06:10:00,2025-06-19 06:00:00,2025-06-18 12:00:00,10145.591203703703,6000.0,144,36,0.0,2.3874235921539366e-11,2025-06-17,2025-05-31
2025-06-18,12,2025-06-18 12:00:00,2025-06-18 12:10:00,2025-06-19 12:00:00,2025-06-18 18:00:00,8546.81768447092,6000.0,144,72,3.2284758877524404e-16,4.547473508864641e-13,2025-06-17,2025-05-31
2025-06-18,18,2025-06-18 18:00:00,2025-06-18 18:10:00,2025-06-19 18:00:00,2025-06-19 00:00:00,10800.0,6000.0,144,108,0.0,9.094947017729282e-13,2025-06-17,2025-05-31
2025-06-19,0,2025-06-19 00:00:00,2025-06-19 00:10:00,2025-06-20 00:00:00,2025-06-19 06:00:00,7970.110693790075,6000.0,144,0,0.0,1.4779288903810084e-12,2025-06-18,2025-05-31
2025-06-19,6,2025-06-19 06:00:00,2025-06-19 06:10:00,2025-06-20 06:00:00,2025-06-19 12:00:00,10085.644907407408,6000.0,144,36,0.0,4.0813574742060155e-11,2025-06-18,2025-05-31
2025-06-19,12,2025-06-19 12:00:00,2025-06-19 12:10:00,2025-06-20 12:00:00,2025-06-19 18:00:00,10357.745192542681,6000.0,144,72,0.0,1.8189894035458565e-12,2025-06-18,2025-05-31
2025-06-19,18,2025-06-19 18:00:00,2025-06-19 18:10:00,2025-06-20 18:00:00,2025-06-20 00:00:00,10800.0,6000.0,144,108,0.0,9.094947017729282e-13,2025-06-18,2025-05-31
2025-06-20,0,2025-06-20 00:00:00,2025-06-20 00:10:00,2025-06-21 00:00:00,2025-06-20 06:00:00,7686.404594683884,6000.0,144,0,0.0,9.094947017729282e-13,2025-06-19,2025-05-31
2025-06-20,6,2025-06-20 06:00:00,2025-06-20 06:10:00,2025-06-21 06:00:00,2025-06-20 12:00:00,4241.7572434361,6000.0,144,36,4.533265359535694e-16,1.716671249596402e-11,2025-06-19,2025-05-31
2025-06-20,12,2025-06-20 12:00:00,2025-06-20 12:10:00,2025-06-21 12:00:00,2025-06-20 18:00:00,10800.0,6000.0,144,72,0.0,3.183231456205249e-12,2025-06-19,2025-05-31
2025-06-20,18,2025-06-20 18:00:00,2025-06-20 18:10:00,2025-06-21 18:00:00,2025-06-21 00:00:00,10800.0,6000.0,144,108,0.0,4.092726157978177e-12,2025-06-19,2025-05-31
2025-06-21,0,2025-06-21 00:00:00,2025-06-21 00:10:00,2025-06-22 00:00:00,2025-06-21 06:00:00,8324.17797728284,6000.0,144,0,0.0,2.9558577807620168e-12,2025-06-20,2025-05-31
2025-06-21,6,2025-06-21 06:00:00,2025-06-21 06:10:00,2025-06-22 06:00:00,2025-06-21 12:00:00,4023.9063081171416,6000.0,144,36,8.768284994712687e-16,3.922195901395753e-11,2025-06-20,2025-05-31
2025-06-21,12,2025-06-21 12:00:00,2025-06-21 12:10:00,2025-06-22 12:00:00,2025-06-21 18:00:00,10800.0,6000.0,144,72,5.225486551448446e-16,3.5356606531422585e-11,2025-06-20,2025-05-31
2025-06-21,18,2025-06-21 18:00:00,2025-06-21 18:10:00,2025-06-22 18:00:00,2025-06-22 00:00:00,10800.0,6000.0,144,108,4.245684695432625e-16,1.1823431123048067e-11,2025-06-20,2025-05-31
2025-06-22,0,2025-06-22 00:00:00,2025-06-22 00:10:00,2025-06-23 00:00:00,2025-06-22 06:00:00,8549.719178218917,6000.0,144,0,0.0,1.8189894035458565e-12,2025-06-21,2025-05-31
2025-06-22,6,2025-06-22 06:00:00,2025-06-22 06:10:00,2025-06-23 06:00:00,2025-06-22 12:00:00,10152.06851851852,6000.0,144,36,0.0,4.661160346586257e-12,2025-06-21,2025-05-31
2025-06-22,12,2025-06-22 12:00:00,2025-06-22 12:10:00,2025-06-23 12:00:00,2025-06-22 18:00:00,9683.150570321182,6000.0,144,72,0.0,9.094947017729282e-13,2025-06-21,2025-05-31
2025-06-22,18,2025-06-22 18:00:00,2025-06-22 18:10:00,2025-06-23 18:00:00,2025-06-23 00:00:00,10800.0,6000.0,144,108,0.0,9.094947017729282e-13,2025-06-21,2025-05-31
2025-06-23,0,2025-06-23 00:00:00,2025-06-23 00:10:00,2025-06-24 00:00:00,2025-06-23 06:00:00,7891.903690711323,6000.0,144,0,1.4766147241889294e-16,1.1368683772161603e-12,2025-06-22,2025-05-31
2025-06-23,6,2025-06-23 06:00:00,2025-06-23 06:10:00,2025-06-24 06:00:00,2025-06-23 12:00:00,10108.193055555555,6000.0,144,36,0.0,3.2741809263825417e-11,2025-06-22,2025-05-31
2025-06-23,12,2025-06-23 12:00:00,2025-06-23 12:10:00,2025-06-24 12:00:00,2025-06-23 18:00:00,9844.541683601645,6000.0,144,72,0.0,3.706739600613692e-12,2025-06-22,2025-05-31
2025-06-23,18,2025-06-23 18:00:00,2025-06-23 18:10:00,2025-06-24 18:00:00,2025-06-24 00:00:00,10800.0,6000.0,144,108,0.0,1.8189894035458565e-12,2025-06-22,2025-05-31
2025-06-24,0,2025-06-24 00:00:00,2025-06-24 00:10:00,2025-06-25 00:00:00,2025-06-24 06:00:00,7716.684632664739,6000.0,144,0,0.0,9.094947017729282e-13,2025-06-23,2025-05-31
2025-06-24,6,2025-06-24 06:00:00,2025-06-24 06:10:00,2025-06-25 06:00:00,2025-06-24 12:00:00,10068.93888888889,6000.0,144,36,0.0,1.8189894035458565e-12,2025-06-23,2025-05-31
2025-06-24,12,2025-06-24 12:00:00,2025-06-24 12:10:00,2025-06-25 12:00:00,2025-06-24 18:00:00,7433.288838322631,6000.0,144,72,0.0,6.821210263296962e-12,2025-06-23,2025-05-31
2025-06-24,18,2025-06-24 18:00:00,2025-06-24 18:10:00,2025-06-25 18:00:00,2025-06-25 00:00:00,10800.0,6000.0,144,108,0.0,1.8189894035458565e-12,2025-06-23,2025-05-31
2025-06-25,0,2025-06-25 00:00:00,2025-06-25 00:10:00,2025-06-26 00:00:00,2025-06-25 06:00:00,7796.352376198883,6000.0,144,0,0.0,4.547473508864641e-13,2025-06-24,2025-05-31
2025-06-25,6,2025-06-25 06:00:00,2025-06-25 06:10:00,2025-06-26 06:00:00,2025-06-25 12:00:00,10128.783796296297,6000.0,144,36,0.0,4.206412995699793e-12,2025-06-24,2025-05-31
2025-06-25,12,2025-06-25 12:00:00,2025-06-25 12:10:00,2025-06-26 12:00:00,2025-06-25 18:00:00,9545.997496715423,6000.0,144,72,2.936159325606993e-16,9.094947017729282e-13,2025-06-24,2025-05-31
2025-06-25,18,2025-06-25 18:00:00,2025-06-25 18:10:00,2025-06-26 18:00:00,2025-06-26 00:00:00,10800.0,6000.0,144,108,0.0,9.094947017729282e-13,2025-06-24,2025-05-31
2025-06-26,0,2025-06-26 00:00:00,2025-06-26 00:10:00,2025-06-27 00:00:00,2025-06-26 06:00:00,7809.848905729555,6000.0,144,0,0.0,3.410605131648481e-13,2025-06-25,2025-05-31
2025-06-26,6,2025-06-26 06:00:00,2025-06-26 06:10:00,2025-06-27 06:00:00,2025-06-26 12:00:00,10106.175,6000.0,144,36,0.0,2.9558577807620168e-12,2025-06-25,2025-05-31
2025-06-26,12,2025-06-26 12:00:00,2025-06-26 12:10:00,2025-06-27 12:00:00,2025-06-26 18:00:00,8967.233725876493,6000.0,144,72,0.0,4.922640073345974e-11,2025-06-25,2025-05-31
2025-06-26,18,2025-06-26 18:00:00,2025-06-26 18:10:00,2025-06-27 18:00:00,2025-06-27 00:00:00,10800.0,6000.0,144,108,0.0,3.751665644813329e-12,2025-06-25,2025-05-31
2025-06-27,0,2025-06-27 00:00:00,2025-06-27 00:10:00,2025-06-28 00:00:00,2025-06-27 06:00:00,7492.3118505483235,6000.0,144,0,0.0,3.637978807091713e-12,2025-06-26,2025-05-31
2025-06-27,6,2025-06-27 06:00:00,2025-06-27 06:10:00,2025-06-28 06:00:00,2025-06-27 12:00:00,4920.765316712866,6000.0,144,36,0.0,9.470113582210615e-11,2025-06-26,2025-05-31
2025-06-27,12,2025-06-27 12:00:00,2025-06-27 12:10:00,2025-06-28 12:00:00,2025-06-27 18:00:00,10800.0,6000.0,144,72,0.0,2.7284841053187847e-12,2025-06-26,2025-05-31
2025-06-27,18,2025-06-27 18:00:00,2025-06-27 18:10:00,2025-06-28 18:00:00,2025-06-28 00:00:00,10800.0,6000.0,144,108,0.0,9.094947017729282e-13,2025-06-26,2025-05-31
2025-06-28,0,2025-06-28 00:00:00,2025-06-28 00:10:00,2025-06-29 00:00:00,2025-06-28 06:00:00,8238.431543104507,6000.0,144,0,0.0,2.2737367544323206e-12,2025-06-27,2025-05-31
2025-06-28,6,2025-06-28 06:00:00,2025-06-28 06:10:00,2025-06-29 06:00:00,2025-06-28 12:00:00,3937.884331760179,6000.0,144,36,0.0,1.4779288903810084e-12,2025-06-27,2025-05-31
2025-06-28,12,2025-06-28 12:00:00,2025-06-28 12:10:00,2025-06-29 12:00:00,2025-06-28 18:00:00,10800.0,6000.0,144,72,0.0,9.094947017729282e-13,2025-06-27,2025-05-31
2025-06-28,18,2025-06-28 18:00:00,2025-06-28 18:10:00,2025-06-29 18:00:00,2025-06-29 00:00:00,10800.0,6000.0,144,108,4.2167376741370376e-16,1.8189894035458565e-12,2025-06-27,2025-05-31
2025-06-29,0,2025-06-29 00:00:00,2025-06-29 00:10:00,2025-06-30 00:00:00,2025-06-29 06:00:00,8162.865819377507,6000.0,144,0,0.0,2.0463630789890885e-12,2025-06-28,2025-05-31
2025-06-29,6,2025-06-29 06:00:00,2025-06-29 06:10:00,2025-06-30 06:00:00,2025-06-29 12:00:00,10117.772222222222,6000.0,144,36,0.0,3.296918293926865e-12,2025-06-28,2025-05-31
2025-06-29,12,2025-06-29 12:00:00,2025-06-29 12:10:00,2025-06-30 12:00:00,2025-06-29 18:00:00,9137.757779623069,6000.0,144,72,0.0,5.4569682106375694e-12,2025-06-28,2025-05-31
2025-06-29,18,2025-06-29 18:00:00,2025-06-29 18:10:00,2025-06-30 18:00:00,2025-06-30 00:00:00,10800.0,6000.0,144,108,0.0,9.094947017729282e-13,2025-06-28,2025-05-31
2025-06-30,0,2025-06-30 00:00:00,2025-06-30 00:10:00,2025-07-01 00:00:00,2025-06-30 06:00:00,7972.588076150271,6000.0,144,0,0.0,1.1368683772161603e-12,2025-06-29,2025-05-31
2025-06-30,6,2025-06-30 06:00:00,2025-06-30 06:10:00,2025-07-01 06:00:00,2025-06-30 12:00:00,10087.868518518519,6000.0,144,36,0.0,2.2737367544323206e-13,2025-06-29,2025-05-31
2025-06-30,12,2025-06-30 12:00:00,2025-06-30 12:10:00,2025-07-01 12:00:00,2025-06-30 18:00:00,8026.125899992429,6000.0,144,72,0.0,9.094947017729282e-13,2025-06-29,2025-05-31
2025-06-30,18,2025-06-30 18:00:00,2025-06-30 18:10:00,2025-07-01 18:00:00,2025-07-01 00:00:00,10800.0,6000.0,144,108,0.0,9.094947017729282e-13,2025-06-29,2025-05-31
2025-07-01,0,2025-07-01 00:00:00,2025-07-01 00:10:00,2025-07-02 00:00:00,2025-07-01 06:00:00,7249.6323204505725,6000.0,144,0,0.0,6.139089236967266e-12,2025-06-30,2025-06-30
2025-07-01,6,2025-07-01 06:00:00,2025-07-01 06:10:00,2025-07-02 06:00:00,2025-07-01 12:00:00,7601.612158256612,6000.0,144,36,0.0,1.0913936421275139e-11,2025-06-30,2025-06-30
2025-07-01,12,2025-07-01 12:00:00,2025-07-01 12:10:00,2025-07-02 12:00:00,2025-07-01 18:00:00,5858.475388148436,6000.0,144,72,0.0,7.721382644376718e-09,2025-06-30,2025-06-30
2025-07-01,18,2025-07-01 18:00:00,2025-07-01 18:10:00,2025-07-02 18:00:00,2025-07-02 00:00:00,7643.049038704633,6000.0,144,108,2.6068567565980453e-16,3.865352482534945e-12,2025-06-30,2025-06-30
2025-07-02,0,2025-07-02 00:00:00,2025-07-02 00:10:00,2025-07-03 00:00:00,2025-07-02 06:00:00,5309.115880050782,6000.0,144,0,0.0,4.433786671143025e-12,2025-07-01,2025-06-30
2025-07-02,6,2025-07-02 06:00:00,2025-07-02 06:10:00,2025-07-03 06:00:00,2025-07-02 12:00:00,8202.9039923127,6000.0,144,36,0.0,3.637978807091713e-12,2025-07-01,2025-06-30
2025-07-02,12,2025-07-02 12:00:00,2025-07-02 12:10:00,2025-07-03 12:00:00,2025-07-02 18:00:00,6080.741159631405,6000.0,144,72,0.0,2.7284841053187847e-12,2025-07-01,2025-06-30
2025-07-02,18,2025-07-02 18:00:00,2025-07-02 18:10:00,2025-07-03 18:00:00,2025-07-03 00:00:00,10706.254323339885,6000.0,144,108,0.0,1.3642420526593924e-11,2025-07-01,2025-06-30
2025-07-03,0,2025-07-03 00:00:00,2025-07-03 00:10:00,2025-07-04 00:00:00,2025-07-03 06:00:00,5920.416565562606,6000.0,144,0,0.0,5.343281372915953e-12,2025-07-02,2025-06-30
2025-07-03,6,2025-07-03 06:00:00,2025-07-03 06:10:00,2025-07-04 06:00:00,2025-07-03 12:00:00,8539.343025000338,6000.0,144,36,0.0,6.752998160663992e-11,2025-07-02,2025-06-30
2025-07-03,12,2025-07-03 12:00:00,2025-07-03 12:10:00,2025-07-04 12:00:00,2025-07-03 18:00:00,8759.569719146453,6000.0,144,72,4.0293149944227696e-16,2.2168933355715126e-12,2025-07-02,2025-06-30
2025-07-03,18,2025-07-03 18:00:00,2025-07-03 18:10:00,2025-07-04 18:00:00,2025-07-04 00:00:00,10576.731644558835,6000.0,144,108,0.0,6.480149750132114e-12,2025-07-02,2025-06-30
2025-07-04,0,2025-07-04 00:00:00,2025-07-04 00:10:00,2025-07-05 00:00:00,2025-07-04 06:00:00,5838.46160848775,6000.0,144,0,0.0,1.8189894035458565e-12,2025-07-03,2025-06-30
2025-07-04,6,2025-07-04 06:00:00,2025-07-04 06:10:00,2025-07-05 06:00:00,2025-07-04 12:00:00,1200.0,6000.0,144,36,3.17954940817e-16,1.1368683772161603e-12,2025-07-03,2025-06-30
2025-07-04,12,2025-07-04 12:00:00,2025-07-04 12:10:00,2025-07-05 12:00:00,2025-07-04 18:00:00,10800.0,6000.0,144,72,0.0,8.640199666842818e-12,2025-07-03,2025-06-30
2025-07-04,18,2025-07-04 18:00:00,2025-07-04 18:10:00,2025-07-05 18:00:00,2025-07-05 00:00:00,10022.227822493776,6000.0,144,108,0.0,3.183231456205249e-12,2025-07-03,2025-06-30
2025-07-05,0,2025-07-05 00:00:00,2025-07-05 00:10:00,2025-07-06 00:00:00,2025-07-05 06:00:00,5568.620849471642,6000.0,144,0,0.0,1.8189894035458565e-12,2025-07-04,2025-06-30
2025-07-05,6,2025-07-05 06:00:00,2025-07-05 06:10:00,2025-07-06 06:00:00,2025-07-05 12:00:00,3950.2806271430845,6000.0,144,36,0.0,3.7891823012614623e-10,2025-07-04,2025-06-30
2025-07-05,12,2025-07-05 12:00:00,2025-07-05 12:10:00,2025-07-06 12:00:00,2025-07-05 18:00:00,10800.0,6000.0,144,72,0.0,1.5157866073423065e-09,2025-07-04,2025-06-30
2025-07-05,18,2025-07-05 18:00:00,2025-07-05 18:10:00,2025-07-06 18:00:00,2025-07-06 00:00:00,10358.098580554592,6000.0,144,108,0.0,1.8189894035458565e-12,2025-07-04,2025-06-30
2025-07-06,0,2025-07-06 00:00:00,2025-07-06 00:10:00,2025-07-07 00:00:00,2025-07-06 06:00:00,6640.009047250579,6000.0,144,0,1.4703320385369247e-16,9.094947017729282e-13,2025-07-05,2025-06-30
2025-07-06,6,2025-07-06 06:00:00,2025-07-06 06:10:00,2025-07-07 06:00:00,2025-07-06 12:00:00,7706.843302851419,6000.0,144,36,0.0,1.8189894035458565e-12,2025-07-05,2025-06-30
2025-07-06,12,2025-07-06 12:00:00,2025-07-06 12:10:00,2025-07-07 12:00:00,2025-07-06 18:00:00,7172.9159497281535,6000.0,144,72,3.998708095326206e-16,9.094947017729282e-13,2025-07-05,2025-06-30
2025-07-06,18,2025-07-06 18:00:00,2025-07-06 18:10:00,2025-07-07 18:00:00,2025-07-07 00:00:00,10800.0,6000.0,144,108,0.0,4.661160346586257e-12,2025-07-05,2025-06-30
2025-07-07,0,2025-07-07 00:00:00,2025-07-07 00:10:00,2025-07-08 00:00:00,2025-07-07 06:00:00,4994.606535313078,6000.0,144,0,0.0,9.094947017729282e-13,2025-07-06,2025-06-30
2025-07-07,6,2025-07-07 06:00:00,2025-07-07 06:10:00,2025-07-08 06:00:00,2025-07-07 12:00:00,8351.061057889752,6000.0,144,36,1.8767017019232855e-15,1.8189894035458565e-12,2025-07-06,2025-06-30
2025-07-07,12,2025-07-07 12:00:00,2025-07-07 12:10:00,2025-07-08 12:00:00,2025-07-07 18:00:00,6564.841529344902,6000.0,144,72,3.4540898212089644e-16,6.900791049702093e-11,2025-07-06,2025-06-30
2025-07-07,18,2025-07-07 18:00:00,2025-07-07 18:10:00,2025-07-08 18:00:00,2025-07-08 00:00:00,10800.0,6000.0,144,108,1.277507029288111e-16,9.094947017729282e-13,2025-07-06,2025-06-30
2025-07-08,0,2025-07-08 00:00:00,2025-07-08 00:10:00,2025-07-09 00:00:00,2025-07-08 06:00:00,6051.9316550501535,6000.0,144,0,0.0,9.094947017729282e-13,2025-07-07,2025-06-30
2025-07-08,6,2025-07-08 06:00:00,2025-07-08 06:10:00,2025-07-09 06:00:00,2025-07-08 12:00:00,10045.1875,6000.0,144,36,0.0,6.139089236967266e-12,2025-07-07,2025-06-30
2025-07-08,12,2025-07-08 12:00:00,2025-07-08 12:10:00,2025-07-09 12:00:00,2025-07-08 18:00:00,9926.536373077353,6000.0,144,72,0.0,3.637978807091713e-12,2025-07-07,2025-06-30
2025-07-08,18,2025-07-08 18:00:00,2025-07-08 18:10:00,2025-07-09 18:00:00,2025-07-09 00:00:00,10800.0,6000.0,144,108,0.0,4.774847184307873e-12,2025-07-07,2025-06-30
2025-07-09,0,2025-07-09 00:00:00,2025-07-09 00:10:00,2025-07-10 00:00:00,2025-07-09 06:00:00,7631.788270401671,6000.0,144,0,0.0,9.094947017729282e-13,2025-07-08,2025-06-30
2025-07-09,6,2025-07-09 06:00:00,2025-07-09 06:10:00,2025-07-10 06:00:00,2025-07-09 12:00:00,10077.123148148148,6000.0,144,36,5.703442823199306e-16,3.171862772433087e-10,2025-07-08,2025-06-30
2025-07-09,12,2025-07-09 12:00:00,2025-07-09 12:10:00,2025-07-10 12:00:00,2025-07-09 18:00:00,10767.916616689523,6000.0,144,72,5.097482032279055e-16,1.8189894035458565e-12,2025-07-08,2025-06-30
2025-07-09,18,2025-07-09 18:00:00,2025-07-09 18:10:00,2025-07-10 18:00:00,2025-07-10 00:00:00,10800.0,6000.0,144,108,0.0,9.094947017729282e-13,2025-07-08,2025-06-30
2025-07-10,0,2025-07-10 00:00:00,2025-07-10 00:10:00,2025-07-11 00:00:00,2025-07-10 06:00:00,7883.274258103105,6000.0,144,0,0.0,3.751665644813329e-12,2025-07-09,2025-06-30
2025-07-10,6,2025-07-10 06:00:00,2025-07-10 06:10:00,2025-07-11 06:00:00,2025-07-10 12:00:00,10067.50925925926,6000.0,144,36,0.0,3.183231456205249e-12,2025-07-09,2025-06-30
2025-07-10,12,2025-07-10 12:00:00,2025-07-10 12:10:00,2025-07-11 12:00:00,2025-07-10 18:00:00,8347.381995704622,6000.0,144,72,0.0,3.5925040720030665e-11,2025-07-09,2025-06-30
2025-07-10,18,2025-07-10 18:00:00,2025-07-10 18:10:00,2025-07-11 18:00:00,2025-07-11 00:00:00,10800.0,6000.0,144,108,0.0,9.094947017729282e-13,2025-07-09,2025-06-30
2025-07-11,0,2025-07-11 00:00:00,2025-07-11 00:10:00,2025-07-12 00:00:00,2025-07-11 06:00:00,7538.127164376014,6000.0,144,0,0.0,4.547473508864641e-13,2025-07-10,2025-06-30
2025-07-11,6,2025-07-11 06:00:00,2025-07-11 06:10:00,2025-07-12 06:00:00,2025-07-11 12:00:00,4700.838778051746,6000.0,144,36,7.329306163640884e-16,3.6845904105575755e-10,2025-07-10,2025-06-30
2025-07-11,12,2025-07-11 12:00:00,2025-07-11 12:10:00,2025-07-12 12:00:00,2025-07-11 18:00:00,10408.663799348044,6000.0,144,72,0.0,1.8951595848193392e-10,2025-07-10,2025-06-30
2025-07-11,18,2025-07-11 18:00:00,2025-07-11 18:10:00,2025-07-12 18:00:00,2025-07-12 00:00:00,10800.0,6000.0,144,108,0.0,9.094947017729282e-13,2025-07-10,2025-06-30
2025-07-12,0,2025-07-12 00:00:00,2025-07-12 00:10:00,2025-07-13 00:00:00,2025-07-12 06:00:00,6602.923889581503,6000.0,144,0,0.0,9.094947017729282e-13,2025-07-11,2025-06-30
2025-07-12,6,2025-07-12 06:00:00,2025-07-12 06:10:00,2025-07-13 06:00:00,2025-07-12 12:00:00,5247.819865042103,6000.0,144,36,0.0,6.371010385919362e-10,2025-07-11,2025-06-30
2025-07-12,12,2025-07-12 12:00:00,2025-07-12 12:10:00,2025-07-13 12:00:00,2025-07-12 18:00:00,10800.0,6000.0,144,72,0.0,9.094947017729282e-13,2025-07-11,2025-06-30
2025-07-12,18,2025-07-12 18:00:00,2025-07-12 18:10:00,2025-07-13 18:00:00,2025-07-13 00:00:00,10800.0,6000.0,144,108,6.472329844457232e-16,9.470113582210615e-11,2025-07-11,2025-06-30
2025-07-13,0,2025-07-13 00:00:00,2025-07-13 00:10:00,2025-07-14 00:00:00,2025-07-13 06:00:00,6871.594326402296,6000.0,144,0,0.0,3.865352482534945e-12,2025-07-12,2025-06-30
2025-07-13,6,2025-07-13 06:00:00,2025-07-13 06:10:00,2025-07-14 06:00:00,2025-07-13 12:00:00,10064.354166666666,6000.0,144,36,0.0,2.2737367544323206e-12,2025-07-12,2025-06-30
2025-07-13,12,2025-07-13 12:00:00,2025-07-13 12:10:00,2025-07-14 12:00:00,2025-07-13 18:00:00,9786.44601485899,6000.0,144,72,0.0,6.707523425575346e-12,2025-07-12,2025-06-30
2025-07-13,18,2025-07-13 18:00:00,2025-07-13 18:10:00,2025-07-14 18:00:00,2025-07-14 00:00:00,10800.0,6000.0,144,108,0.0,2.2737367544323206e-13,2025-07-12,2025-06-30
2025-07-14,0,2025-07-14 00:00:00,2025-07-14 00:10:00,2025-07-15 00:00:00,2025-07-14 06:00:00,6746.257300303194,6000.0,144,0,0.0,9.094947017729282e-13,2025-07-13,2025-06-30
2025-07-14,6,2025-07-14 06:00:00,2025-07-14 06:10:00,2025-07-15 06:00:00,2025-07-14 12:00:00,10029.172685185185,6000.0,144,36,0.0,1.4438228390645236e-11,2025-07-13,2025-06-30
2025-07-14,12,2025-07-14 12:00:00,2025-07-14 12:10:00,2025-07-15 12:00:00,2025-07-14 18:00:00,9523.23575337587,6000.0,144,72,7.625078158648002e-16,3.7402969610411674e-11,2025-07-13,2025-06-30
2025-07-14,18,2025-07-14 18:00:00,2025-07-14 18:10:00,2025-07-15 18:00:00,2025-07-15 00:00:00,10748.692060821759,6000.0,144,108,0.0,9.094947017729282e-13,2025-07-13,2025-06-30
2025-07-15,0,2025-07-15 00:00:00,2025-07-15 00:10:00,2025-07-16 00:00:00,2025-07-15 06:00:00,7708.85819208237,6000.0,144,0,1.274588828439937e-16,2.7284841053187847e-12,2025-07-14,2025-06-30
2025-07-15,6,2025-07-15 06:00:00,2025-07-15 06:10:00,2025-07-16 06:00:00,2025-07-15 12:00:00,10036.193055555555,6000.0,144,36,0.0,9.094947017729282e-13,2025-07-14,2025-06-30
2025-07-15,12,2025-07-15 12:00:00,2025-07-15 12:10:00,2025-07-16 12:00:00,2025-07-15 18:00:00,10080.670617434607,6000.0,144,72,0.0,9.094947017729282e-13,2025-07-14,2025-06-30
2025-07-15,18,2025-07-15 18:00:00,2025-07-15 18:10:00,2025-07-16 18:00:00,2025-07-16 00:00:00,10800.0,6000.0,144,108,1.246997873574762e-16,9.094947017729282e-13,2025-07-14,2025-06-30
2025-07-16,0,2025-07-16 00:00:00,2025-07-16 00:10:00,2025-07-17 00:00:00,2025-07-16 06:00:00,8391.925339121626,6000.0,144,0,0.0,1.8189894035458565e-12,2025-07-15,2025-06-30
2025-07-16,6,2025-07-16 06:00:00,2025-07-16 06:10:00,2025-07-17 06:00:00,2025-07-16 12:00:00,9935.465740740741,6000.0,144,36,5.575893294504489e-16,1.8189894035458565e-12,2025-07-15,2025-06-30
2025-07-16,12,2025-07-16 12:00:00,2025-07-16 12:10:00,2025-07-17 12:00:00,2025-07-16 18:00:00,10380.313063817757,6000.0,144,72,0.0,1.8189894035458565e-12,2025-07-15,2025-06-30
2025-07-16,18,2025-07-16 18:00:00,2025-07-16 18:10:00,2025-07-17 18:00:00,2025-07-17 00:00:00,10800.0,6000.0,144,108,0.0,9.094947017729282e-13,2025-07-15,2025-06-30
2025-07-17,0,2025-07-17 00:00:00,2025-07-17 00:10:00,2025-07-18 00:00:00,2025-07-17 06:00:00,8048.708943911846,6000.0,144,0,1.3727741091715134e-16,5.002220859751105e-12,2025-07-16,2025-06-30
2025-07-17,6,2025-07-17 06:00:00,2025-07-17 06:10:00,2025-07-18 06:00:00,2025-07-17 12:00:00,10019.576851851853,6000.0,144,36,0.0,2.148681232938543e-11,2025-07-16,2025-06-30
2025-07-17,12,2025-07-17 12:00:00,2025-07-17 12:10:00,2025-07-18 12:00:00,2025-07-17 18:00:00,9126.526577373119,6000.0,144,72,0.0,9.094947017729282e-13,2025-07-16,2025-06-30
2025-07-17,18,2025-07-17 18:00:00,2025-07-17 18:10:00,2025-07-18 18:00:00,2025-07-18 00:00:00,10800.0,6000.0,144,108,0.0,2.9558577807620168e-12,2025-07-16,2025-06-30
2025-07-18,0,2025-07-18 00:00:00,2025-07-18 00:10:00,2025-07-19 00:00:00,2025-07-18 06:00:00,7567.09794553757,6000.0,144,0,0.0,1.8189894035458565e-12,2025-07-17,2025-06-30
2025-07-18,6,2025-07-18 06:00:00,2025-07-18 06:10:00,2025-07-19 06:00:00,2025-07-18 12:00:00,5975.292496183111,6000.0,144,36,0.0,7.366907084360719e-11,2025-07-17,2025-06-30
2025-07-18,12,2025-07-18 12:00:00,2025-07-18 12:10:00,2025-07-19 12:00:00,2025-07-18 18:00:00,10800.0,6000.0,144,72,0.0,2.2873791749589145e-10,2025-07-17,2025-06-30
2025-07-18,18,2025-07-18 18:00:00,2025-07-18 18:10:00,2025-07-19 18:00:00,2025-07-19 00:00:00,10800.0,6000.0,144,108,2.893858618131937e-16,9.094947017729282e-13,2025-07-17,2025-06-30
2025-07-19,0,2025-07-19 00:00:00,2025-07-19 00:10:00,2025-07-20 00:00:00,2025-07-19 06:00:00,7685.0353166705745,6000.0,144,0,0.0,2.2737367544323206e-12,2025-07-18,2025-06-30
2025-07-19,6,2025-07-19 06:00:00,2025-07-19 06:10:00,2025-07-20 06:00:00,2025-07-19 12:00:00,4610.416097043888,6000.0,144,36,7.015052566835607e-16,9.094947017729282e-13,2025-07-18,2025-06-30
2025-07-19,12,2025-07-19 12:00:00,2025-07-19 12:10:00,2025-07-20 12:00:00,2025-07-19 18:00:00,10800.0,6000.0,144,72,7.810797840030354e-16,1.1368683772161603e-12,2025-07-18,2025-06-30
2025-07-19,18,2025-07-19 18:00:00,2025-07-19 18:10:00,2025-07-20 18:00:00,2025-07-20 00:00:00,10800.0,6000.0,144,108,0.0,1.8189894035458565e-12,2025-07-18,2025-06-30
2025-07-20,0,2025-07-20 00:00:00,2025-07-20 00:10:00,2025-07-21 00:00:00,2025-07-20 06:00:00,6871.037175724681,6000.0,144,0,1.2755476297003572e-16,2.0463630789890885e-12,2025-07-19,2025-06-30
2025-07-20,6,2025-07-20 06:00:00,2025-07-20 06:10:00,2025-07-21 06:00:00,2025-07-20 12:00:00,10059.50925925926,6000.0,144,36,0.0,2.1600499167107046e-12,2025-07-19,2025-06-30
2025-07-20,12,2025-07-20 12:00:00,2025-07-20 12:10:00,2025-07-21 12:00:00,2025-07-20 18:00:00,8904.833386122058,6000.0,144,72,0.0,2.6830093702301383e-11,2025-07-19,2025-06-30
2025-07-20,18,2025-07-20 18:00:00,2025-07-20 18:10:00,2025-07-21 18:00:00,2025-07-21 00:00:00,10800.0,6000.0,144,108,0.0,1.4779288903810084e-12,2025-07-19,2025-06-30
2025-07-21,0,2025-07-21 00:00:00,2025-07-21 00:10:00,2025-07-22 00:00:00,2025-07-21 06:00:00,8123.782674533661,6000.0,144,0,1.277177910983103e-16,4.433786671143025e-12,2025-07-20,2025-06-30
2025-07-21,6,2025-07-21 06:00:00,2025-07-21 06:10:00,2025-07-22 06:00:00,2025-07-21 12:00:00,10027.259722222223,6000.0,144,36,0.0,9.094947017729282e-13,2025-07-20,2025-06-30
2025-07-21,12,2025-07-21 12:00:00,2025-07-21 12:10:00,2025-07-22 12:00:00,2025-07-21 18:00:00,9016.848470335939,6000.0,144,72,0.0,3.751665644813329e-12,2025-07-20,2025-06-30
2025-07-21,18,2025-07-21 18:00:00,2025-07-21 18:10:00,2025-07-22 18:00:00,2025-07-22 00:00:00,10800.0,6000.0,144,108,0.0,4.661160346586257e-12,2025-07-20,2025-06-30
2025-07-22,0,2025-07-22 00:00:00,2025-07-22 00:10:00,2025-07-23 00:00:00,2025-07-22 06:00:00,7953.362854080971,6000.0,144,0,0.0,2.2737367544323206e-13,2025-07-21,2025-06-30
2025-07-22,6,2025-07-22 06:00:00,2025-07-22 06:10:00,2025-07-23 06:00:00,2025-07-22 12:00:00,10000.95787037037,6000.0,144,36,3.522950284802859e-16,2.205524651799351e-11,2025-07-21,2025-06-30
2025-07-22,12,2025-07-22 12:00:00,2025-07-22 12:10:00,2025-07-23 12:00:00,2025-07-22 18:00:00,9268.083026467302,6000.0,144,72,0.0,4.1961811803048477e-10,2025-07-21,2025-06-30
2025-07-22,18,2025-07-22 18:00:00,2025-07-22 18:10:00,2025-07-23 18:00:00,2025-07-23 00:00:00,10800.0,6000.0,144,108,0.0,1.8189894035458565e-12,2025-07-21,2025-06-30
2025-07-23,0,2025-07-23 00:00:00,2025-07-23 00:10:00,2025-07-24 00:00:00,2025-07-23 06:00:00,7848.695929899547,6000.0,144,0,0.0,9.094947017729282e-13,2025-07-22,2025-06-30
2025-07-23,6,2025-07-23 06:00:00,2025-07-23 06:10:00,2025-07-24 06:00:00,2025-07-23 12:00:00,10045.068055555555,6000.0,144,36,0.0,7.185008144006133e-11,2025-07-22,2025-06-30
2025-07-23,12,2025-07-23 12:00:00,2025-07-23 12:10:00,2025-07-24 12:00:00,2025-07-23 18:00:00,10800.0,6000.0,144,72,0.0,1.0913936421275139e-11,2025-07-22,2025-06-30
2025-07-23,18,2025-07-23 18:00:00,2025-07-23 18:10:00,2025-07-24 18:00:00,2025-07-24 00:00:00,10800.0,6000.0,144,108,3.3727051980281146e-16,9.094947017729282e-13,2025-07-22,2025-06-30
2025-07-24,0,2025-07-24 00:00:00,2025-07-24 00:10:00,2025-07-25 00:00:00,2025-07-24 06:00:00,7677.179037429928,6000.0,144,0,1.1771630368991985e-16,1.1368683772161603e-12,2025-07-23,2025-06-30
2025-07-24,6,2025-07-24 06:00:00,2025-07-24 06:10:00,2025-07-25 06:00:00,2025-07-24 12:00:00,9965.501851851852,6000.0,144,36,1.6828034498923901e-15,9.094947017729282e-13,2025-07-23,2025-06-30
2025-07-24,12,2025-07-24 12:00:00,2025-07-24 12:10:00,2025-07-25 12:00:00,2025-07-24 18:00:00,10800.0,6000.0,144,72,0.0,9.811174095375463e-11,2025-07-23,2025-06-30
2025-07-24,18,2025-07-24 18:00:00,2025-07-24 18:10:00,2025-07-25 18:00:00,2025-07-25 00:00:00,10800.0,6000.0,144,108,6.53815410696871e-16,1.8189894035458565e-12,2025-07-23,2025-06-30
2025-07-25,0,2025-07-25 00:00:00,2025-07-25 00:10:00,2025-07-26 00:00:00,2025-07-25 06:00:00,8239.883453416762,6000.0,144,0,0.0,1.2505552149377763e-12,2025-07-24,2025-06-30
2025-07-25,6,2025-07-25 06:00:00,2025-07-25 06:10:00,2025-07-26 06:00:00,2025-07-25 12:00:00,5330.290824711419,6000.0,144,36,0.0,4.092726157978177e-12,2025-07-24,2025-06-30
2025-07-25,12,2025-07-25 12:00:00,2025-07-25 12:10:00,2025-07-26 12:00:00,2025-07-25 18:00:00,10800.0,6000.0,144,72,0.0,1.1141310096718371e-11,2025-07-24,2025-06-30
2025-07-25,18,2025-07-25 18:00:00,2025-07-25 18:10:00,2025-07-26 18:00:00,2025-07-26 00:00:00,10800.0,6000.0,144,108,3.23996180599781e-16,1.8189894035458565e-12,2025-07-24,2025-06-30
2025-07-26,0,2025-07-26 00:00:00,2025-07-26 00:10:00,2025-07-27 00:00:00,2025-07-26 06:00:00,7385.685138694296,6000.0,144,0,1.3245372203245593e-16,4.547473508864641e-13,2025-07-25,2025-06-30
2025-07-26,6,2025-07-26 06:00:00,2025-07-26 06:10:00,2025-07-27 06:00:00,2025-07-26 12:00:00,5383.892871916522,6000.0,144,36,1.3174684818348317e-15,7.435119186993688e-11,2025-07-25,2025-06-30
2025-07-26,12,2025-07-26 12:00:00,2025-07-26 12:10:00,2025-07-27 12:00:00,2025-07-26 18:00:00,10800.0,6000.0,144,72,4.962498221200521e-16,9.094947017729282e-13,2025-07-25,2025-06-30
2025-07-26,18,2025-07-26 18:00:00,2025-07-26 18:10:00,2025-07-27 18:00:00,2025-07-27 00:00:00,10800.0,6000.0,144,108,0.0,9.094947017729282e-13,2025-07-25,2025-06-30
2025-07-27,0,2025-07-27 00:00:00,2025-07-27 00:10:00,2025-07-28 00:00:00,2025-07-27 06:00:00,7083.986672490452,6000.0,144,0,2.6305459536470466e-16,9.094947017729282e-13,2025-07-26,2025-06-30
2025-07-27,6,2025-07-27 06:00:00,2025-07-27 06:10:00,2025-07-28 06:00:00,2025-07-27 12:00:00,10007.433796296296,6000.0,144,36,5.218893024739985e-16,3.183231456205249e-12,2025-07-26,2025-06-30
2025-07-27,12,2025-07-27 12:00:00,2025-07-27 12:10:00,2025-07-28 12:00:00,2025-07-27 18:00:00,9759.4819633084,6000.0,144,72,0.0,1.8189894035458565e-12,2025-07-26,2025-06-30
2025-07-27,18,2025-07-27 18:00:00,2025-07-27 18:10:00,2025-07-28 18:00:00,2025-07-28 00:00:00,10800.0,6000.0,144,108,0.0,4.206412995699793e-12,2025-07-26,2025-06-30
2025-07-28,0,2025-07-28 00:00:00,2025-07-28 00:10:00,2025-07-29 00:00:00,2025-07-28 06:00:00,7974.425043650176,6000.0,144,0,0.0,7.958078640513122e-13,2025-07-27,2025-06-30
2025-07-28,6,2025-07-28 06:00:00,2025-07-28 06:10:00,2025-07-29 06:00:00,2025-07-28 12:00:00,10048.331481481482,6000.0,144,36,0.0,2.2737367544323206e-13,2025-07-27,2025-06-30
2025-07-28,12,2025-07-28 12:00:00,2025-07-28 12:10:00,2025-07-29 12:00:00,2025-07-28 18:00:00,7310.5280717096375,6000.0,144,72,3.5681107946808487e-16,1.8189894035458565e-12,2025-07-27,2025-06-30
2025-07-28,18,2025-07-28 18:00:00,2025-07-28 18:10:00,2025-07-29 18:00:00,2025-07-29 00:00:00,10800.0,6000.0,144,108,0.0,1.8189894035458565e-12,2025-07-27,2025-06-30
2025-07-29,0,2025-07-29 00:00:00,2025-07-29 00:10:00,2025-07-30 00:00:00,2025-07-29 06:00:00,7643.710797153935,6000.0,144,0,0.0,9.094947017729282e-13,2025-07-28,2025-06-30
2025-07-29,6,2025-07-29 06:00:00,2025-07-29 06:10:00,2025-07-30 06:00:00,2025-07-29 12:00:00,10086.12962962963,6000.0,144,36,0.0,1.8189894035458565e-12,2025-07-28,2025-06-30
2025-07-29,12,2025-07-29 12:00:00,2025-07-29 12:10:00,2025-07-30 12:00:00,2025-07-29 18:00:00,9382.042877309606,6000.0,144,72,0.0,3.0285036700661294e-09,2025-07-28,2025-06-30
2025-07-29,18,2025-07-29 18:00:00,2025-07-29 18:10:00,2025-07-30 18:00:00,2025-07-30 00:00:00,10800.0,6000.0,144,108,0.0,1.8951595848193392e-10,2025-07-28,2025-06-30
2025-07-30,0,2025-07-30 00:00:00,2025-07-30 00:10:00,2025-07-31 00:00:00,2025-07-30 06:00:00,7687.547398680943,6000.0,144,0,1.4494962127446427e-16,1.8189894035458565e-12,2025-07-29,2025-06-30
2025-07-30,6,2025-07-30 06:00:00,2025-07-30 06:10:00,2025-07-31 06:00:00,2025-07-30 12:00:00,10122.796296296296,6000.0,144,36,0.0,2.0463630789890885e-12,2025-07-29,2025-06-30
2025-07-30,12,2025-07-30 12:00:00,2025-07-30 12:10:00,2025-07-31 12:00:00,2025-07-30 18:00:00,8691.278915643086,6000.0,144,72,0.0,8.86757334228605e-12,2025-07-29,2025-06-30
2025-07-30,18,2025-07-30 18:00:00,2025-07-30 18:10:00,2025-07-31 18:00:00,2025-07-31 00:00:00,10800.0,6000.0,144,108,0.0,9.094947017729282e-13,2025-07-29,2025-06-30
2025-07-31,0,2025-07-31 00:00:00,2025-07-31 00:10:00,2025-08-01 00:00:00,2025-07-31 06:00:00,7788.773186575375,6000.0,144,0,0.0,4.547473508864641e-13,2025-07-30,2025-06-30
2025-07-31,6,2025-07-31 06:00:00,2025-07-31 06:10:00,2025-08-01 06:00:00,2025-07-31 12:00:00,10043.608333333334,6000.0,144,36,0.0,1.5347723092418164e-11,2025-07-30,2025-06-30
2025-07-31,12,2025-07-31 12:00:00,2025-07-31 12:10:00,2025-08-01 12:00:00,2025-07-31 18:00:00,8767.886655139177,6000.0,144,72,0.0,1.2505552149377763e-12,2025-07-30,2025-06-30
2025-07-31,18,2025-07-31 18:00:00,2025-07-31 18:10:00,2025-08-01 18:00:00,2025-08-01 00:00:00,10800.0,6000.0,144,108,0.0,8.185452315956354e-12,2025-07-30,2025-06-30
2025-08-01,0,2025-08-01 00:00:00,2025-08-01 00:10:00,2025-08-02 00:00:00,2025-08-01 06:00:00,7161.999416215712,6000.0,144,0,0.0,2.2737367544323206e-13,2025-07-31,2025-07-31
2025-08-01,6,2025-08-01 06:00:00,2025-08-01 06:10:00,2025-08-02 06:00:00,2025-08-01 12:00:00,3551.7730255086826,6000.0,144,36,0.0,3.524291969370097e-12,2025-07-31,2025-07-31
2025-08-01,12,2025-08-01 12:00:00,2025-08-01 12:10:00,2025-08-02 12:00:00,2025-08-01 18:00:00,10800.0,6000.0,144,72,0.0,3.979039320256561e-11,2025-07-31,2025-07-31
2025-08-01,18,2025-08-01 18:00:00,2025-08-01 18:10:00,2025-08-02 18:00:00,2025-08-02 00:00:00,10800.0,6000.0,144,108,0.0,9.094947017729282e-13,2025-07-31,2025-07-31
2025-08-02,0,2025-08-02 00:00:00,2025-08-02 00:10:00,2025-08-03 00:00:00,2025-08-02 06:00:00,6651.933097760271,6000.0,144,0,0.0,4.206412995699793e-12,2025-08-01,2025-07-31
2025-08-02,6,2025-08-02 06:00:00,2025-08-02 06:10:00,2025-08-03 06:00:00,2025-08-02 12:00:00,4643.694573126735,6000.0,144,36,0.0,8.86757334228605e-12,2025-08-01,2025-07-31
2025-08-02,12,2025-08-02 12:00:00,2025-08-02 12:10:00,2025-08-03 12:00:00,2025-08-02 18:00:00,10800.0,6000.0,144,72,0.0,9.094947017729282e-13,2025-08-01,2025-07-31
2025-08-02,18,2025-08-02 18:00:00,2025-08-02 18:10:00,2025-08-03 18:00:00,2025-08-03 00:00:00,10800.0,6000.0,144,108,0.0,2.3646862246096134e-11,2025-08-01,2025-07-31
2025-08-03,0,2025-08-03 00:00:00,2025-08-03 00:10:00,2025-08-04 00:00:00,2025-08-03 06:00:00,6773.9310166304485,6000.0,144,0,1.5859049430755292e-16,7.16227077646181e-12,2025-08-02,2025-07-31
2025-08-03,6,2025-08-03 06:00:00,2025-08-03 06:10:00,2025-08-04 06:00:00,2025-08-03 12:00:00,9302.697277777777,6000.0,144,36,0.0,1.8189894035458565e-12,2025-08-02,2025-07-31
2025-08-03,12,2025-08-03 12:00:00,2025-08-03 12:10:00,2025-08-04 12:00:00,2025-08-03 18:00:00,7609.294777777775,6000.0,144,72,0.0,1.3263843356980942e-09,2025-08-02,2025-07-31
2025-08-03,18,2025-08-03 18:00:00,2025-08-03 18:10:00,2025-08-04 18:00:00,2025-08-04 00:00:00,10800.0,6000.0,144,108,0.0,1.8189894035458565e-12,2025-08-02,2025-07-31
2025-08-04,0,2025-08-04 00:00:00,2025-08-04 00:10:00,2025-08-05 00:00:00,2025-08-04 06:00:00,6361.53248478892,6000.0,144,0,0.0,4.206412995699793e-12,2025-08-03,2025-07-31
2025-08-04,6,2025-08-04 06:00:00,2025-08-04 06:10:00,2025-08-05 06:00:00,2025-08-04 12:00:00,9339.031722222222,6000.0,144,36,5.279253520965701e-16,5.775291356258094e-11,2025-08-03,2025-07-31
2025-08-04,12,2025-08-04 12:00:00,2025-08-04 12:10:00,2025-08-05 12:00:00,2025-08-04 18:00:00,8922.66392117197,6000.0,144,72,0.0,2.0463630789890885e-12,2025-08-03,2025-07-31
2025-08-04,18,2025-08-04 18:00:00,2025-08-04 18:10:00,2025-08-05 18:00:00,2025-08-05 00:00:00,10800.0,6000.0,144,108,1.3717850389552656e-16,2.2737367544323206e-12,2025-08-03,2025-07-31
2025-08-05,0,2025-08-05 00:00:00,2025-08-05 00:10:00,2025-08-06 00:00:00,2025-08-05 06:00:00,6967.639974939093,6000.0,144,0,0.0,4.547473508864641e-13,2025-08-04,2025-07-31
2025-08-05,6,2025-08-05 06:00:00,2025-08-05 06:10:00,2025-08-06 06:00:00,2025-08-05 12:00:00,10000.469298971644,6000.0,144,36,0.0,3.637978807091713e-12,2025-08-04,2025-07-31
2025-08-05,12,2025-08-05 12:00:00,2025-08-05 12:10:00,2025-08-06 12:00:00,2025-08-05 18:00:00,8841.422525550157,6000.0,144,72,0.0,3.2514435588382185e-11,2025-08-04,2025-07-31
2025-08-05,18,2025-08-05 18:00:00,2025-08-05 18:10:00,2025-08-06 18:00:00,2025-08-06 00:00:00,10800.0,6000.0,144,108,0.0,9.094947017729282e-13,2025-08-04,2025-07-31
2025-08-06,0,2025-08-06 00:00:00,2025-08-06 00:10:00,2025-08-07 00:00:00,2025-08-06 06:00:00,6790.04589495168,6000.0,144,0,0.0,9.094947017729282e-13,2025-08-05,2025-07-31
2025-08-06,6,2025-08-06 06:00:00,2025-08-06 06:10:00,2025-08-07 06:00:00,2025-08-06 12:00:00,9599.702761189046,6000.0,144,36,6.238838891650407e-16,5.923084245296195e-11,2025-08-05,2025-07-31
2025-08-06,12,2025-08-06 12:00:00,2025-08-06 12:10:00,2025-08-07 12:00:00,2025-08-06 18:00:00,7695.863705077938,6000.0,144,72,4.335063111517074e-16,2.5693225325085223e-11,2025-08-05,2025-07-31
2025-08-06,18,2025-08-06 18:00:00,2025-08-06 18:10:00,2025-08-07 18:00:00,2025-08-07 00:00:00,10800.0,6000.0,144,108,0.0,1.0913936421275139e-11,2025-08-05,2025-07-31
2025-08-07,0,2025-08-07 00:00:00,2025-08-07 00:10:00,2025-08-08 00:00:00,2025-08-07 06:00:00,6715.782732397426,6000.0,144,0,0.0,9.094947017729282e-13,2025-08-06,2025-07-31
2025-08-07,6,2025-08-07 06:00:00,2025-08-07 06:10:00,2025-08-08 06:00:00,2025-08-07 12:00:00,10033.251851851852,6000.0,144,36,0.0,7.16227077646181e-12,2025-08-06,2025-07-31
2025-08-07,12,2025-08-07 12:00:00,2025-08-07 12:10:00,2025-08-08 12:00:00,2025-08-07 18:00:00,10800.0,6000.0,144,72,1.4154127747747307e-15,4.547473508864641e-13,2025-08-06,2025-07-31
2025-08-07,18,2025-08-07 18:00:00,2025-08-07 18:10:00,2025-08-08 18:00:00,2025-08-08 00:00:00,10800.0,6000.0,144,108,0.0,9.094947017729282e-13,2025-08-06,2025-07-31
2025-08-08,0,2025-08-08 00:00:00,2025-08-08 00:10:00,2025-08-09 00:00:00,2025-08-08 06:00:00,6647.45915951823,6000.0,144,0,0.0,9.094947017729282e-13,2025-08-07,2025-07-31
2025-08-08,6,2025-08-08 06:00:00,2025-08-08 06:10:00,2025-08-09 06:00:00,2025-08-08 12:00:00,4863.179507496252,6000.0,144,36,3.8388541380438284e-16,9.094947017729282e-13,2025-08-07,2025-07-31
2025-08-08,12,2025-08-08 12:00:00,2025-08-08 12:10:00,2025-08-09 12:00:00,2025-08-08 18:00:00,10800.0,6000.0,144,72,0.0,4.013145371573046e-11,2025-08-07,2025-07-31
2025-08-08,18,2025-08-08 18:00:00,2025-08-08 18:10:00,2025-08-09 18:00:00,2025-08-09 00:00:00,10798.52719140625,6000.0,144,108,3.875636452046064e-16,2.2396307031158358e-11,2025-08-07,2025-07-31
2025-08-09,0,2025-08-09 00:00:00,2025-08-09 00:10:00,2025-08-10 00:00:00,2025-08-09 06:00:00,6558.70943462404,6000.0,144,0,0.0,1.8189894035458565e-12,2025-08-08,2025-07-31
2025-08-09,6,2025-08-09 06:00:00,2025-08-09 06:10:00,2025-08-10 06:00:00,2025-08-09 12:00:00,3920.715458965519,6000.0,144,36,0.0,1.4962230967494307e-11,2025-08-08,2025-07-31
2025-08-09,12,2025-08-09 12:00:00,2025-08-09 12:10:00,2025-08-10 12:00:00,2025-08-09 18:00:00,10800.0,6000.0,144,72,0.0,7.048583938740194e-12,2025-08-08,2025-07-31
2025-08-09,18,2025-08-09 18:00:00,2025-08-09 18:10:00,2025-08-10 18:00:00,2025-08-10 00:00:00,10800.0,6000.0,144,108,0.0,9.094947017729282e-12,2025-08-08,2025-07-31
2025-08-10,0,2025-08-10 00:00:00,2025-08-10 00:10:00,2025-08-11 00:00:00,2025-08-10 06:00:00,6582.430031531927,6000.0,144,0,0.0,1.1823431123048067e-11,2025-08-09,2025-07-31
2025-08-10,6,2025-08-10 06:00:00,2025-08-10 06:10:00,2025-08-11 06:00:00,2025-08-10 12:00:00,9336.241296296295,6000.0,144,36,6.309826243287447e-16,3.7971403799019754e-11,2025-08-09,2025-07-31
2025-08-10,12,2025-08-10 12:00:00,2025-08-10 12:10:00,2025-08-11 12:00:00,2025-08-10 18:00:00,8227.472265925924,6000.0,144,72,4.939098528371056e-16,7.958078640513122e-13,2025-08-09,2025-07-31
2025-08-10,18,2025-08-10 18:00:00,2025-08-10 18:10:00,2025-08-11 18:00:00,2025-08-11 00:00:00,10800.0,6000.0,144,108,0.0,4.433786671143025e-12,2025-08-09,2025-07-31
2025-08-11,0,2025-08-11 00:00:00,2025-08-11 00:10:00,2025-08-12 00:00:00,2025-08-11 06:00:00,6602.822911743492,6000.0,144,0,0.0,9.094947017729282e-13,2025-08-10,2025-07-31
2025-08-11,6,2025-08-11 06:00:00,2025-08-11 06:10:00,2025-08-12 06:00:00,2025-08-11 12:00:00,10057.57962962963,6000.0,144,36,0.0,3.410605131648481e-13,2025-08-10,2025-07-31
2025-08-11,12,2025-08-11 12:00:00,2025-08-11 12:10:00,2025-08-12 12:00:00,2025-08-11 18:00:00,8749.269083514082,6000.0,144,72,0.0,2.2737367544323206e-13,2025-08-10,2025-07-31
2025-08-11,18,2025-08-11 18:00:00,2025-08-11 18:10:00,2025-08-12 18:00:00,2025-08-12 00:00:00,10800.0,6000.0,144,108,0.0,9.094947017729282e-13,2025-08-10,2025-07-31
2025-08-12,0,2025-08-12 00:00:00,2025-08-12 00:10:00,2025-08-13 00:00:00,2025-08-12 06:00:00,6485.752778613572,6000.0,144,0,0.0,2.2737367544323206e-13,2025-08-11,2025-07-31
2025-08-12,6,2025-08-12 06:00:00,2025-08-12 06:10:00,2025-08-13 06:00:00,2025-08-12 12:00:00,10037.757783892748,6000.0,144,36,0.0,1.8189894035458565e-12,2025-08-11,2025-07-31
2025-08-12,12,2025-08-12 12:00:00,2025-08-12 12:10:00,2025-08-13 12:00:00,2025-08-12 18:00:00,9919.88695967834,6000.0,144,72,0.0,5.684341886080801e-13,2025-08-11,2025-07-31
2025-08-12,18,2025-08-12 18:00:00,2025-08-12 18:10:00,2025-08-13 18:00:00,2025-08-13 00:00:00,10800.0,6000.0,144,108,1.2976366092638162e-16,1.8189894035458565e-12,2025-08-11,2025-07-31
2025-08-13,0,2025-08-13 00:00:00,2025-08-13 00:10:00,2025-08-14 00:00:00,2025-08-13 06:00:00,6621.609859259548,6000.0,144,0,0.0,1.8189894035458565e-12,2025-08-12,2025-07-31
2025-08-13,6,2025-08-13 06:00:00,2025-08-13 06:10:00,2025-08-14 06:00:00,2025-08-13 12:00:00,9984.706018518518,6000.0,144,36,0.0,1.8189894035458565e-12,2025-08-12,2025-07-31
2025-08-13,12,2025-08-13 12:00:00,2025-08-13 12:10:00,2025-08-14 12:00:00,2025-08-13 18:00:00,8161.0259381114,6000.0,144,72,0.0,2.2396307031158358e-11,2025-08-12,2025-07-31
2025-08-13,18,2025-08-13 18:00:00,2025-08-13 18:10:00,2025-08-14 18:00:00,2025-08-14 00:00:00,10800.0,6000.0,144,108,0.0,1.8189894035458565e-12,2025-08-12,2025-07-31
2025-08-14,0,2025-08-14 00:00:00,2025-08-14 00:10:00,2025-08-15 00:00:00,2025-08-14 06:00:00,6961.898204607061,6000.0,144,0,0.0,1.2505552149377763e-12,2025-08-13,2025-07-31
2025-08-14,6,2025-08-14 06:00:00,2025-08-14 06:10:00,2025-08-15 06:00:00,2025-08-14 12:00:00,9953.7375,6000.0,144,36,0.0,1.8189894035458565e-12,2025-08-13,2025-07-31
2025-08-14,12,2025-08-14 12:00:00,2025-08-14 12:10:00,2025-08-15 12:00:00,2025-08-14 18:00:00,8436.697484773389,6000.0,144,72,0.0,1.7053025658242404e-12,2025-08-13,2025-07-31
2025-08-14,18,2025-08-14 18:00:00,2025-08-14 18:10:00,2025-08-15 18:00:00,2025-08-15 00:00:00,10800.0,6000.0,144,108,0.0,1.8189894035458565e-12,2025-08-13,2025-07-31
2025-08-15,0,2025-08-15 00:00:00,2025-08-15 00:10:00,2025-08-16 00:00:00,2025-08-15 06:00:00,6369.349990069444,6000.0,144,0,0.0,1.8189894035458565e-12,2025-08-14,2025-07-31
2025-08-15,6,2025-08-15 06:00:00,2025-08-15 06:10:00,2025-08-16 06:00:00,2025-08-15 12:00:00,3939.08096944889,6000.0,144,36,4.080495096128821e-16,1.8951595848193392e-10,2025-08-14,2025-07-31
2025-08-15,12,2025-08-15 12:00:00,2025-08-15 12:10:00,2025-08-16 12:00:00,2025-08-15 18:00:00,10800.0,6000.0,144,72,0.0,1.1368683772161603e-12,2025-08-14,2025-07-31
2025-08-15,18,2025-08-15 18:00:00,2025-08-15 18:10:00,2025-08-16 18:00:00,2025-08-16 00:00:00,10800.0,6000.0,144,108,0.0,2.3874235921539366e-12,2025-08-14,2025-07-31
2025-08-16,0,2025-08-16 00:00:00,2025-08-16 00:10:00,2025-08-17 00:00:00,2025-08-16 06:00:00,6251.173586812642,6000.0,144,0,0.0,1.1254996934439987e-11,2025-08-15,2025-07-31
2025-08-16,6,2025-08-16 06:00:00,2025-08-16 06:10:00,2025-08-17 06:00:00,2025-08-16 12:00:00,3055.3353841337257,6000.0,144,36,0.0,1.3642420526593924e-12,2025-08-15,2025-07-31
2025-08-16,12,2025-08-16 12:00:00,2025-08-16 12:10:00,2025-08-17 12:00:00,2025-08-16 18:00:00,10800.0,6000.0,144,72,0.0,3.183231456205249e-12,2025-08-15,2025-07-31
2025-08-16,18,2025-08-16 18:00:00,2025-08-16 18:10:00,2025-08-17 18:00:00,2025-08-17 00:00:00,10800.0,6000.0,144,108,3.927072084696433e-16,1.2050804798491299e-11,2025-08-15,2025-07-31
2025-08-17,0,2025-08-17 00:00:00,2025-08-17 00:10:00,2025-08-18 00:00:00,2025-08-17 06:00:00,6468.773597856918,6000.0,144,0,0.0,3.410605131648481e-13,2025-08-16,2025-07-31
2025-08-17,6,2025-08-17 06:00:00,2025-08-17 06:10:00,2025-08-18 06:00:00,2025-08-17 12:00:00,10023.10324074074,6000.0,144,36,0.0,1.9326762412674725e-12,2025-08-16,2025-07-31
2025-08-17,12,2025-08-17 12:00:00,2025-08-17 12:10:00,2025-08-18 12:00:00,2025-08-17 18:00:00,10584.353526666666,6000.0,144,72,0.0,1.2505552149377763e-12,2025-08-16,2025-07-31
2025-08-17,18,2025-08-17 18:00:00,2025-08-17 18:10:00,2025-08-18 18:00:00,2025-08-18 00:00:00,10800.0,6000.0,144,108,0.0,9.094947017729282e-13,2025-08-16,2025-07-31
2025-08-18,0,2025-08-18 00:00:00,2025-08-18 00:10:00,2025-08-19 00:00:00,2025-08-18 06:00:00,6642.192024752171,6000.0,144,0,0.0,1.1368683772161603e-12,2025-08-17,2025-07-31
2025-08-18,6,2025-08-18 06:00:00,2025-08-18 06:10:00,2025-08-19 06:00:00,2025-08-18 12:00:00,9923.411705459104,6000.0,144,36,6.440635616731864e-16,7.389644451905042e-12,2025-08-17,2025-07-31
2025-08-18,12,2025-08-18 12:00:00,2025-08-18 12:10:00,2025-08-19 12:00:00,2025-08-18 18:00:00,8876.67035335687,6000.0,144,72,0.0,9.833911462919787e-12,2025-08-17,2025-07-31
2025-08-18,18,2025-08-18 18:00:00,2025-08-18 18:10:00,2025-08-19 18:00:00,2025-08-19 00:00:00,10800.0,6000.0,144,108,2.1629875284443347e-16,9.094947017729282e-13,2025-08-17,2025-07-31
2025-08-19,0,2025-08-19 00:00:00,2025-08-19 00:10:00,2025-08-20 00:00:00,2025-08-19 06:00:00,6691.828063371671,6000.0,144,0,1.5383273383328153e-16,2.2737367544323206e-12,2025-08-18,2025-07-31
2025-08-19,6,2025-08-19 06:00:00,2025-08-19 06:10:00,2025-08-20 06:00:00,2025-08-19 12:00:00,10045.882407407407,6000.0,144,36,0.0,6.7793955664958375e-12,2025-08-18,2025-07-31
2025-08-19,12,2025-08-19 12:00:00,2025-08-19 12:10:00,2025-08-20 12:00:00,2025-08-19 18:00:00,8879.511023407214,6000.0,144,72,0.0,7.014477887423709e-11,2025-08-18,2025-07-31
2025-08-19,18,2025-08-19 18:00:00,2025-08-19 18:10:00,2025-08-20 18:00:00,2025-08-20 00:00:00,10800.0,6000.0,144,108,4.143482734743032e-16,1.8189894035458565e-12,2025-08-18,2025-07-31
2025-08-20,0,2025-08-20 00:00:00,2025-08-20 00:10:00,2025-08-21 00:00:00,2025-08-20 06:00:00,6617.5552388049755,6000.0,144,0,0.0,4.206412995699793e-12,2025-08-19,2025-07-31
2025-08-20,6,2025-08-20 06:00:00,2025-08-20 06:10:00,2025-08-21 06:00:00,2025-08-20 12:00:00,9980.894444444444,6000.0,144,36,0.0,2.2737367544323206e-13,2025-08-19,2025-07-31
2025-08-20,12,2025-08-20 12:00:00,2025-08-20 12:10:00,2025-08-21 12:00:00,2025-08-20 18:00:00,8642.27909925854,6000.0,144,72,0.0,1.8189894035458565e-12,2025-08-19,2025-07-31
2025-08-20,18,2025-08-20 18:00:00,2025-08-20 18:10:00,2025-08-21 18:00:00,2025-08-21 00:00:00,10740.745615112943,6000.0,144,108,1.2887521205193449e-16,5.5706550483591855e-12,2025-08-19,2025-07-31
2025-08-21,0,2025-08-21 00:00:00,2025-08-21 00:10:00,2025-08-22 00:00:00,2025-08-21 06:00:00,6716.807764850458,6000.0,144,0,0.0,1.8189894035458565e-12,2025-08-20,2025-07-31
2025-08-21,6,2025-08-21 06:00:00,2025-08-21 06:10:00,2025-08-22 06:00:00,2025-08-21 12:00:00,10033.994907407408,6000.0,144,36,0.0,8.86757334228605e-12,2025-08-20,2025-07-31
2025-08-21,12,2025-08-21 12:00:00,2025-08-21 12:10:00,2025-08-22 12:00:00,2025-08-21 18:00:00,10550.94938009877,6000.0,144,72,5.369245471336883e-16,5.752553988713771e-11,2025-08-20,2025-07-31
2025-08-21,18,2025-08-21 18:00:00,2025-08-21 18:10:00,2025-08-22 18:00:00,2025-08-22 00:00:00,10800.0,6000.0,144,108,0.0,4.661160346586257e-12,2025-08-20,2025-07-31
2025-08-22,0,2025-08-22 00:00:00,2025-08-22 00:10:00,2025-08-23 00:00:00,2025-08-22 06:00:00,6782.875369973818,6000.0,144,0,0.0,1.8189894035458565e-12,2025-08-21,2025-07-31
2025-08-22,6,2025-08-22 06:00:00,2025-08-22 06:10:00,2025-08-23 06:00:00,2025-08-22 12:00:00,3283.165607898101,6000.0,144,36,0.0,8.29913915367797e-12,2025-08-21,2025-07-31
2025-08-22,12,2025-08-22 12:00:00,2025-08-22 12:10:00,2025-08-23 12:00:00,2025-08-22 18:00:00,10800.0,6000.0,144,72,0.0,2.7284841053187847e-12,2025-08-21,2025-07-31
2025-08-22,18,2025-08-22 18:00:00,2025-08-22 18:10:00,2025-08-23 18:00:00,2025-08-23 00:00:00,10800.0,6000.0,144,108,0.0,7.73070496506989e-12,2025-08-21,2025-07-31
2025-08-23,0,2025-08-23 00:00:00,2025-08-23 00:10:00,2025-08-24 00:00:00,2025-08-23 06:00:00,6141.453245697483,6000.0,144,0,0.0,1.8189894035458565e-12,2025-08-22,2025-07-31
2025-08-23,6,2025-08-23 06:00:00,2025-08-23 06:10:00,2025-08-24 06:00:00,2025-08-23 12:00:00,4316.756642114151,6000.0,144,36,3.6706356013184483e-16,5.9117155615240335e-12,2025-08-22,2025-07-31
2025-08-23,12,2025-08-23 12:00:00,2025-08-23 12:10:00,2025-08-24 12:00:00,2025-08-23 18:00:00,10800.0,6000.0,144,72,0.0,5.6843418860808015e-12,2025-08-22,2025-07-31
2025-08-23,18,2025-08-23 18:00:00,2025-08-23 18:10:00,2025-08-24 18:00:00,2025-08-24 00:00:00,10800.0,6000.0,144,108,0.0,9.094947017729282e-13,2025-08-22,2025-07-31
2025-08-24,0,2025-08-24 00:00:00,2025-08-24 00:10:00,2025-08-25 00:00:00,2025-08-24 06:00:00,6467.715681587965,6000.0,144,0,0.0,9.094947017729282e-13,2025-08-23,2025-07-31
2025-08-24,6,2025-08-24 06:00:00,2025-08-24 06:10:00,2025-08-25 06:00:00,2025-08-24 12:00:00,9283.76474074074,6000.0,144,36,0.0,3.3310243452433497e-11,2025-08-23,2025-07-31
2025-08-24,12,2025-08-24 12:00:00,2025-08-24 12:10:00,2025-08-25 12:00:00,2025-08-24 18:00:00,7692.038228703702,6000.0,144,72,0.0,1.5120349416974932e-11,2025-08-23,2025-07-31
2025-08-24,18,2025-08-24 18:00:00,2025-08-24 18:10:00,2025-08-25 18:00:00,2025-08-25 00:00:00,10800.0,6000.0,144,108,1.238827984881799e-16,3.730065145646222e-10,2025-08-23,2025-07-31
2025-08-25,0,2025-08-25 00:00:00,2025-08-25 00:10:00,2025-08-26 00:00:00,2025-08-25 06:00:00,6811.198795703416,6000.0,144,0,2.3920026574883294e-16,1.8189894035458565e-12,2025-08-24,2025-07-31
2025-08-25,6,2025-08-25 06:00:00,2025-08-25 06:10:00,2025-08-26 06:00:00,2025-08-25 12:00:00,9974.8125,6000.0,144,36,0.0,4.0111913790497056e-11,2025-08-24,2025-07-31
2025-08-25,12,2025-08-25 12:00:00,2025-08-25 12:10:00,2025-08-26 12:00:00,2025-08-25 18:00:00,10800.0,6000.0,144,72,0.0,2.9103830456733704e-11,2025-08-24,2025-07-31
2025-08-25,18,2025-08-25 18:00:00,2025-08-25 18:10:00,2025-08-26 18:00:00,2025-08-26 00:00:00,10800.0,6000.0,144,108,0.0,1.77351466845721e-11,2025-08-24,2025-07-31
2025-08-26,0,2025-08-26 00:00:00,2025-08-26 00:10:00,2025-08-27 00:00:00,2025-08-26 06:00:00,6699.729406769102,6000.0,144,0,0.0,3.751665644813329e-12,2025-08-25,2025-07-31
2025-08-26,6,2025-08-26 06:00:00,2025-08-26 06:10:00,2025-08-27 06:00:00,2025-08-26 12:00:00,9632.247192998648,6000.0,144,36,5.412382019318965e-16,2.773958840407431e-11,2025-08-25,2025-07-31
2025-08-26,12,2025-08-26 12:00:00,2025-08-26 12:10:00,2025-08-27 12:00:00,2025-08-26 18:00:00,8155.265391152974,6000.0,144,72,3.4169277884740423e-16,2.3874235921539366e-12,2025-08-25,2025-07-31
2025-08-26,18,2025-08-26 18:00:00,2025-08-26 18:10:00,2025-08-27 18:00:00,2025-08-27 00:00:00,10800.0,6000.0,144,108,0.0,3.751665644813329e-12,2025-08-25,2025-07-31
2025-08-27,0,2025-08-27 00:00:00,2025-08-27 00:10:00,2025-08-28 00:00:00,2025-08-27 06:00:00,6994.94977928342,6000.0,144,0,0.0,2.0691004465334117e-11,2025-08-26,2025-07-31
2025-08-27,6,2025-08-27 06:00:00,2025-08-27 06:10:00,2025-08-28 06:00:00,2025-08-27 12:00:00,9963.419444444444,6000.0,144,36,0.0,2.871729520848021e-10,2025-08-26,2025-07-31
2025-08-27,12,2025-08-27 12:00:00,2025-08-27 12:10:00,2025-08-28 12:00:00,2025-08-27 18:00:00,9499.884704923275,6000.0,144,72,3.459534811072286e-16,2.0122570276726037e-11,2025-08-26,2025-07-31
2025-08-27,18,2025-08-27 18:00:00,2025-08-27 18:10:00,2025-08-28 18:00:00,2025-08-28 00:00:00,10800.0,6000.0,144,108,0.0,9.777068044058979e-12,2025-08-26,2025-07-31
2025-08-28,0,2025-08-28 00:00:00,2025-08-28 00:10:00,2025-08-29 00:00:00,2025-08-28 06:00:00,6759.644747876738,6000.0,144,0,0.0,2.4647306418046355e-10,2025-08-27,2025-07-31
2025-08-28,6,2025-08-28 06:00:00,2025-08-28 06:10:00,2025-08-29 06:00:00,2025-08-28 12:00:00,9932.465740740741,6000.0,144,36,0.0,2.2737367544323206e-13,2025-08-27,2025-07-31
2025-08-28,12,2025-08-28 12:00:00,2025-08-28 12:10:00,2025-08-29 12:00:00,2025-08-28 18:00:00,6638.861840176653,6000.0,144,72,0.0,4.774847184307873e-12,2025-08-27,2025-07-31
2025-08-28,18,2025-08-28 18:00:00,2025-08-28 18:10:00,2025-08-29 18:00:00,2025-08-29 00:00:00,10800.0,6000.0,144,108,0.0,9.094947017729282e-13,2025-08-27,2025-07-31
2025-08-29,0,2025-08-29 00:00:00,2025-08-29 00:10:00,2025-08-30 00:00:00,2025-08-29 06:00:00,6839.842473980905,6000.0,144,0,0.0,2.3874235921539366e-11,2025-08-28,2025-07-31
2025-08-29,6,2025-08-29 06:00:00,2025-08-29 06:10:00,2025-08-30 06:00:00,2025-08-29 12:00:00,5655.721702166762,6000.0,144,36,0.0,1.1823431123048067e-11,2025-08-28,2025-07-31
2025-08-29,12,2025-08-29 12:00:00,2025-08-29 12:10:00,2025-08-30 12:00:00,2025-08-29 18:00:00,10800.0,6000.0,144,72,0.0,2.2737367544323206e-12,2025-08-28,2025-07-31
2025-08-29,18,2025-08-29 18:00:00,2025-08-29 18:10:00,2025-08-30 18:00:00,2025-08-30 00:00:00,10800.0,6000.0,144,108,0.0,9.777068044058979e-12,2025-08-28,2025-07-31
2025-08-30,0,2025-08-30 00:00:00,2025-08-30 00:10:00,2025-08-31 00:00:00,2025-08-30 06:00:00,6837.205491191115,6000.0,144,0,0.0,1.057287590811029e-11,2025-08-29,2025-07-31
2025-08-30,6,2025-08-30 06:00:00,2025-08-30 06:10:00,2025-08-31 06:00:00,2025-08-30 12:00:00,3893.868581600021,6000.0,144,36,0.0,5.002220859751105e-12,2025-08-29,2025-07-31
2025-08-30,12,2025-08-30 12:00:00,2025-08-30 12:10:00,2025-08-31 12:00:00,2025-08-30 18:00:00,10800.0,6000.0,144,72,0.0,8.640199666842818e-12,2025-08-29,2025-07-31
2025-08-30,18,2025-08-30 18:00:00,2025-08-30 18:10:00,2025-08-31 18:00:00,2025-08-31 00:00:00,10785.308721687741,6000.0,144,108,0.0,1.8189894035458565e-12,2025-08-29,2025-07-31
2025-08-31,0,2025-08-31 00:00:00,2025-08-31 00:10:00,2025-09-01 00:00:00,2025-08-31 06:00:00,6364.354097924624,6000.0,144,0,0.0,5.002220859751105e-12,2025-08-30,2025-07-31
2025-08-31,6,2025-08-31 06:00:00,2025-08-31 06:10:00,2025-09-01 06:00:00,2025-08-31 12:00:00,9133.32824074074,6000.0,144,36,5.496567908382068e-16,4.661160346586257e-12,2025-08-30,2025-07-31
2025-08-31,12,2025-08-31 12:00:00,2025-08-31 12:10:00,2025-09-01 12:00:00,2025-08-31 18:00:00,6384.179592222222,6000.0,144,72,4.88472196208522e-16,3.1071749617694877e-09,2025-08-30,2025-07-31
2025-08-31,18,2025-08-31 18:00:00,2025-08-31 18:10:00,2025-09-01 18:00:00,2025-09-01 00:00:00,10800.0,6000.0,144,108,0.0,9.094947017729282e-13,2025-08-30,2025-07-31
2025-09-01,0,2025-09-01 00:00:00,2025-09-01 00:10:00,2025-09-02 00:00:00,2025-09-01 06:00:00,6937.402949409145,6000.0,144,0,0.0,7.958078640513122e-13,2025-08-31,2025-08-31
2025-09-01,6,2025-09-01 06:00:00,2025-09-01 06:10:00,2025-09-02 06:00:00,2025-09-01 12:00:00,10019.87037037037,6000.0,144,36,0.0,1.8189894035458565e-12,2025-08-31,2025-08-31
2025-09-01,12,2025-09-01 12:00:00,2025-09-01 12:10:00,2025-09-02 12:00:00,2025-09-01 18:00:00,10800.0,6000.0,144,72,0.0,7.389644451905042e-12,2025-08-31,2025-08-31
2025-09-01,18,2025-09-01 18:00:00,2025-09-01 18:10:00,2025-09-02 18:00:00,2025-09-02 00:00:00,10800.0,6000.0,144,108,0.0,2.4253154151665512e-08,2025-08-31,2025-08-31
2025-09-02,0,2025-09-02 00:00:00,2025-09-02 00:10:00,2025-09-03 00:00:00,2025-09-02 06:00:00,9652.862815467592,6000.0,144,0,0.0,5.684341886080801e-13,2025-09-01,2025-08-31
2025-09-02,6,2025-09-02 06:00:00,2025-09-02 06:10:00,2025-09-03 06:00:00,2025-09-02 12:00:00,9929.004263797262,6000.0,144,36,1.8348896451620287e-15,6.480149750132114e-12,2025-09-01,2025-08-31
2025-09-02,12,2025-09-02 12:00:00,2025-09-02 12:10:00,2025-09-03 12:00:00,2025-09-02 18:00:00,8666.426803103874,6000.0,144,72,5.207897134979914e-16,2.177102942368947e-11,2025-09-01,2025-08-31
2025-09-02,18,2025-09-02 18:00:00,2025-09-02 18:10:00,2025-09-03 18:00:00,2025-09-03 00:00:00,10800.0,6000.0,144,108,1.698974843670254e-16,1.3869794202037156e-11,2025-09-01,2025-08-31
2025-09-03,0,2025-09-03 00:00:00,2025-09-03 00:10:00,2025-09-04 00:00:00,2025-09-03 06:00:00,8854.976249631367,6000.0,144,0,1.646343370180578e-16,2.2737367544323206e-12,2025-09-02,2025-08-31
2025-09-03,6,2025-09-03 06:00:00,2025-09-03 06:10:00,2025-09-04 06:00:00,2025-09-03 12:00:00,9973.114351851851,6000.0,144,36,0.0,9.094947017729282e-13,2025-09-02,2025-08-31
2025-09-03,12,2025-09-03 12:00:00,2025-09-03 12:10:00,2025-09-04 12:00:00,2025-09-03 18:00:00,9818.619429283899,6000.0,144,72,0.0,1.1254996934439987e-11,2025-09-02,2025-08-31
2025-09-03,18,2025-09-03 18:00:00,2025-09-03 18:10:00,2025-09-04 18:00:00,2025-09-04 00:00:00,10800.0,6000.0,144,108,0.0,1.8189894035458565e-12,2025-09-02,2025-08-31
2025-09-04,0,2025-09-04 00:00:00,2025-09-04 00:10:00,2025-09-05 00:00:00,2025-09-04 06:00:00,8588.882953919558,6000.0,144,0,1.6763689377230762e-16,9.094947017729282e-13,2025-09-03,2025-08-31
2025-09-04,6,2025-09-04 06:00:00,2025-09-04 06:10:00,2025-09-05 06:00:00,2025-09-04 12:00:00,9249.368351851852,6000.0,144,36,1.893149262119202e-15,2.6261659513693303e-11,2025-09-03,2025-08-31
2025-09-04,12,2025-09-04 12:00:00,2025-09-04 12:10:00,2025-09-05 12:00:00,2025-09-04 18:00:00,8121.264452962965,6000.0,144,72,1.2944131296055602e-15,2.7127354880935665e-09,2025-09-03,2025-08-31
2025-09-04,18,2025-09-04 18:00:00,2025-09-04 18:10:00,2025-09-05 18:00:00,2025-09-05 00:00:00,10800.0,6000.0,144,108,0.0,3.2173375075217336e-11,2025-09-03,2025-08-31
2025-09-05,0,2025-09-05 00:00:00,2025-09-05 00:10:00,2025-09-06 00:00:00,2025-09-05 06:00:00,8443.448985885994,6000.0,144,0,0.0,9.094947017729282e-13,2025-09-04,2025-08-31
2025-09-05,6,2025-09-05 06:00:00,2025-09-05 06:10:00,2025-09-06 06:00:00,2025-09-05 12:00:00,6589.963213468699,6000.0,144,36,0.0,3.865352482534945e-12,2025-09-04,2025-08-31
2025-09-05,12,2025-09-05 12:00:00,2025-09-05 12:10:00,2025-09-06 12:00:00,2025-09-05 18:00:00,10800.0,6000.0,144,72,0.0,9.094947017729282e-13,2025-09-04,2025-08-31
2025-09-05,18,2025-09-05 18:00:00,2025-09-05 18:10:00,2025-09-06 18:00:00,2025-09-06 00:00:00,10800.0,6000.0,144,108,0.0,3.524291969370097e-12,2025-09-04,2025-08-31
2025-09-06,0,2025-09-06 00:00:00,2025-09-06 00:10:00,2025-09-07 00:00:00,2025-09-06 06:00:00,9424.793379889325,6000.0,144,0,0.0,3.979039320256561e-11,2025-09-05,2025-08-31
2025-09-06,6,2025-09-06 06:00:00,2025-09-06 06:10:00,2025-09-07 06:00:00,2025-09-06 12:00:00,5793.789382255596,6000.0,144,36,0.0,1.8189894035458565e-11,2025-09-05,2025-08-31
2025-09-06,12,2025-09-06 12:00:00,2025-09-06 12:10:00,2025-09-07 12:00:00,2025-09-06 18:00:00,10800.0,6000.0,144,72,0.0,1.8189894035458565e-12,2025-09-05,2025-08-31
2025-09-06,18,2025-09-06 18:00:00,2025-09-06 18:10:00,2025-09-07 18:00:00,2025-09-07 00:00:00,10800.0,6000.0,144,108,4.665679285200252e-16,9.094947017729282e-13,2025-09-05,2025-08-31
2025-09-07,0,2025-09-07 00:00:00,2025-09-07 00:10:00,2025-09-08 00:00:00,2025-09-07 06:00:00,9669.758305173897,6000.0,144,0,0.0,7.958078640513122e-13,2025-09-06,2025-08-31
2025-09-07,6,2025-09-07 06:00:00,2025-09-07 06:10:00,2025-09-08 06:00:00,2025-09-07 12:00:00,9260.124685185185,6000.0,144,36,4.623267463100928e-16,1.830358087318018e-11,2025-09-06,2025-08-31
2025-09-07,12,2025-09-07 12:00:00,2025-09-07 12:10:00,2025-09-08 12:00:00,2025-09-07 18:00:00,8808.936330685765,6000.0,144,72,5.474462899718386e-16,2.0941115508321673e-10,2025-09-06,2025-08-31
2025-09-07,18,2025-09-07 18:00:00,2025-09-07 18:10:00,2025-09-08 18:00:00,2025-09-08 00:00:00,10800.0,6000.0,144,108,0.0,2.4512019081157632e-09,2025-09-06,2025-08-31
2025-09-08,0,2025-09-08 00:00:00,2025-09-08 00:10:00,2025-09-09 00:00:00,2025-09-08 06:00:00,7840.883005174482,6000.0,144,0,1.7118118038202624e-16,5.002220859751105e-12,2025-09-07,2025-08-31
2025-09-08,6,2025-09-08 06:00:00,2025-09-08 06:10:00,2025-09-09 06:00:00,2025-09-08 12:00:00,9946.024287610919,6000.0,144,36,0.0,3.1604940886609256e-11,2025-09-07,2025-08-31
2025-09-08,12,2025-09-08 12:00:00,2025-09-08 12:10:00,2025-09-09 12:00:00,2025-09-08 18:00:00,9367.616889334879,6000.0,144,72,0.0,1.8189894035458565e-12,2025-09-07,2025-08-31
2025-09-08,18,2025-09-08 18:00:00,2025-09-08 18:10:00,2025-09-09 18:00:00,2025-09-09 00:00:00,10789.613082856675,6000.0,144,108,1.5531002407416397e-16,1.8189894035458565e-12,2025-09-07,2025-08-31
2025-09-09,0,2025-09-09 00:00:00,2025-09-09 00:10:00,2025-09-10 00:00:00,2025-09-09 06:00:00,6908.135524796732,6000.0,144,0,0.0,9.094947017729282e-13,2025-09-08,2025-08-31
2025-09-09,6,2025-09-09 06:00:00,2025-09-09 06:10:00,2025-09-10 06:00:00,2025-09-09 12:00:00,9279.187944444446,6000.0,144,36,0.0,1.6154899640241638e-10,2025-09-08,2025-08-31
2025-09-09,12,2025-09-09 12:00:00,2025-09-09 12:10:00,2025-09-10 12:00:00,2025-09-09 18:00:00,8275.165731705489,6000.0,144,72,0.0,4.3655745685100555e-11,2025-09-08,2025-08-31
2025-09-09,18,2025-09-09 18:00:00,2025-09-09 18:10:00,2025-09-10 18:00:00,2025-09-10 00:00:00,10800.0,6000.0,144,108,0.0,1.4779288903810084e-12,2025-09-08,2025-08-31
2025-09-10,0,2025-09-10 00:00:00,2025-09-10 00:10:00,2025-09-11 00:00:00,2025-09-10 06:00:00,6843.112643036895,6000.0,144,0,0.0,2.2737367544323206e-13,2025-09-09,2025-08-31
2025-09-10,6,2025-09-10 06:00:00,2025-09-10 06:10:00,2025-09-11 06:00:00,2025-09-10 12:00:00,9901.89212962963,6000.0,144,36,7.149485119939382e-16,6.139089236967266e-12,2025-09-09,2025-08-31
2025-09-10,12,2025-09-10 12:00:00,2025-09-10 12:10:00,2025-09-11 12:00:00,2025-09-10 18:00:00,8544.60052774899,6000.0,144,72,3.4822138164198884e-16,6.139089236967266e-12,2025-09-09,2025-08-31
2025-09-10,18,2025-09-10 18:00:00,2025-09-10 18:10:00,2025-09-11 18:00:00,2025-09-11 00:00:00,10747.08477010055,6000.0,144,108,1.4963517609945145e-16,1.3301360013429075e-11,2025-09-09,2025-08-31
2025-09-11,0,2025-09-11 00:00:00,2025-09-11 00:10:00,2025-09-12 00:00:00,2025-09-11 06:00:00,6788.504761039788,6000.0,144,0,0.0,1.8189894035458565e-12,2025-09-10,2025-08-31
2025-09-11,6,2025-09-11 06:00:00,2025-09-11 06:10:00,2025-09-12 06:00:00,2025-09-11 12:00:00,9977.1625,6000.0,144,36,0.0,2.080582817143295e-09,2025-09-10,2025-08-31
2025-09-11,12,2025-09-11 12:00:00,2025-09-11 12:10:00,2025-09-12 12:00:00,2025-09-11 18:00:00,8432.235500925926,6000.0,144,72,0.0,2.6352608983870596e-10,2025-09-10,2025-08-31
2025-09-11,18,2025-09-11 18:00:00,2025-09-11 18:10:00,2025-09-12 18:00:00,2025-09-12 00:00:00,10800.0,6000.0,144,108,4.653585017754103e-16,4.206412995699793e-12,2025-09-10,2025-08-31
2025-09-12,0,2025-09-12 00:00:00,2025-09-12 00:10:00,2025-09-13 00:00:00,2025-09-12 06:00:00,7001.907842621095,6000.0,144,0,0.0,9.094947017729282e-13,2025-09-11,2025-08-31
2025-09-12,6,2025-09-12 06:00:00,2025-09-12 06:10:00,2025-09-13 06:00:00,2025-09-12 12:00:00,5205.769469013552,6000.0,144,36,4.689817421052207e-16,2.0463630789890885e-12,2025-09-11,2025-08-31
2025-09-12,12,2025-09-12 12:00:00,2025-09-12 12:10:00,2025-09-13 12:00:00,2025-09-12 18:00:00,10800.0,6000.0,144,72,3.8184605407453565e-16,1.2505552149377763e-12,2025-09-11,2025-08-31
2025-09-12,18,2025-09-12 18:00:00,2025-09-12 18:10:00,2025-09-13 18:00:00,2025-09-13 00:00:00,10800.0,6000.0,144,108,0.0,1.8189894035458565e-12,2025-09-11,2025-08-31
2025-09-13,0,2025-09-13 00:00:00,2025-09-13 00:10:00,2025-09-14 00:00:00,2025-09-13 06:00:00,8200.933468138888,6000.0,144,0,0.0,4.547473508864641e-13,2025-09-12,2025-08-31
2025-09-13,6,2025-09-13 06:00:00,2025-09-13 06:10:00,2025-09-14 06:00:00,2025-09-13 12:00:00,5066.578532154853,6000.0,144,36,0.0,3.637978807091713e-12,2025-09-12,2025-08-31
2025-09-13,12,2025-09-13 12:00:00,2025-09-13 12:10:00,2025-09-14 12:00:00,2025-09-13 18:00:00,10800.0,6000.0,144,72,0.0,1.8189894035458565e-12,2025-09-12,2025-08-31
2025-09-13,18,2025-09-13 18:00:00,2025-09-13 18:10:00,2025-09-14 18:00:00,2025-09-14 00:00:00,10800.0,6000.0,144,108,0.0,1.8189894035458565e-12,2025-09-12,2025-08-31
2025-09-14,0,2025-09-14 00:00:00,2025-09-14 00:10:00,2025-09-15 00:00:00,2025-09-14 06:00:00,7480.995525819734,6000.0,144,0,0.0,1.057287590811029e-11,2025-09-13,2025-08-31
2025-09-14,6,2025-09-14 06:00:00,2025-09-14 06:10:00,2025-09-15 06:00:00,2025-09-14 12:00:00,9957.916203703704,6000.0,144,36,0.0,2.21882601181278e-09,2025-09-13,2025-08-31
2025-09-14,12,2025-09-14 12:00:00,2025-09-14 12:10:00,2025-09-15 12:00:00,2025-09-14 18:00:00,10800.0,6000.0,144,72,0.0,1.8258106138091534e-10,2025-09-13,2025-08-31
2025-09-14,18,2025-09-14 18:00:00,2025-09-14 18:10:00,2025-09-15 18:00:00,2025-09-15 00:00:00,10800.0,6000.0,144,108,0.0,8.185452315956354e-12,2025-09-13,2025-08-31
2025-09-15,0,2025-09-15 00:00:00,2025-09-15 00:10:00,2025-09-16 00:00:00,2025-09-15 06:00:00,6293.668892064094,6000.0,144,0,0.0,6.252776074688882e-12,2025-09-14,2025-08-31
2025-09-15,6,2025-09-15 06:00:00,2025-09-15 06:10:00,2025-09-16 06:00:00,2025-09-15 12:00:00,9405.887548953511,6000.0,144,36,0.0,1.8189894035458565e-12,2025-09-14,2025-08-31
2025-09-15,12,2025-09-15 12:00:00,2025-09-15 12:10:00,2025-09-16 12:00:00,2025-09-15 18:00:00,7090.78443,6000.0,144,72,0.0,3.7061909097246826e-11,2025-09-14,2025-08-31
2025-09-15,18,2025-09-15 18:00:00,2025-09-15 18:10:00,2025-09-16 18:00:00,2025-09-16 00:00:00,10711.844698409239,6000.0,144,108,0.0,1.4438228390645236e-11,2025-09-14,2025-08-31
2025-09-16,0,2025-09-16 00:00:00,2025-09-16 00:10:00,2025-09-17 00:00:00,2025-09-16 06:00:00,6199.529023556618,6000.0,144,0,0.0,9.094947017729282e-13,2025-09-15,2025-08-31
2025-09-16,6,2025-09-16 06:00:00,2025-09-16 06:10:00,2025-09-17 06:00:00,2025-09-16 12:00:00,9869.735243070463,6000.0,144,36,0.0,3.991544872405939e-10,2025-09-15,2025-08-31
2025-09-16,12,2025-09-16 12:00:00,2025-09-16 12:10:00,2025-09-17 12:00:00,2025-09-16 18:00:00,9826.497475843946,6000.0,144,72,0.0,3.5356606531422585e-11,2025-09-15,2025-08-31
2025-09-16,18,2025-09-16 18:00:00,2025-09-16 18:10:00,2025-09-17 18:00:00,2025-09-17 00:00:00,10593.479923395833,6000.0,144,108,0.0,2.148681232938543e-11,2025-09-15,2025-08-31
2025-09-17,0,2025-09-17 00:00:00,2025-09-17 00:10:00,2025-09-18 00:00:00,2025-09-17 06:00:00,5951.654990793453,6000.0,144,0,0.0,3.296918293926865e-12,2025-09-16,2025-08-31
2025-09-17,6,2025-09-17 06:00:00,2025-09-17 06:10:00,2025-09-18 06:00:00,2025-09-17 12:00:00,9874.074074074075,6000.0,144,36,7.289132429927118e-16,4.774847184307873e-12,2025-09-16,2025-08-31
2025-09-17,12,2025-09-17 12:00:00,2025-09-17 12:10:00,2025-09-18 12:00:00,2025-09-17 18:00:00,7349.6923420576295,6000.0,144,72,0.0,1.77351466845721e-11,2025-09-16,2025-08-31
2025-09-17,18,2025-09-17 18:00:00,2025-09-17 18:10:00,2025-09-18 18:00:00,2025-09-18 00:00:00,10800.0,6000.0,144,108,0.0,1.2505552149377763e-12,2025-09-16,2025-08-31
2025-09-18,0,2025-09-18 00:00:00,2025-09-18 00:10:00,2025-09-19 00:00:00,2025-09-18 06:00:00,6135.259544610535,6000.0,144,0,0.0,4.547473508864641e-13,2025-09-17,2025-08-31
2025-09-18,6,2025-09-18 06:00:00,2025-09-18 06:10:00,2025-09-19 06:00:00,2025-09-18 12:00:00,9919.948017983217,6000.0,144,36,0.0,4.6838977141305804e-11,2025-09-17,2025-08-31
2025-09-18,12,2025-09-18 12:00:00,2025-09-18 12:10:00,2025-09-19 12:00:00,2025-09-18 18:00:00,8100.837834839796,6000.0,144,72,5.267794215983668e-16,4.433786671143025e-12,2025-09-17,2025-08-31
2025-09-18,18,2025-09-18 18:00:00,2025-09-18 18:10:00,2025-09-19 18:00:00,2025-09-19 00:00:00,10800.0,6000.0,144,108,0.0,9.094947017729282e-13,2025-09-17,2025-08-31
2025-09-19,0,2025-09-19 00:00:00,2025-09-19 00:10:00,2025-09-20 00:00:00,2025-09-19 06:00:00,6083.07345501085,6000.0,144,0,0.0,5.343281372915953e-12,2025-09-18,2025-08-31
2025-09-19,6,2025-09-19 06:00:00,2025-09-19 06:10:00,2025-09-20 06:00:00,2025-09-19 12:00:00,3802.1575832976982,6000.0,144,36,0.0,4.547473508864641e-13,2025-09-18,2025-08-31
2025-09-19,12,2025-09-19 12:00:00,2025-09-19 12:10:00,2025-09-20 12:00:00,2025-09-19 18:00:00,10800.0,6000.0,144,72,0.0,9.094947017729282e-13,2025-09-18,2025-08-31
2025-09-19,18,2025-09-19 18:00:00,2025-09-19 18:10:00,2025-09-20 18:00:00,2025-09-20 00:00:00,10800.0,6000.0,144,108,0.0,1.4779288903810084e-12,2025-09-18,2025-08-31
2025-09-20,0,2025-09-20 00:00:00,2025-09-20 00:10:00,2025-09-21 00:00:00,2025-09-20 06:00:00,6954.00546940929,6000.0,144,0,0.0,1.7053025658242404e-12,2025-09-19,2025-08-31
2025-09-20,6,2025-09-20 06:00:00,2025-09-20 06:10:00,2025-09-21 06:00:00,2025-09-20 12:00:00,4316.348666900944,6000.0,144,36,5.005810140328208e-16,4.661160346586257e-12,2025-09-19,2025-08-31
2025-09-20,12,2025-09-20 12:00:00,2025-09-20 12:10:00,2025-09-21 12:00:00,2025-09-20 18:00:00,10800.0,6000.0,144,72,1.1217305501615422e-15,8.412825991399586e-12,2025-09-19,2025-08-31
2025-09-20,18,2025-09-20 18:00:00,2025-09-20 18:10:00,2025-09-21 18:00:00,2025-09-21 00:00:00,10690.547114250578,6000.0,144,108,0.0,9.094947017729282e-13,2025-09-19,2025-08-31
2025-09-21,0,2025-09-21 00:00:00,2025-09-21 00:10:00,2025-09-22 00:00:00,2025-09-21 06:00:00,6525.361503543548,6000.0,144,0,0.0,2.0463630789890885e-12,2025-09-20,2025-08-31
2025-09-21,6,2025-09-21 06:00:00,2025-09-21 06:10:00,2025-09-22 06:00:00,2025-09-21 12:00:00,9889.96960413291,6000.0,144,36,0.0,1.5120349416974932e-11,2025-09-20,2025-08-31
2025-09-21,12,2025-09-21 12:00:00,2025-09-21 12:10:00,2025-09-22 12:00:00,2025-09-21 18:00:00,10414.209418038292,6000.0,144,72,0.0,3.1604940886609256e-11,2025-09-20,2025-08-31
2025-09-21,18,2025-09-21 18:00:00,2025-09-21 18:10:00,2025-09-22 18:00:00,2025-09-22 00:00:00,10800.0,6000.0,144,108,3.40328237769096e-16,7.51469997339882e-11,2025-09-20,2025-08-31
2025-09-22,0,2025-09-22 00:00:00,2025-09-22 00:10:00,2025-09-23 00:00:00,2025-09-22 06:00:00,6133.086826447482,6000.0,144,0,0.0,9.094947017729282e-13,2025-09-21,2025-08-31
2025-09-22,6,2025-09-22 06:00:00,2025-09-22 06:10:00,2025-09-23 06:00:00,2025-09-22 12:00:00,9933.927777777779,6000.0,144,36,0.0,1.3301360013429075e-11,2025-09-21,2025-08-31
2025-09-22,12,2025-09-22 12:00:00,2025-09-22 12:10:00,2025-09-23 12:00:00,2025-09-22 18:00:00,8482.26698790365,6000.0,144,72,0.0,6.063146429369226e-09,2025-09-21,2025-08-31
2025-09-22,18,2025-09-22 18:00:00,2025-09-22 18:10:00,2025-09-23 18:00:00,2025-09-23 00:00:00,10800.0,6000.0,144,108,0.0,1.8951595848193392e-10,2025-09-21,2025-08-31
2025-09-23,0,2025-09-23 00:00:00,2025-09-23 00:10:00,2025-09-24 00:00:00,2025-09-23 06:00:00,5951.76505146933,6000.0,144,0,0.0,1.8189894035458565e-12,2025-09-22,2025-08-31
2025-09-23,6,2025-09-23 06:00:00,2025-09-23 06:10:00,2025-09-24 06:00:00,2025-09-23 12:00:00,9921.52962962963,6000.0,144,36,0.0,1.8189894035458565e-12,2025-09-22,2025-08-31
2025-09-23,12,2025-09-23 12:00:00,2025-09-23 12:10:00,2025-09-24 12:00:00,2025-09-23 18:00:00,8255.857091795911,6000.0,144,72,0.0,3.620471034082584e-09,2025-09-22,2025-08-31
2025-09-23,18,2025-09-23 18:00:00,2025-09-23 18:10:00,2025-09-24 18:00:00,2025-09-24 00:00:00,10800.0,6000.0,144,108,2.7911648059784374e-16,1.5157866073423065e-09,2025-09-22,2025-08-31
2025-09-24,0,2025-09-24 00:00:00,2025-09-24 00:10:00,2025-09-25 00:00:00,2025-09-24 06:00:00,6268.366168326678,6000.0,144,0,0.0,9.094947017729282e-13,2025-09-23,2025-08-31
2025-09-24,6,2025-09-24 06:00:00,2025-09-24 06:10:00,2025-09-25 06:00:00,2025-09-24 12:00:00,9893.616117875432,6000.0,144,36,0.0,8.526512829121202e-12,2025-09-23,2025-08-31
2025-09-24,12,2025-09-24 12:00:00,2025-09-24 12:10:00,2025-09-25 12:00:00,2025-09-24 18:00:00,5499.153984780716,6000.0,144,72,0.0,1.8189894035458565e-12,2025-09-23,2025-08-31
2025-09-24,18,2025-09-24 18:00:00,2025-09-24 18:10:00,2025-09-25 18:00:00,2025-09-25 00:00:00,10800.0,6000.0,144,108,0.0,7.844391802791506e-11,2025-09-23,2025-08-31
2025-09-25,0,2025-09-25 00:00:00,2025-09-25 00:10:00,2025-09-26 00:00:00,2025-09-25 06:00:00,6518.516094585072,6000.0,144,0,0.0,5.4001247917767614e-11,2025-09-24,2025-08-31
2025-09-25,6,2025-09-25 06:00:00,2025-09-25 06:10:00,2025-09-26 06:00:00,2025-09-25 12:00:00,9927.181481481482,6000.0,144,36,0.0,1.5916157281026244e-11,2025-09-24,2025-08-31
2025-09-25,12,2025-09-25 12:00:00,2025-09-25 12:10:00,2025-09-26 12:00:00,2025-09-25 18:00:00,9335.189698685379,6000.0,144,72,7.086383723411225e-16,1.8189894035458565e-12,2025-09-24,2025-08-31
2025-09-25,18,2025-09-25 18:00:00,2025-09-25 18:10:00,2025-09-26 18:00:00,2025-09-26 00:00:00,10755.616206539351,6000.0,144,108,0.0,6.707523425575346e-12,2025-09-24,2025-08-31
2025-09-26,0,2025-09-26 00:00:00,2025-09-26 00:10:00,2025-09-27 00:00:00,2025-09-26 06:00:00,5962.888887696903,6000.0,144,0,0.0,2.7284841053187847e-12,2025-09-25,2025-08-31
2025-09-26,6,2025-09-26 06:00:00,2025-09-26 06:10:00,2025-09-27 06:00:00,2025-09-26 12:00:00,4879.617024478154,6000.0,144,36,1.0017328022543255e-15,5.002220859751105e-12,2025-09-25,2025-08-31
2025-09-26,12,2025-09-26 12:00:00,2025-09-26 12:10:00,2025-09-27 12:00:00,2025-09-26 18:00:00,10800.0,6000.0,144,72,5.300644147343085e-16,7.16227077646181e-12,2025-09-25,2025-08-31
2025-09-26,18,2025-09-26 18:00:00,2025-09-26 18:10:00,2025-09-27 18:00:00,2025-09-27 00:00:00,10800.0,6000.0,144,108,0.0,1.8189894035458565e-12,2025-09-25,2025-08-31
2025-09-27,0,2025-09-27 00:00:00,2025-09-27 00:10:00,2025-09-28 00:00:00,2025-09-27 06:00:00,6854.29026678067,6000.0,144,0,0.0,3.296918293926865e-12,2025-09-26,2025-08-31
2025-09-27,6,2025-09-27 06:00:00,2025-09-27 06:10:00,2025-09-28 06:00:00,2025-09-27 12:00:00,4485.715091198116,6000.0,144,36,0.0,2.0463630789890885e-12,2025-09-26,2025-08-31
2025-09-27,12,2025-09-27 12:00:00,2025-09-27 12:10:00,2025-09-28 12:00:00,2025-09-27 18:00:00,10800.0,6000.0,144,72,0.0,1.8189894035458565e-12,2025-09-26,2025-08-31
2025-09-27,18,2025-09-27 18:00:00,2025-09-27 18:10:00,2025-09-28 18:00:00,2025-09-28 00:00:00,10610.85682947531,6000.0,144,108,2.626545158103796e-16,1.6825651982799172e-11,2025-09-26,2025-08-31
2025-09-28,0,2025-09-28 00:00:00,2025-09-28 00:10:00,2025-09-29 00:00:00,2025-09-28 06:00:00,5953.36725454297,6000.0,144,0,0.0,6.139089236967266e-12,2025-09-27,2025-08-31
2025-09-28,6,2025-09-28 06:00:00,2025-09-28 06:10:00,2025-09-29 06:00:00,2025-09-28 12:00:00,9907.55,6000.0,144,36,4.86052479987138e-16,1.4097167877480388e-11,2025-09-27,2025-08-31
2025-09-28,12,2025-09-28 12:00:00,2025-09-28 12:10:00,2025-09-29 12:00:00,2025-09-28 18:00:00,8322.794498167439,6000.0,144,72,4.1290373189621403e-16,9.663381206337363e-12,2025-09-27,2025-08-31
2025-09-28,18,2025-09-28 18:00:00,2025-09-28 18:10:00,2025-09-29 18:00:00,2025-09-29 00:00:00,10626.933717296008,6000.0,144,108,0.0,7.389644451905042e-12,2025-09-27,2025-08-31
2025-09-29,0,2025-09-29 00:00:00,2025-09-29 00:10:00,2025-09-30 00:00:00,2025-09-29 06:00:00,6508.118797123841,6000.0,144,0,0.0,5.229594535194337e-12,2025-09-28,2025-08-31
2025-09-29,6,2025-09-29 06:00:00,2025-09-29 06:10:00,2025-09-30 06:00:00,2025-09-29 12:00:00,9878.731481481482,6000.0,144,36,0.0,6.480149750132114e-12,2025-09-28,2025-08-31
2025-09-29,12,2025-09-29 12:00:00,2025-09-29 12:10:00,2025-09-30 12:00:00,2025-09-29 18:00:00,8495.235141666664,6000.0,144,72,0.0,4.433786671143025e-12,2025-09-28,2025-08-31
2025-09-29,18,2025-09-29 18:00:00,2025-09-29 18:10:00,2025-09-30 18:00:00,2025-09-30 00:00:00,10800.0,6000.0,144,108,0.0,3.751665644813329e-12,2025-09-28,2025-08-31
2025-09-30,0,2025-09-30 00:00:00,2025-09-30 00:10:00,2025-10-01 00:00:00,2025-09-30 06:00:00,6073.0347042993335,6000.0,144,0,0.0,9.094947017729282e-13,2025-09-29,2025-08-31
2025-09-30,6,2025-09-30 06:00:00,2025-09-30 06:10:00,2025-10-01 06:00:00,2025-09-30 12:00:00,9937.694444444445,6000.0,144,36,0.0,1.2732925824820995e-11,2025-09-29,2025-08-31
2025-09-30,12,2025-09-30 12:00:00,2025-09-30 12:10:00,2025-10-01 12:00:00,2025-09-30 18:00:00,6099.202529067273,6000.0,144,72,0.0,2.3646862246096134e-11,2025-09-29,2025-08-31
2025-09-30,18,2025-09-30 18:00:00,2025-09-30 18:10:00,2025-10-01 18:00:00,2025-10-01 00:00:00,10786.162319618055,6000.0,144,108,0.0,1.8189894035458565e-12,2025-09-29,2025-08-31
2025-10-01,0,2025-10-01 00:00:00,2025-10-01 00:10:00,2025-10-02 00:00:00,2025-10-01 06:00:00,6434.56988065741,6000.0,144,0,0.0,1.7053025658242404e-12,2025-09-30,2025-09-30
2025-10-01,6,2025-10-01 06:00:00,2025-10-01 06:10:00,2025-10-02 06:00:00,2025-10-01 12:00:00,9892.80925925926,6000.0,144,36,0.0,5.684341886080801e-13,2025-09-30,2025-09-30
2025-10-01,12,2025-10-01 12:00:00,2025-10-01 12:10:00,2025-10-02 12:00:00,2025-10-01 18:00:00,10561.472763995034,6000.0,144,72,0.0,1.2505552149377763e-12,2025-09-30,2025-09-30
2025-10-01,18,2025-10-01 18:00:00,2025-10-01 18:10:00,2025-10-02 18:00:00,2025-10-02 00:00:00,10800.0,6000.0,144,108,1.7030233699352776e-16,1.2505552149377763e-12,2025-09-30,2025-09-30
2025-10-02,0,2025-10-02 00:00:00,2025-10-02 00:10:00,2025-10-03 00:00:00,2025-10-02 06:00:00,8712.581088272429,6000.0,144,0,0.0,1.2505552149377763e-12,2025-10-01,2025-09-30
2025-10-02,6,2025-10-02 06:00:00,2025-10-02 06:10:00,2025-10-03 06:00:00,2025-10-02 12:00:00,9835.025154065394,6000.0,144,36,2.2290863570800297e-15,3.183231456205249e-12,2025-10-01,2025-09-30
2025-10-02,12,2025-10-02 12:00:00,2025-10-02 12:10:00,2025-10-03 12:00:00,2025-10-02 18:00:00,10800.0,6000.0,144,72,0.0,2.0463630789890885e-12,2025-10-01,2025-09-30
2025-10-02,18,2025-10-02 18:00:00,2025-10-02 18:10:00,2025-10-03 18:00:00,2025-10-03 00:00:00,10800.0,6000.0,144,108,2.593585715746156e-16,1.8189894035458565e-12,2025-10-01,2025-09-30
2025-10-03,0,2025-10-03 00:00:00,2025-10-03 00:10:00,2025-10-04 00:00:00,2025-10-03 06:00:00,8926.848982726997,6000.0,144,0,0.0,2.6147972675971687e-12,2025-10-02,2025-09-30
2025-10-03,6,2025-10-03 06:00:00,2025-10-03 06:10:00,2025-10-04 06:00:00,2025-10-03 12:00:00,4912.75508329481,6000.0,144,36,0.0,4.433786671143025e-12,2025-10-02,2025-09-30
2025-10-03,12,2025-10-03 12:00:00,2025-10-03 12:10:00,2025-10-04 12:00:00,2025-10-03 18:00:00,10800.0,6000.0,144,72,0.0,9.470113582210615e-11,2025-10-02,2025-09-30
2025-10-03,18,2025-10-03 18:00:00,2025-10-03 18:10:00,2025-10-04 18:00:00,2025-10-04 00:00:00,10634.061198037229,6000.0,144,108,0.0,9.094947017729282e-13,2025-10-02,2025-09-30
2025-10-04,0,2025-10-04 00:00:00,2025-10-04 00:10:00,2025-10-05 00:00:00,2025-10-04 06:00:00,8276.15318938257,6000.0,144,0,0.0,9.094947017729282e-13,2025-10-03,2025-09-30
2025-10-04,6,2025-10-04 06:00:00,2025-10-04 06:10:00,2025-10-05 06:00:00,2025-10-04 12:00:00,5270.1712515469235,6000.0,144,36,0.0,5.9117155615240335e-12,2025-10-03,2025-09-30
2025-10-04,12,2025-10-04 12:00:00,2025-10-04 12:10:00,2025-10-05 12:00:00,2025-10-04 18:00:00,10800.0,6000.0,144,72,0.0,1.8189894035458565e-12,2025-10-03,2025-09-30
2025-10-04,18,2025-10-04 18:00:00,2025-10-04 18:10:00,2025-10-05 18:00:00,2025-10-05 00:00:00,10678.401650742671,6000.0,144,108,0.0,3.865352482534945e-12,2025-10-03,2025-09-30
2025-10-05,0,2025-10-05 00:00:00,2025-10-05 00:10:00,2025-10-06 00:00:00,2025-10-05 06:00:00,7879.936975014808,6000.0,144,0,0.0,4.092726157978177e-12,2025-10-04,2025-09-30
2025-10-05,6,2025-10-05 06:00:00,2025-10-05 06:10:00,2025-10-06 06:00:00,2025-10-05 12:00:00,9922.351851851852,6000.0,144,36,0.0,2.2737367544323206e-13,2025-10-04,2025-09-30
2025-10-05,12,2025-10-05 12:00:00,2025-10-05 12:10:00,2025-10-06 12:00:00,2025-10-05 18:00:00,10800.0,6000.0,144,72,0.0,3.410605131648481e-13,2025-10-04,2025-09-30
2025-10-05,18,2025-10-05 18:00:00,2025-10-05 18:10:00,2025-10-06 18:00:00,2025-10-06 00:00:00,10800.0,6000.0,144,108,0.0,4.433786671143025e-12,2025-10-04,2025-09-30
2025-10-06,0,2025-10-06 00:00:00,2025-10-06 00:10:00,2025-10-07 00:00:00,2025-10-06 06:00:00,7962.31300214323,6000.0,144,0,0.0,3.865352482534945e-12,2025-10-05,2025-09-30
2025-10-06,6,2025-10-06 06:00:00,2025-10-06 06:10:00,2025-10-07 06:00:00,2025-10-06 12:00:00,9943.194444444445,6000.0,144,36,1.1689469290930395e-15,1.7053025658242404e-12,2025-10-05,2025-09-30
2025-10-06,12,2025-10-06 12:00:00,2025-10-06 12:10:00,2025-10-07 12:00:00,2025-10-06 18:00:00,6654.402030474106,6000.0,144,72,0.0,1.8189894035458565e-12,2025-10-05,2025-09-30
2025-10-06,18,2025-10-06 18:00:00,2025-10-06 18:10:00,2025-10-07 18:00:00,2025-10-07 00:00:00,10800.0,6000.0,144,108,3.530033690854284e-16,8.29913915367797e-12,2025-10-05,2025-09-30
2025-10-07,0,2025-10-07 00:00:00,2025-10-07 00:10:00,2025-10-08 00:00:00,2025-10-07 06:00:00,7804.818278052084,6000.0,144,0,0.0,5.002220859751105e-12,2025-10-06,2025-09-30
2025-10-07,6,2025-10-07 06:00:00,2025-10-07 06:10:00,2025-10-08 06:00:00,2025-10-07 12:00:00,9907.331882754628,6000.0,144,36,1.4210932565071982e-15,2.2373569663614035e-10,2025-10-06,2025-09-30
2025-10-07,12,2025-10-07 12:00:00,2025-10-07 12:10:00,2025-10-08 12:00:00,2025-10-07 18:00:00,7847.128162886769,6000.0,144,72,0.0,8.185452315956354e-12,2025-10-06,2025-09-30
2025-10-07,18,2025-10-07 18:00:00,2025-10-07 18:10:00,2025-10-08 18:00:00,2025-10-08 00:00:00,10800.0,6000.0,144,108,0.0,5.5706550483591855e-12,2025-10-06,2025-09-30
2025-10-08,0,2025-10-08 00:00:00,2025-10-08 00:10:00,2025-10-09 00:00:00,2025-10-08 06:00:00,7935.994879350838,6000.0,144,0,0.0,1.5347723092418164e-11,2025-10-07,2025-09-30
2025-10-08,6,2025-10-08 06:00:00,2025-10-08 06:10:00,2025-10-09 06:00:00,2025-10-08 12:00:00,9905.981481481482,6000.0,144,36,1.4674399958204276e-15,8.526512829121202e-12,2025-10-07,2025-09-30
2025-10-08,12,2025-10-08 12:00:00,2025-10-08 12:10:00,2025-10-09 12:00:00,2025-10-08 18:00:00,6423.077286833962,6000.0,144,72,1.0335888521456907e-15,3.865352482534945e-12,2025-10-07,2025-09-30
2025-10-08,18,2025-10-08 18:00:00,2025-10-08 18:10:00,2025-10-09 18:00:00,2025-10-09 00:00:00,10714.351134419465,6000.0,144,108,0.0,1.8189894035458565e-12,2025-10-07,2025-09-30
2025-10-09,0,2025-10-09 00:00:00,2025-10-09 00:10:00,2025-10-10 00:00:00,2025-10-09 06:00:00,6884.0380805294635,6000.0,144,0,0.0,4.661160346586257e-12,2025-10-08,2025-09-30
2025-10-09,6,2025-10-09 06:00:00,2025-10-09 06:10:00,2025-10-10 06:00:00,2025-10-09 12:00:00,9938.282409375,6000.0,144,36,0.0,6.707523425575346e-12,2025-10-08,2025-09-30
2025-10-09,12,2025-10-09 12:00:00,2025-10-09 12:10:00,2025-10-10 12:00:00,2025-10-09 18:00:00,10272.62852577763,6000.0,144,72,4.902183868996276e-16,8.86757334228605e-12,2025-10-08,2025-09-30
2025-10-09,18,2025-10-09 18:00:00,2025-10-09 18:10:00,2025-10-10 18:00:00,2025-10-10 00:00:00,10640.79044752122,6000.0,144,108,4.682813152898639e-16,4.832827471545897e-10,2025-10-08,2025-09-30
2025-10-10,0,2025-10-10 00:00:00,2025-10-10 00:10:00,2025-10-11 00:00:00,2025-10-10 06:00:00,6201.986650682725,6000.0,144,0,0.0,1.8189894035458565e-12,2025-10-09,2025-09-30
2025-10-10,6,2025-10-10 06:00:00,2025-10-10 06:10:00,2025-10-11 06:00:00,2025-10-10 12:00:00,5181.431349455684,6000.0,144,36,0.0,3.296918293926865e-12,2025-10-09,2025-09-30
2025-10-10,12,2025-10-10 12:00:00,2025-10-10 12:10:00,2025-10-11 12:00:00,2025-10-10 18:00:00,10800.0,6000.0,144,72,0.0,2.0747847884194925e-10,2025-10-09,2025-09-30
2025-10-10,18,2025-10-10 18:00:00,2025-10-10 18:10:00,2025-10-11 18:00:00,2025-10-11 00:00:00,10155.94220455729,6000.0,144,108,0.0,3.296918293926865e-12,2025-10-09,2025-09-30
2025-10-11,0,2025-10-11 00:00:00,2025-10-11 00:10:00,2025-10-12 00:00:00,2025-10-11 06:00:00,6673.03452879485,6000.0,144,0,0.0,9.094947017729282e-13,2025-10-10,2025-09-30
2025-10-11,6,2025-10-11 06:00:00,2025-10-11 06:10:00,2025-10-12 06:00:00,2025-10-11 12:00:00,5939.881661945315,6000.0,144,36,0.0,1.8189894035458565e-12,2025-10-10,2025-09-30
2025-10-11,12,2025-10-11 12:00:00,2025-10-11 12:10:00,2025-10-12 12:00:00,2025-10-11 18:00:00,10800.0,6000.0,144,72,0.0,2.546585164964199e-10,2025-10-10,2025-09-30
2025-10-11,18,2025-10-11 18:00:00,2025-10-11 18:10:00,2025-10-12 18:00:00,2025-10-12 00:00:00,10233.58388486232,6000.0,144,108,0.0,9.094947017729282e-13,2025-10-10,2025-09-30
2025-10-12,0,2025-10-12 00:00:00,2025-10-12 00:10:00,2025-10-13 00:00:00,2025-10-12 06:00:00,6582.2504963407655,6000.0,144,0,0.0,3.751665644813329e-12,2025-10-11,2025-09-30
2025-10-12,6,2025-10-12 06:00:00,2025-10-12 06:10:00,2025-10-13 06:00:00,2025-10-12 12:00:00,9911.136261082176,6000.0,144,36,0.0,3.296918293926865e-11,2025-10-11,2025-09-30
2025-10-12,12,2025-10-12 12:00:00,2025-10-12 12:10:00,2025-10-13 12:00:00,2025-10-12 18:00:00,9406.52095495727,6000.0,144,72,4.77857235896715e-16,1.8189894035458565e-12,2025-10-11,2025-09-30
2025-10-12,18,2025-10-12 18:00:00,2025-10-12 18:10:00,2025-10-13 18:00:00,2025-10-13 00:00:00,10264.801930314381,6000.0,144,108,0.0,2.2737367544323206e-12,2025-10-11,2025-09-30
2025-10-13,0,2025-10-13 00:00:00,2025-10-13 00:10:00,2025-10-14 00:00:00,2025-10-13 06:00:00,5988.18552260735,6000.0,144,0,0.0,4.206412995699793e-12,2025-10-12,2025-09-30
2025-10-13,6,2025-10-13 06:00:00,2025-10-13 06:10:00,2025-10-14 06:00:00,2025-10-13 12:00:00,9875.265713498264,6000.0,144,36,6.89754981060495e-16,3.399236447876319e-11,2025-10-12,2025-09-30
2025-10-13,12,2025-10-13 12:00:00,2025-10-13 12:10:00,2025-10-14 12:00:00,2025-10-13 18:00:00,8521.886919505016,6000.0,144,72,0.0,1.0913936421275139e-11,2025-10-12,2025-09-30
2025-10-13,18,2025-10-13 18:00:00,2025-10-13 18:10:00,2025-10-14 18:00:00,2025-10-14 00:00:00,10700.042456240355,6000.0,144,108,0.0,2.2737367544323206e-12,2025-10-12,2025-09-30
2025-10-14,0,2025-10-14 00:00:00,2025-10-14 00:10:00,2025-10-15 00:00:00,2025-10-14 06:00:00,6260.55794398828,6000.0,144,0,1.656079353980027e-16,9.094947017729282e-13,2025-10-13,2025-09-30
2025-10-14,6,2025-10-14 06:00:00,2025-10-14 06:10:00,2025-10-15 06:00:00,2025-10-14 12:00:00,9941.448148148149,6000.0,144,36,7.103868742426633e-16,4.127969077671878e-10,2025-10-13,2025-09-30
2025-10-14,12,2025-10-14 12:00:00,2025-10-14 12:10:00,2025-10-15 12:00:00,2025-10-14 18:00:00,7521.542242184898,6000.0,144,72,3.565572849790714e-16,9.094947017729282e-13,2025-10-13,2025-09-30
2025-10-14,18,2025-10-14 18:00:00,2025-10-14 18:10:00,2025-10-15 18:00:00,2025-10-15 00:00:00,10721.95204054784,6000.0,144,108,0.0,9.094947017729282e-13,2025-10-13,2025-09-30
2025-10-15,0,2025-10-15 00:00:00,2025-10-15 00:10:00,2025-10-16 00:00:00,2025-10-15 06:00:00,6128.7984724024855,6000.0,144,0,0.0,9.094947017729282e-13,2025-10-14,2025-09-30
2025-10-15,6,2025-10-15 06:00:00,2025-10-15 06:10:00,2025-10-16 06:00:00,2025-10-15 12:00:00,9927.637037037037,6000.0,144,36,0.0,4.206412995699793e-12,2025-10-14,2025-09-30
2025-10-15,12,2025-10-15 12:00:00,2025-10-15 12:10:00,2025-10-16 12:00:00,2025-10-15 18:00:00,8674.356557883923,6000.0,144,72,0.0,7.571543392259628e-11,2025-10-14,2025-09-30
2025-10-15,18,2025-10-15 18:00:00,2025-10-15 18:10:00,2025-10-16 18:00:00,2025-10-16 00:00:00,10712.895394323881,6000.0,144,108,1.456683660854162e-16,5.6843418860808015e-12,2025-10-14,2025-09-30
2025-10-16,0,2025-10-16 00:00:00,2025-10-16 00:10:00,2025-10-17 00:00:00,2025-10-16 06:00:00,6177.289620375001,6000.0,144,0,0.0,9.43600753089413e-12,2025-10-15,2025-09-30
2025-10-16,6,2025-10-16 06:00:00,2025-10-16 06:10:00,2025-10-17 06:00:00,2025-10-16 12:00:00,9906.436287572338,6000.0,144,36,0.0,5.3091753215994686e-11,2025-10-15,2025-09-30
2025-10-16,12,2025-10-16 12:00:00,2025-10-16 12:10:00,2025-10-17 12:00:00,2025-10-16 18:00:00,8181.587977988431,6000.0,144,72,0.0,9.094947017729282e-13,2025-10-15,2025-09-30
2025-10-16,18,2025-10-16 18:00:00,2025-10-16 18:10:00,2025-10-17 18:00:00,2025-10-17 00:00:00,10787.338410734954,6000.0,144,108,1.4930833572236923e-16,4.092726157978177e-12,2025-10-15,2025-09-30
2025-10-17,0,2025-10-17 00:00:00,2025-10-17 00:10:00,2025-10-18 00:00:00,2025-10-17 06:00:00,6155.529058123697,6000.0,144,0,0.0,2.9558577807620168e-12,2025-10-16,2025-09-30
2025-10-17,6,2025-10-17 06:00:00,2025-10-17 06:10:00,2025-10-18 06:00:00,2025-10-17 12:00:00,5216.195572822386,6000.0,144,36,0.0,9.094947017729282e-13,2025-10-16,2025-09-30
2025-10-17,12,2025-10-17 12:00:00,2025-10-17 12:10:00,2025-10-18 12:00:00,2025-10-17 18:00:00,10800.0,6000.0,144,72,0.0,9.094947017729282e-13,2025-10-16,2025-09-30
2025-10-17,18,2025-10-17 18:00:00,2025-10-17 18:10:00,2025-10-18 18:00:00,2025-10-18 00:00:00,10297.942899382719,6000.0,144,108,0.0,2.2737367544323206e-12,2025-10-16,2025-09-30
2025-10-18,0,2025-10-18 00:00:00,2025-10-18 00:10:00,2025-10-19 00:00:00,2025-10-18 06:00:00,6521.642106828755,6000.0,144,0,0.0,1.4779288903810084e-12,2025-10-17,2025-09-30
2025-10-18,6,2025-10-18 06:00:00,2025-10-18 06:10:00,2025-10-19 06:00:00,2025-10-18 12:00:00,5524.46164724238,6000.0,144,36,0.0,2.2737367544323206e-13,2025-10-17,2025-09-30
2025-10-18,12,2025-10-18 12:00:00,2025-10-18 12:10:00,2025-10-19 12:00:00,2025-10-18 18:00:00,10800.0,6000.0,144,72,0.0,5.343281372915953e-12,2025-10-17,2025-09-30
2025-10-18,18,2025-10-18 18:00:00,2025-10-18 18:10:00,2025-10-19 18:00:00,2025-10-19 00:00:00,10304.631481481481,6000.0,144,108,0.0,1.8189894035458565e-12,2025-10-17,2025-09-30
2025-10-19,0,2025-10-19 00:00:00,2025-10-19 00:10:00,2025-10-20 00:00:00,2025-10-19 06:00:00,7091.90301389675,6000.0,144,0,0.0,1.8189894035458565e-12,2025-10-18,2025-09-30
2025-10-19,6,2025-10-19 06:00:00,2025-10-19 06:10:00,2025-10-20 06:00:00,2025-10-19 12:00:00,9857.573608072918,6000.0,144,36,0.0,1.8189894035458565e-12,2025-10-18,2025-09-30
2025-10-19,12,2025-10-19 12:00:00,2025-10-19 12:10:00,2025-10-20 12:00:00,2025-10-19 18:00:00,8043.41615303222,6000.0,144,72,0.0,1.8189894035458565e-12,2025-10-18,2025-09-30
2025-10-19,18,2025-10-19 18:00:00,2025-10-19 18:10:00,2025-10-20 18:00:00,2025-10-20 00:00:00,10747.396305967497,6000.0,144,108,2.3749873346100785e-16,2.2737367544323206e-12,2025-10-18,2025-09-30
2025-10-20,0,2025-10-20 00:00:00,2025-10-20 00:10:00,2025-10-21 00:00:00,2025-10-20 06:00:00,6119.129004135997,6000.0,144,0,0.0,9.094947017729282e-13,2025-10-19,2025-09-30
2025-10-20,6,2025-10-20 06:00:00,2025-10-20 06:10:00,2025-10-21 06:00:00,2025-10-20 12:00:00,9913.719183304398,6000.0,144,36,0.0,2.6830389761774614e-12,2025-10-19,2025-09-30
2025-10-20,12,2025-10-20 12:00:00,2025-10-20 12:10:00,2025-10-21 12:00:00,2025-10-20 18:00:00,8901.399511944976,6000.0,144,72,3.108154119205549e-16,7.73070496506989e-12,2025-10-19,2025-09-30
2025-10-20,18,2025-10-20 18:00:00,2025-10-20 18:10:00,2025-10-21 18:00:00,2025-10-21 00:00:00,10766.265391324267,6000.0,144,108,2.1478128851042928e-16,9.094947017729282e-13,2025-10-19,2025-09-30
2025-10-21,0,2025-10-21 00:00:00,2025-10-21 00:10:00,2025-10-22 00:00:00,2025-10-21 06:00:00,6058.122371699653,6000.0,144,0,0.0,6.707523425575346e-12,2025-10-20,2025-09-30
2025-10-21,6,2025-10-21 06:00:00,2025-10-21 06:10:00,2025-10-22 06:00:00,2025-10-21 12:00:00,9844.010076533565,6000.0,144,36,2.206261990199452e-15,9.094947017729282e-12,2025-10-20,2025-09-30
2025-10-21,12,2025-10-21 12:00:00,2025-10-21 12:10:00,2025-10-22 12:00:00,2025-10-21 18:00:00,7024.341176392122,6000.0,144,72,0.0,1.8462742445990443e-09,2025-10-20,2025-09-30
2025-10-21,18,2025-10-21 18:00:00,2025-10-21 18:10:00,2025-10-22 18:00:00,2025-10-22 00:00:00,10738.136278116415,6000.0,144,108,1.5517132369250754e-16,3.296918293926865e-12,2025-10-20,2025-09-30
2025-10-22,0,2025-10-22 00:00:00,2025-10-22 00:10:00,2025-10-23 00:00:00,2025-10-22 06:00:00,6034.632862901041,6000.0,144,0,0.0,2.2737367544323206e-12,2025-10-21,2025-09-30
2025-10-22,6,2025-10-22 06:00:00,2025-10-22 06:10:00,2025-10-23 06:00:00,2025-10-22 12:00:00,9888.622222222222,6000.0,144,36,7.3694086858478545e-16,5.866240826435387e-11,2025-10-21,2025-09-30
2025-10-22,12,2025-10-22 12:00:00,2025-10-22 12:10:00,2025-10-23 12:00:00,2025-10-22 18:00:00,7760.113274362748,6000.0,144,72,0.0,4.774847184307873e-12,2025-10-21,2025-09-30
2025-10-22,18,2025-10-22 18:00:00,2025-10-22 18:10:00,2025-10-23 18:00:00,2025-10-23 00:00:00,10775.106174045139,6000.0,144,108,0.0,5.5706550483591855e-12,2025-10-21,2025-09-30
2025-10-23,0,2025-10-23 00:00:00,2025-10-23 00:10:00,2025-10-24 00:00:00,2025-10-23 06:00:00,6064.045842251157,6000.0,144,0,9.333967312839874e-08,9.094947017729282e-13,2025-10-22,2025-09-30
2025-10-23,6,2025-10-23 06:00:00,2025-10-23 06:10:00,2025-10-24 06:00:00,2025-10-23 12:00:00,10510.423457286843,6000.0,144,36,0.0,1.0345502232667059e-11,2025-10-22,2025-09-30
2025-10-23,12,2025-10-23 12:00:00,2025-10-23 12:10:00,2025-10-24 12:00:00,2025-10-23 18:00:00,10800.0,6000.0,144,72,0.0,5.5706550483591855e-12,2025-10-22,2025-09-30
2025-10-23,18,2025-10-23 18:00:00,2025-10-23 18:10:00,2025-10-24 18:00:00,2025-10-24 00:00:00,10752.760908462,6000.0,144,108,0.0,5.6843418860808015e-12,2025-10-22,2025-09-30
2025-10-24,0,2025-10-24 00:00:00,2025-10-24 00:10:00,2025-10-25 00:00:00,2025-10-24 06:00:00,6005.651220977863,6000.0,144,0,0.0,2.2737367544323206e-13,2025-10-23,2025-09-30
2025-10-24,6,2025-10-24 06:00:00,2025-10-24 06:10:00,2025-10-25 06:00:00,2025-10-24 12:00:00,6028.107608543207,6000.0,144,36,0.0,9.094947017729282e-13,2025-10-23,2025-09-30
2025-10-24,12,2025-10-24 12:00:00,2025-10-24 12:10:00,2025-10-25 12:00:00,2025-10-24 18:00:00,10800.0,6000.0,144,72,0.0,7.389644451905042e-12,2025-10-23,2025-09-30
2025-10-24,18,2025-10-24 18:00:00,2025-10-24 18:10:00,2025-10-25 18:00:00,2025-10-25 00:00:00,10312.746296296296,6000.0,144,108,0.0,4.661160346586257e-12,2025-10-23,2025-09-30
2025-10-25,0,2025-10-25 00:00:00,2025-10-25 00:10:00,2025-10-26 00:00:00,2025-10-25 06:00:00,6971.2888329464695,6000.0,144,0,0.0,9.094947017729282e-13,2025-10-24,2025-09-30
2025-10-25,6,2025-10-25 06:00:00,2025-10-25 06:10:00,2025-10-26 06:00:00,2025-10-25 12:00:00,6433.90435454562,6000.0,144,36,0.0,6.480149750132114e-12,2025-10-24,2025-09-30
2025-10-25,12,2025-10-25 12:00:00,2025-10-25 12:10:00,2025-10-26 12:00:00,2025-10-25 18:00:00,10800.0,6000.0,144,72,0.0,9.094947017729282e-13,2025-10-24,2025-09-30
2025-10-25,18,2025-10-25 18:00:00,2025-10-25 18:10:00,2025-10-26 18:00:00,2025-10-26 00:00:00,10296.483333333334,6000.0,144,108,2.2317107975068025e-16,7.812559488229454e-10,2025-10-24,2025-09-30
2025-10-26,0,2025-10-26 00:00:00,2025-10-26 00:10:00,2025-10-27 00:00:00,2025-10-26 06:00:00,7159.804402599106,6000.0,144,0,0.0,6.821210263296962e-12,2025-10-25,2025-09-30
2025-10-26,6,2025-10-26 06:00:00,2025-10-26 06:10:00,2025-10-27 06:00:00,2025-10-26 12:00:00,9911.467676736112,6000.0,144,36,7.240418330111889e-16,9.094947017729282e-13,2025-10-25,2025-09-30
2025-10-26,12,2025-10-26 12:00:00,2025-10-26 12:10:00,2025-10-27 12:00:00,2025-10-26 18:00:00,10800.0,6000.0,144,72,0.0,2.0463630789890885e-12,2025-10-25,2025-09-30
2025-10-26,18,2025-10-26 18:00:00,2025-10-26 18:10:00,2025-10-27 18:00:00,2025-10-27 00:00:00,10714.572541135802,6000.0,144,108,0.0,9.094947017729282e-13,2025-10-25,2025-09-30
2025-10-27,0,2025-10-27 00:00:00,2025-10-27 00:10:00,2025-10-28 00:00:00,2025-10-27 06:00:00,6119.781869907119,6000.0,144,0,0.0,1.8189894035458565e-12,2025-10-26,2025-09-30
2025-10-27,6,2025-10-27 06:00:00,2025-10-27 06:10:00,2025-10-28 06:00:00,2025-10-27 12:00:00,9877.081430121527,6000.0,144,36,0.0,6.434675015043467e-11,2025-10-26,2025-09-30
2025-10-27,12,2025-10-27 12:00:00,2025-10-27 12:10:00,2025-10-28 12:00:00,2025-10-27 18:00:00,8776.845697318338,6000.0,144,72,0.0,9.094947017729282e-13,2025-10-26,2025-09-30
2025-10-27,18,2025-10-27 18:00:00,2025-10-27 18:10:00,2025-10-28 18:00:00,2025-10-28 00:00:00,10800.0,6000.0,144,108,0.0,9.094947017729282e-13,2025-10-26,2025-09-30
2025-10-28,0,2025-10-28 00:00:00,2025-10-28 00:10:00,2025-10-29 00:00:00,2025-10-28 06:00:00,6040.66722808695,6000.0,144,0,0.0,4.433786671143025e-12,2025-10-27,2025-09-30
2025-10-28,6,2025-10-28 06:00:00,2025-10-28 06:10:00,2025-10-29 06:00:00,2025-10-28 12:00:00,9888.525925925926,6000.0,144,36,0.0,1.5006662579253316e-11,2025-10-27,2025-09-30
2025-10-28,12,2025-10-28 12:00:00,2025-10-28 12:10:00,2025-10-29 12:00:00,2025-10-28 18:00:00,8542.607811081214,6000.0,144,72,0.0,5.9117155615240335e-12,2025-10-27,2025-09-30
2025-10-28,18,2025-10-28 18:00:00,2025-10-28 18:10:00,2025-10-29 18:00:00,2025-10-29 00:00:00,10800.0,6000.0,144,108,0.0,1.2505552149377763e-12,2025-10-27,2025-09-30
2025-10-29,0,2025-10-29 00:00:00,2025-10-29 00:10:00,2025-10-30 00:00:00,2025-10-29 06:00:00,6193.155879926504,6000.0,144,0,0.0,3.751665644813329e-12,2025-10-28,2025-09-30
2025-10-29,6,2025-10-29 06:00:00,2025-10-29 06:10:00,2025-10-30 06:00:00,2025-10-29 12:00:00,9930.905555555555,6000.0,144,36,0.0,2.8273916541365907e-10,2025-10-28,2025-09-30
2025-10-29,12,2025-10-29 12:00:00,2025-10-29 12:10:00,2025-10-30 12:00:00,2025-10-29 18:00:00,7756.172967613957,6000.0,144,72,3.290245453824366e-16,8.526512829121202e-12,2025-10-28,2025-09-30
2025-10-29,18,2025-10-29 18:00:00,2025-10-29 18:10:00,2025-10-30 18:00:00,2025-10-30 00:00:00,10747.548018565394,6000.0,144,108,0.0,3.751665644813329e-12,2025-10-28,2025-09-30
2025-10-30,0,2025-10-30 00:00:00,2025-10-30 00:10:00,2025-10-31 00:00:00,2025-10-30 06:00:00,6132.201217592014,6000.0,144,0,0.0,1.1368683772161603e-12,2025-10-29,2025-09-30
2025-10-30,6,2025-10-30 06:00:00,2025-10-30 06:10:00,2025-10-31 06:00:00,2025-10-30 12:00:00,9921.635185185185,6000.0,144,36,0.0,3.183231456205249e-12,2025-10-29,2025-09-30
2025-10-30,12,2025-10-30 12:00:00,2025-10-30 12:10:00,2025-10-31 12:00:00,2025-10-30 18:00:00,7685.8773134659505,6000.0,144,72,0.0,7.958078640513122e-12,2025-10-29,2025-09-30
2025-10-30,18,2025-10-30 18:00:00,2025-10-30 18:10:00,2025-10-31 18:00:00,2025-10-31 00:00:00,10798.332817925348,6000.0,144,108,0.0,1.8189894035458565e-12,2025-10-29,2025-09-30
2025-10-31,0,2025-10-31 00:00:00,2025-10-31 00:10:00,2025-11-01 00:00:00,2025-10-31 06:00:00,6126.2713872809645,6000.0,144,0,0.0,2.9558577807620168e-12,2025-10-30,2025-09-30
2025-10-31,6,2025-10-31 06:00:00,2025-10-31 06:10:00,2025-11-01 06:00:00,2025-10-31 12:00:00,6509.616885274934,6000.0,144,36,5.087807339621008e-16,2.7284841053187847e-12,2025-10-30,2025-09-30
2025-10-31,12,2025-10-31 12:00:00,2025-10-31 12:10:00,2025-11-01 12:00:00,2025-10-31 18:00:00,9594.024583423085,6000.0,144,72,4.871482249477071e-16,2.9558577807620168e-12,2025-10-30,2025-09-30
2025-10-31,18,2025-10-31 18:00:00,2025-10-31 18:10:00,2025-11-01 18:00:00,2025-11-01 00:00:00,10308.15141621817,6000.0,144,108,0.0,9.094947017729282e-13,2025-10-30,2025-09-30
2025-11-01,0,2025-11-01 00:00:00,2025-11-01 00:10:00,2025-11-02 00:00:00,2025-11-01 06:00:00,7381.08710650333,6000.0,144,0,0.0,4.547473508864641e-13,2025-10-31,2025-10-31
2025-11-01,6,2025-11-01 06:00:00,2025-11-01 06:10:00,2025-11-02 06:00:00,2025-11-01 12:00:00,6559.404440238668,6000.0,144,36,0.0,8.526512829121202e-12,2025-10-31,2025-10-31
2025-11-01,12,2025-11-01 12:00:00,2025-11-01 12:10:00,2025-11-02 12:00:00,2025-11-01 18:00:00,10637.563014683114,6000.0,144,72,0.0,1.8189894035458565e-12,2025-10-31,2025-10-31
2025-11-01,18,2025-11-01 18:00:00,2025-11-01 18:10:00,2025-11-02 18:00:00,2025-11-02 00:00:00,10338.188051779513,6000.0,144,108,0.0,1.8189894035458565e-12,2025-10-31,2025-10-31
2025-11-02,0,2025-11-02 00:00:00,2025-11-02 00:10:00,2025-11-03 00:00:00,2025-11-02 06:00:00,7713.850691034145,6000.0,144,0,0.0,9.094947017729282e-13,2025-11-01,2025-10-31
2025-11-02,6,2025-11-02 06:00:00,2025-11-02 06:10:00,2025-11-03 06:00:00,2025-11-02 12:00:00,9916.677777777779,6000.0,144,36,0.0,1.8189894035458565e-12,2025-11-01,2025-10-31
2025-11-02,12,2025-11-02 12:00:00,2025-11-02 12:10:00,2025-11-03 12:00:00,2025-11-02 18:00:00,7932.268386618296,6000.0,144,72,3.926370372504986e-16,9.094947017729282e-13,2025-11-01,2025-10-31
2025-11-02,18,2025-11-02 18:00:00,2025-11-02 18:10:00,2025-11-03 18:00:00,2025-11-03 00:00:00,10800.0,6000.0,144,108,0.0,9.094947017729282e-13,2025-11-01,2025-10-31
2025-11-03,0,2025-11-03 00:00:00,2025-11-03 00:10:00,2025-11-04 00:00:00,2025-11-03 06:00:00,6372.445367277634,6000.0,144,0,0.0,9.094947017729282e-13,2025-11-02,2025-10-31
2025-11-03,6,2025-11-03 06:00:00,2025-11-03 06:10:00,2025-11-04 06:00:00,2025-11-03 12:00:00,9902.205555555556,6000.0,144,36,1.4804213914692296e-15,2.7398527890909463e-10,2025-11-02,2025-10-31
2025-11-03,12,2025-11-03 12:00:00,2025-11-03 12:10:00,2025-11-04 12:00:00,2025-11-03 18:00:00,9271.38955587418,6000.0,144,72,3.547490177331785e-16,2.6147972675971687e-12,2025-11-02,2025-10-31
2025-11-03,18,2025-11-03 18:00:00,2025-11-03 18:10:00,2025-11-04 18:00:00,2025-11-04 00:00:00,10783.483560836226,6000.0,144,108,0.0,9.094947017729282e-13,2025-11-02,2025-10-31
2025-11-04,0,2025-11-04 00:00:00,2025-11-04 00:10:00,2025-11-05 00:00:00,2025-11-04 06:00:00,7269.609731393229,6000.0,144,0,0.0,9.094947017729282e-13,2025-11-03,2025-10-31
2025-11-04,6,2025-11-04 06:00:00,2025-11-04 06:10:00,2025-11-05 06:00:00,2025-11-04 12:00:00,9874.074074074075,6000.0,144,36,0.0,2.0122570276726037e-11,2025-11-03,2025-10-31
2025-11-04,12,2025-11-04 12:00:00,2025-11-04 12:10:00,2025-11-05 12:00:00,2025-11-04 18:00:00,8684.769182231674,6000.0,144,72,0.0,4.206412995699793e-12,2025-11-03,2025-10-31
2025-11-04,18,2025-11-04 18:00:00,2025-11-04 18:10:00,2025-11-05 18:00:00,2025-11-05 00:00:00,10800.0,6000.0,144,108,1.6116412553798345e-16,2.2737367544323206e-13,2025-11-03,2025-10-31
2025-11-05,0,2025-11-05 00:00:00,2025-11-05 00:10:00,2025-11-06 00:00:00,2025-11-05 06:00:00,6870.207264477867,6000.0,144,0,0.0,1.8189894035458565e-12,2025-11-04,2025-10-31
2025-11-05,6,2025-11-05 06:00:00,2025-11-05 06:10:00,2025-11-06 06:00:00,2025-11-05 12:00:00,9924.090316116899,6000.0,144,36,0.0,1.8189894035458565e-12,2025-11-04,2025-10-31
2025-11-05,12,2025-11-05 12:00:00,2025-11-05 12:10:00,2025-11-06 12:00:00,2025-11-05 18:00:00,8646.811506686101,6000.0,144,72,0.0,3.89945853385143e-11,2025-11-04,2025-10-31
2025-11-05,18,2025-11-05 18:00:00,2025-11-05 18:10:00,2025-11-06 18:00:00,2025-11-06 00:00:00,10800.0,6000.0,144,108,0.0,1.1823431123048067e-11,2025-11-04,2025-10-31
2025-11-06,0,2025-11-06 00:00:00,2025-11-06 00:10:00,2025-11-07 00:00:00,2025-11-06 06:00:00,7408.123577760274,6000.0,144,0,0.0,9.094947017729282e-13,2025-11-05,2025-10-31
2025-11-06,6,2025-11-06 06:00:00,2025-11-06 06:10:00,2025-11-07 06:00:00,2025-11-06 12:00:00,9924.95925925926,6000.0,144,36,5.978419913778644e-16,4.6838977141305804e-11,2025-11-05,2025-10-31
2025-11-06,12,2025-11-06 12:00:00,2025-11-06 12:10:00,2025-11-07 12:00:00,2025-11-06 18:00:00,7805.668044742386,6000.0,144,72,0.0,5.5706550483591855e-12,2025-11-05,2025-10-31
2025-11-06,18,2025-11-06 18:00:00,2025-11-06 18:10:00,2025-11-07 18:00:00,2025-11-07 00:00:00,10800.0,6000.0,144,108,0.0,7.389644451905042e-12,2025-11-05,2025-10-31
2025-11-07,0,2025-11-07 00:00:00,2025-11-07 00:10:00,2025-11-08 00:00:00,2025-11-07 06:00:00,6865.95240733348,6000.0,144,0,0.0,5.343281372915953e-12,2025-11-06,2025-10-31
2025-11-07,6,2025-11-07 06:00:00,2025-11-07 06:10:00,2025-11-08 06:00:00,2025-11-07 12:00:00,7636.052724712819,6000.0,144,36,0.0,1.8189894035458565e-12,2025-11-06,2025-10-31
2025-11-07,12,2025-11-07 12:00:00,2025-11-07 12:10:00,2025-11-08 12:00:00,2025-11-07 18:00:00,8858.90245971282,6000.0,144,72,0.0,2.3874235921539366e-12,2025-11-06,2025-10-31
2025-11-07,18,2025-11-07 18:00:00,2025-11-07 18:10:00,2025-11-08 18:00:00,2025-11-08 00:00:00,10393.760301750579,6000.0,144,108,0.0,1.8189894035458565e-12,2025-11-06,2025-10-31
2025-11-08,0,2025-11-08 00:00:00,2025-11-08 00:10:00,2025-11-09 00:00:00,2025-11-08 06:00:00,7597.113676582757,6000.0,144,0,0.0,9.094947017729282e-13,2025-11-07,2025-10-31
2025-11-08,6,2025-11-08 06:00:00,2025-11-08 06:10:00,2025-11-09 06:00:00,2025-11-08 12:00:00,7753.38262319377,6000.0,144,36,0.0,9.094947017729282e-13,2025-11-07,2025-10-31
2025-11-08,12,2025-11-08 12:00:00,2025-11-08 12:10:00,2025-11-09 12:00:00,2025-11-08 18:00:00,10121.78843041599,6000.0,144,72,0.0,3.524291969370097e-12,2025-11-07,2025-10-31
2025-11-08,18,2025-11-08 18:00:00,2025-11-08 18:10:00,2025-11-09 18:00:00,2025-11-09 00:00:00,10369.079299508101,6000.0,144,108,0.0,3.637978807091713e-12,2025-11-07,2025-10-31
2025-11-09,0,2025-11-09 00:00:00,2025-11-09 00:10:00,2025-11-10 00:00:00,2025-11-09 06:00:00,7676.433363858361,6000.0,144,0,0.0,9.094947017729282e-13,2025-11-08,2025-10-31
2025-11-09,6,2025-11-09 06:00:00,2025-11-09 06:10:00,2025-11-10 06:00:00,2025-11-09 12:00:00,9902.090740740741,6000.0,144,36,1.4751166333667939e-15,3.774403012357652e-11,2025-11-08,2025-10-31
2025-11-09,12,2025-11-09 12:00:00,2025-11-09 12:10:00,2025-11-10 12:00:00,2025-11-09 18:00:00,8747.656566461466,6000.0,144,72,0.0,1.9681465346366167e-09,2025-11-08,2025-10-31
2025-11-09,18,2025-11-09 18:00:00,2025-11-09 18:10:00,2025-11-10 18:00:00,2025-11-10 00:00:00,10800.0,6000.0,144,108,0.0,9.094947017729282e-13,2025-11-08,2025-10-31
2025-11-10,0,2025-11-10 00:00:00,2025-11-10 00:10:00,2025-11-11 00:00:00,2025-11-10 06:00:00,6684.326661448351,6000.0,144,0,1.4024378293678476e-16,1.9099388737231493e-11,2025-11-09,2025-10-31
2025-11-10,6,2025-11-10 06:00:00,2025-11-10 06:10:00,2025-11-11 06:00:00,2025-11-10 12:00:00,9894.333333333334,6000.0,144,36,0.0,1.8189894035458565e-12,2025-11-09,2025-10-31
2025-11-10,12,2025-11-10 12:00:00,2025-11-10 12:10:00,2025-11-11 12:00:00,2025-11-10 18:00:00,7919.733605873649,6000.0,144,72,4.0943664225237875e-16,9.28821464185603e-11,2025-11-09,2025-10-31
2025-11-10,18,2025-11-10 18:00:00,2025-11-10 18:10:00,2025-11-11 18:00:00,2025-11-11 00:00:00,10800.0,6000.0,144,108,0.0,2.0463630789890885e-12,2025-11-09,2025-10-31
2025-11-11,0,2025-11-11 00:00:00,2025-11-11 00:10:00,2025-11-12 00:00:00,2025-11-11 06:00:00,6896.200118683308,6000.0,144,0,0.0,9.094947017729282e-13,2025-11-10,2025-10-31
2025-11-11,6,2025-11-11 06:00:00,2025-11-11 06:10:00,2025-11-12 06:00:00,2025-11-11 12:00:00,10604.04909241898,6000.0,144,36,0.0,1.1004885891452432e-10,2025-11-10,2025-10-31
2025-11-11,12,2025-11-11 12:00:00,2025-11-11 12:10:00,2025-11-12 12:00:00,2025-11-11 18:00:00,9747.068466462528,6000.0,144,72,2.981768425981462e-16,5.229594535194337e-12,2025-11-10,2025-10-31
2025-11-11,18,2025-11-11 18:00:00,2025-11-11 18:10:00,2025-11-12 18:00:00,2025-11-12 00:00:00,10800.0,6000.0,144,108,0.0,9.094947017729282e-13,2025-11-10,2025-10-31
2025-11-12,0,2025-11-12 00:00:00,2025-11-12 00:10:00,2025-11-13 00:00:00,2025-11-12 06:00:00,7057.6979049885695,6000.0,144,0,0.0,9.094947017729282e-13,2025-11-11,2025-10-31
2025-11-12,6,2025-11-12 06:00:00,2025-11-12 06:10:00,2025-11-13 06:00:00,2025-11-12 12:00:00,9944.507407407407,6000.0,144,36,0.0,4.661160346586257e-12,2025-11-11,2025-10-31
2025-11-12,12,2025-11-12 12:00:00,2025-11-12 12:10:00,2025-11-13 12:00:00,2025-11-12 18:00:00,8545.39396360094,6000.0,144,72,0.0,2.576143742771819e-10,2025-11-11,2025-10-31
2025-11-12,18,2025-11-12 18:00:00,2025-11-12 18:10:00,2025-11-13 18:00:00,2025-11-13 00:00:00,10800.0,6000.0,144,108,0.0,9.094947017729282e-13,2025-11-11,2025-10-31
2025-11-13,0,2025-11-13 00:00:00,2025-11-13 00:10:00,2025-11-14 00:00:00,2025-11-13 06:00:00,7033.45047806192,6000.0,144,0,0.0,4.774847184307873e-12,2025-11-12,2025-10-31
2025-11-13,6,2025-11-13 06:00:00,2025-11-13 06:10:00,2025-11-14 06:00:00,2025-11-13 12:00:00,9907.757407407407,6000.0,144,36,0.0,1.1823431123048067e-11,2025-11-12,2025-10-31
2025-11-13,12,2025-11-13 12:00:00,2025-11-13 12:10:00,2025-11-14 12:00:00,2025-11-13 18:00:00,9577.47770653303,6000.0,144,72,0.0,2.7750957087846473e-10,2025-11-12,2025-10-31
2025-11-13,18,2025-11-13 18:00:00,2025-11-13 18:10:00,2025-11-14 18:00:00,2025-11-14 00:00:00,10635.216452700091,6000.0,144,108,0.0,2.2737367544323206e-12,2025-11-12,2025-10-31
2025-11-14,0,2025-11-14 00:00:00,2025-11-14 00:10:00,2025-11-15 00:00:00,2025-11-14 06:00:00,7028.39632321035,6000.0,144,0,0.0,1.8189894035458565e-12,2025-11-13,2025-10-31
2025-11-14,6,2025-11-14 06:00:00,2025-11-14 06:10:00,2025-11-15 06:00:00,2025-11-14 12:00:00,7189.187836041427,6000.0,144,36,1.0108255874615802e-15,3.637978807091713e-12,2025-11-13,2025-10-31
2025-11-14,12,2025-11-14 12:00:00,2025-11-14 12:10:00,2025-11-15 12:00:00,2025-11-14 18:00:00,8416.159759374761,6000.0,144,72,4.826712827994761e-16,1.8189894035458565e-12,2025-11-13,2025-10-31
2025-11-14,18,2025-11-14 18:00:00,2025-11-14 18:10:00,2025-11-15 18:00:00,2025-11-15 00:00:00,10300.10925925926,6000.0,144,108,0.0,1.8189894035458565e-12,2025-11-13,2025-10-31
2025-11-15,0,2025-11-15 00:00:00,2025-11-15 00:10:00,2025-11-16 00:00:00,2025-11-15 06:00:00,7400.563565557441,6000.0,144,0,0.0,3.524291969370097e-12,2025-11-14,2025-10-31
2025-11-15,6,2025-11-15 06:00:00,2025-11-15 06:10:00,2025-11-16 06:00:00,2025-11-15 12:00:00,9444.571117669655,6000.0,144,36,1.512326988289641e-15,2.2737367544323206e-12,2025-11-14,2025-10-31
2025-11-15,12,2025-11-15 12:00:00,2025-11-15 12:10:00,2025-11-16 12:00:00,2025-11-15 18:00:00,10062.891834151134,6000.0,144,72,1.3771013490072473e-15,1.8189894035458565e-12,2025-11-14,2025-10-31
2025-11-15,18,2025-11-15 18:00:00,2025-11-15 18:10:00,2025-11-16 18:00:00,2025-11-16 00:00:00,10320.07962962963,6000.0,144,108,0.0,9.094947017729282e-13,2025-11-14,2025-10-31
2025-11-16,0,2025-11-16 00:00:00,2025-11-16 00:10:00,2025-11-17 00:00:00,2025-11-16 06:00:00,7338.652420275173,6000.0,144,0,0.0,9.094947017729282e-13,2025-11-15,2025-10-31
2025-11-16,6,2025-11-16 06:00:00,2025-11-16 06:10:00,2025-11-17 06:00:00,2025-11-16 12:00:00,9875.207407407408,6000.0,144,36,0.0,9.094947017729282e-13,2025-11-15,2025-10-31
2025-11-16,12,2025-11-16 12:00:00,2025-11-16 12:10:00,2025-11-17 12:00:00,2025-11-16 18:00:00,7944.868197258779,6000.0,144,72,0.0,6.468781066359952e-10,2025-11-15,2025-10-31
2025-11-16,18,2025-11-16 18:00:00,2025-11-16 18:10:00,2025-11-17 18:00:00,2025-11-17 00:00:00,10759.502965494792,6000.0,144,108,0.0,5.6843418860808015e-12,2025-11-15,2025-10-31
2025-11-17,0,2025-11-17 00:00:00,2025-11-17 00:10:00,2025-11-18 00:00:00,2025-11-17 06:00:00,6603.505674461806,6000.0,144,0,0.0,2.9558577807620168e-12,2025-11-16,2025-10-31
2025-11-17,6,2025-11-17 06:00:00,2025-11-17 06:10:00,2025-11-18 06:00:00,2025-11-17 12:00:00,9949.775925925926,6000.0,144,36,0.0,9.094947017729282e-13,2025-11-16,2025-10-31
2025-11-17,12,2025-11-17 12:00:00,2025-11-17 12:10:00,2025-11-18 12:00:00,2025-11-17 18:00:00,8370.530384698688,6000.0,144,72,0.0,5.4569682106375694e-11,2025-11-16,2025-10-31
2025-11-17,18,2025-11-17 18:00:00,2025-11-17 18:10:00,2025-11-18 18:00:00,2025-11-18 00:00:00,10800.0,6000.0,144,108,0.0,1.8189894035458565e-12,2025-11-16,2025-10-31
2025-11-18,0,2025-11-18 00:00:00,2025-11-18 00:10:00,2025-11-19 00:00:00,2025-11-18 06:00:00,6989.0520045593175,6000.0,144,0,1.4051706736619676e-16,9.094947017729282e-13,2025-11-17,2025-10-31
2025-11-18,6,2025-11-18 06:00:00,2025-11-18 06:10:00,2025-11-19 06:00:00,2025-11-18 12:00:00,9912.766666666666,6000.0,144,36,7.257316073152522e-16,5.6843418860808015e-12,2025-11-17,2025-10-31
2025-11-18,12,2025-11-18 12:00:00,2025-11-18 12:10:00,2025-11-19 12:00:00,2025-11-18 18:00:00,6963.324574396944,6000.0,144,72,0.0,4.547473508864641e-13,2025-11-17,2025-10-31
2025-11-18,18,2025-11-18 18:00:00,2025-11-18 18:10:00,2025-11-19 18:00:00,2025-11-19 00:00:00,10800.0,6000.0,144,108,1.8033873719305616e-16,3.296918293926865e-12,2025-11-17,2025-10-31
2025-11-19,0,2025-11-19 00:00:00,2025-11-19 00:10:00,2025-11-20 00:00:00,2025-11-19 06:00:00,6875.304699762299,6000.0,144,0,0.0,9.094947017729282e-13,2025-11-18,2025-10-31
2025-11-19,6,2025-11-19 06:00:00,2025-11-19 06:10:00,2025-11-20 06:00:00,2025-11-19 12:00:00,9849.67659243345,6000.0,144,36,0.0,9.094947017729282e-13,2025-11-18,2025-10-31
2025-11-19,12,2025-11-19 12:00:00,2025-11-19 12:10:00,2025-11-20 12:00:00,2025-11-19 18:00:00,8323.368649520593,6000.0,144,72,0.0,6.048139766789973e-11,2025-11-18,2025-10-31
2025-11-19,18,2025-11-19 18:00:00,2025-11-19 18:10:00,2025-11-20 18:00:00,2025-11-20 00:00:00,10800.0,6000.0,144,108,0.0,4.547473508864641e-13,2025-11-18,2025-10-31
2025-11-20,0,2025-11-20 00:00:00,2025-11-20 00:10:00,2025-11-21 00:00:00,2025-11-20 06:00:00,6601.9687517591165,6000.0,144,0,0.0,2.0463630789890885e-12,2025-11-19,2025-10-31
2025-11-20,6,2025-11-20 06:00:00,2025-11-20 06:10:00,2025-11-21 06:00:00,2025-11-20 12:00:00,9935.925925925925,6000.0,144,36,0.0,9.094947017729282e-13,2025-11-19,2025-10-31
2025-11-20,12,2025-11-20 12:00:00,2025-11-20 12:10:00,2025-11-21 12:00:00,2025-11-20 18:00:00,7942.180180555613,6000.0,144,72,3.394749017825959e-16,4.7407411329913884e-11,2025-11-19,2025-10-31
2025-11-20,18,2025-11-20 18:00:00,2025-11-20 18:10:00,2025-11-21 18:00:00,2025-11-21 00:00:00,10800.0,6000.0,144,108,1.744282591620166e-16,3.183231456205249e-12,2025-11-19,2025-10-31
2025-11-21,0,2025-11-21 00:00:00,2025-11-21 00:10:00,2025-11-22 00:00:00,2025-11-21 06:00:00,6729.571660415223,6000.0,144,0,0.0,2.5011104298755527e-12,2025-11-20,2025-10-31
2025-11-21,6,2025-11-21 06:00:00,2025-11-21 06:10:00,2025-11-22 06:00:00,2025-11-21 12:00:00,7507.772909706263,6000.0,144,36,0.0,1.8189894035458565e-12,2025-11-20,2025-10-31
2025-11-21,12,2025-11-21 12:00:00,2025-11-21 12:10:00,2025-11-22 12:00:00,2025-11-21 18:00:00,8323.802824460554,6000.0,144,72,0.0,6.727987056365237e-10,2025-11-20,2025-10-31
2025-11-21,18,2025-11-21 18:00:00,2025-11-21 18:10:00,2025-11-22 18:00:00,2025-11-22 00:00:00,10278.235185185185,6000.0,144,108,0.0,1.8189894035458565e-12,2025-11-20,2025-10-31
2025-11-22,0,2025-11-22 00:00:00,2025-11-22 00:10:00,2025-11-23 00:00:00,2025-11-22 06:00:00,7199.903372566119,6000.0,144,0,0.0,3.410605131648481e-13,2025-11-21,2025-10-31
2025-11-22,6,2025-11-22 06:00:00,2025-11-22 06:10:00,2025-11-23 06:00:00,2025-11-22 12:00:00,9765.842666666667,6000.0,144,36,0.0,2.7284841053187847e-12,2025-11-21,2025-10-31
2025-11-22,12,2025-11-22 12:00:00,2025-11-22 12:10:00,2025-11-23 12:00:00,2025-11-22 18:00:00,9329.116135185186,6000.0,144,72,0.0,9.094947017729282e-13,2025-11-21,2025-10-31
2025-11-22,18,2025-11-22 18:00:00,2025-11-22 18:10:00,2025-11-23 18:00:00,2025-11-23 00:00:00,10304.518518518518,6000.0,144,108,0.0,1.1368683772161603e-12,2025-11-21,2025-10-31
2025-11-23,0,2025-11-23 00:00:00,2025-11-23 00:10:00,2025-11-24 00:00:00,2025-11-23 06:00:00,6987.237028597802,6000.0,144,0,0.0,9.094947017729282e-13,2025-11-22,2025-10-31
2025-11-23,6,2025-11-23 06:00:00,2025-11-23 06:10:00,2025-11-24 06:00:00,2025-11-23 12:00:00,9888.2319947772,6000.0,144,36,1.6285068184137215e-15,1.8189894035458565e-12,2025-11-22,2025-10-31
2025-11-23,12,2025-11-23 12:00:00,2025-11-23 12:10:00,2025-11-24 12:00:00,2025-11-23 18:00:00,7714.346067500961,6000.0,144,72,3.101145713154815e-16,3.034301698789932e-10,2025-11-22,2025-10-31
2025-11-23,18,2025-11-23 18:00:00,2025-11-23 18:10:00,2025-11-24 18:00:00,2025-11-24 00:00:00,10800.0,6000.0,144,108,0.0,3.183231456205249e-12,2025-11-22,2025-10-31
2025-11-24,0,2025-11-24 00:00:00,2025-11-24 00:10:00,2025-11-25 00:00:00,2025-11-24 06:00:00,6239.438098598816,6000.0,144,0,0.0,2.7284841053187847e-12,2025-11-23,2025-10-31
2025-11-24,6,2025-11-24 06:00:00,2025-11-24 06:10:00,2025-11-25 06:00:00,2025-11-24 12:00:00,9882.561111111112,6000.0,144,36,0.0,3.717559593496844e-11,2025-11-23,2025-10-31
2025-11-24,12,2025-11-24 12:00:00,2025-11-24 12:10:00,2025-11-25 12:00:00,2025-11-24 18:00:00,8033.2451551125605,6000.0,144,72,0.0,2.3646862246096134e-11,2025-11-23,2025-10-31
2025-11-24,18,2025-11-24 18:00:00,2025-11-24 18:10:00,2025-11-25 18:00:00,2025-11-25 00:00:00,10800.0,6000.0,144,108,0.0,9.094947017729282e-13,2025-11-23,2025-10-31
2025-11-25,0,2025-11-25 00:00:00,2025-11-25 00:10:00,2025-11-26 00:00:00,2025-11-25 06:00:00,6282.634823522425,6000.0,144,0,0.0,9.094947017729282e-13,2025-11-24,2025-10-31
2025-11-25,6,2025-11-25 06:00:00,2025-11-25 06:10:00,2025-11-26 06:00:00,2025-11-25 12:00:00,10800.0,6000.0,144,36,0.0,8.185452315956354e-12,2025-11-24,2025-10-31
2025-11-25,12,2025-11-25 12:00:00,2025-11-25 12:10:00,2025-11-26 12:00:00,2025-11-25 18:00:00,9010.737568023245,6000.0,144,72,0.0,4.092726157978177e-12,2025-11-24,2025-10-31
2025-11-25,18,2025-11-25 18:00:00,2025-11-25 18:10:00,2025-11-26 18:00:00,2025-11-26 00:00:00,10800.0,6000.0,144,108,0.0,4.092726157978177e-12,2025-11-24,2025-10-31
2025-11-26,0,2025-11-26 00:00:00,2025-11-26 00:10:00,2025-11-27 00:00:00,2025-11-26 06:00:00,6556.915455631223,6000.0,144,0,0.0,9.094947017729282e-13,2025-11-25,2025-10-31
2025-11-26,6,2025-11-26 06:00:00,2025-11-26 06:10:00,2025-11-27 06:00:00,2025-11-26 12:00:00,9889.257407407407,6000.0,144,36,0.0,9.094947017729282e-13,2025-11-25,2025-10-31
2025-11-26,12,2025-11-26 12:00:00,2025-11-26 12:10:00,2025-11-27 12:00:00,2025-11-26 18:00:00,7791.239535807248,6000.0,144,72,0.0,3.296918293926865e-12,2025-11-25,2025-10-31
2025-11-26,18,2025-11-26 18:00:00,2025-11-26 18:10:00,2025-11-27 18:00:00,2025-11-27 00:00:00,10800.0,6000.0,144,108,1.93532342283645e-16,2.2737367544323206e-12,2025-11-25,2025-10-31
2025-11-27,0,2025-11-27 00:00:00,2025-11-27 00:10:00,2025-11-28 00:00:00,2025-11-27 06:00:00,6724.344048619936,6000.0,144,0,0.0,1.8189894035458565e-12,2025-11-26,2025-10-31
2025-11-27,6,2025-11-27 06:00:00,2025-11-27 06:10:00,2025-11-28 06:00:00,2025-11-27 12:00:00,9894.177777777779,6000.0,144,36,0.0,8.731149137020111e-11,2025-11-26,2025-10-31
2025-11-27,12,2025-11-27 12:00:00,2025-11-27 12:10:00,2025-11-28 12:00:00,2025-11-27 18:00:00,8486.430214638745,6000.0,144,72,2.7130677016006097e-16,2.871729520848021e-10,2025-11-26,2025-10-31
2025-11-27,18,2025-11-27 18:00:00,2025-11-27 18:10:00,2025-11-28 18:00:00,2025-11-28 00:00:00,10783.976355297551,6000.0,144,108,0.0,9.094947017729282e-13,2025-11-26,2025-10-31
2025-11-28,0,2025-11-28 00:00:00,2025-11-28 00:10:00,2025-11-29 00:00:00,2025-11-28 06:00:00,6599.841347315876,6000.0,144,0,0.0,1.8189894035458565e-12,2025-11-27,2025-10-31
2025-11-28,6,2025-11-28 06:00:00,2025-11-28 06:10:00,2025-11-29 06:00:00,2025-11-28 12:00:00,8483.542930680314,6000.0,144,36,0.0,1.8189894035458565e-12,2025-11-27,2025-10-31
2025-11-28,12,2025-11-28 12:00:00,2025-11-28 12:10:00,2025-11-29 12:00:00,2025-11-28 18:00:00,7201.819251050687,6000.0,144,72,0.0,2.0691004465334117e-11,2025-11-27,2025-10-31
2025-11-28,18,2025-11-28 18:00:00,2025-11-28 18:10:00,2025-11-29 18:00:00,2025-11-29 00:00:00,10265.522048003473,6000.0,144,108,0.0,9.094947017729282e-13,2025-11-27,2025-10-31
2025-11-29,0,2025-11-29 00:00:00,2025-11-29 00:10:00,2025-11-30 00:00:00,2025-11-29 06:00:00,6771.880279786317,6000.0,144,0,0.0,1.4779288903810084e-11,2025-11-28,2025-10-31
2025-11-29,6,2025-11-29 06:00:00,2025-11-29 06:10:00,2025-11-30 06:00:00,2025-11-29 12:00:00,10308.20925925926,6000.0,144,36,1.0084072131033199e-15,1.8189894035458565e-12,2025-11-28,2025-10-31
2025-11-29,12,2025-11-29 12:00:00,2025-11-29 12:10:00,2025-11-30 12:00:00,2025-11-29 18:00:00,10513.440021481481,6000.0,144,72,3.358151087441284e-16,2.7966962079517543e-11,2025-11-28,2025-10-31
2025-11-29,18,2025-11-29 18:00:00,2025-11-29 18:10:00,2025-11-30 18:00:00,2025-11-30 00:00:00,10304.225822019675,6000.0,144,108,0.0,1.8189894035458565e-12,2025-11-28,2025-10-31
2025-11-30,0,2025-11-30 00:00:00,2025-11-30 00:10:00,2025-12-01 00:00:00,2025-11-30 06:00:00,6732.838428143375,6000.0,144,0,0.0,9.094947017729282e-13,2025-11-29,2025-10-31
2025-11-30,6,2025-11-30 06:00:00,2025-11-30 06:10:00,2025-12-01 06:00:00,2025-11-30 12:00:00,10339.56811444348,6000.0,144,36,0.0,2.1259438653942198e-11,2025-11-29,2025-10-31
2025-11-30,12,2025-11-30 12:00:00,2025-11-30 12:10:00,2025-12-01 12:00:00,2025-11-30 18:00:00,7235.336947106771,6000.0,144,72,2.8088733003980587e-16,2.5011104298755527e-11,2025-11-29,2025-10-31
2025-11-30,18,2025-11-30 18:00:00,2025-11-30 18:10:00,2025-12-01 18:00:00,2025-12-01 00:00:00,10800.0,6000.0,144,108,0.0,2.7284841053187847e-12,2025-11-29,2025-10-31
2025-12-01,0,2025-12-01 00:00:00,2025-12-01 00:10:00,2025-12-02 00:00:00,2025-12-01 06:00:00,6115.7171292139765,6000.0,144,0,1.2377903253547524e-16,2.9558577807620168e-12,2025-11-30,2025-11-30
2025-12-01,6,2025-12-01 06:00:00,2025-12-01 06:10:00,2025-12-02 06:00:00,2025-12-01 12:00:00,8842.449357532838,6000.0,144,36,0.0,7.23048287909478e-11,2025-11-30,2025-11-30
2025-12-01,12,2025-12-01 12:00:00,2025-12-01 12:10:00,2025-12-02 12:00:00,2025-12-01 18:00:00,6440.189920335937,6000.0,144,72,1.22555860168731e-15,1.3642420526593924e-12,2025-11-30,2025-11-30
2025-12-01,18,2025-12-01 18:00:00,2025-12-01 18:10:00,2025-12-02 18:00:00,2025-12-02 00:00:00,10776.62447265625,6000.0,144,108,0.0,1.8189894035458565e-12,2025-11-30,2025-11-30
2025-12-02,0,2025-12-02 00:00:00,2025-12-02 00:10:00,2025-12-03 00:00:00,2025-12-02 06:00:00,6387.443629061347,6000.0,144,0,0.0,9.094947017729282e-13,2025-12-01,2025-11-30
2025-12-02,6,2025-12-02 06:00:00,2025-12-02 06:10:00,2025-12-03 06:00:00,2025-12-02 12:00:00,9592.27019318475,6000.0,144,36,6.692627106123907e-16,3.7971403799019754e-11,2025-12-01,2025-11-30
2025-12-02,12,2025-12-02 12:00:00,2025-12-02 12:10:00,2025-12-03 12:00:00,2025-12-02 18:00:00,6627.997967578125,6000.0,144,72,0.0,2.842170943040401e-10,2025-12-01,2025-11-30
2025-12-02,18,2025-12-02 18:00:00,2025-12-02 18:10:00,2025-12-03 18:00:00,2025-12-03 00:00:00,10800.0,6000.0,144,108,0.0,4.661160346586257e-12,2025-12-01,2025-11-30
2025-12-03,0,2025-12-03 00:00:00,2025-12-03 00:10:00,2025-12-04 00:00:00,2025-12-03 06:00:00,6276.322546435185,6000.0,144,0,0.0,9.094947017729282e-13,2025-12-02,2025-11-30
2025-12-03,6,2025-12-03 06:00:00,2025-12-03 06:10:00,2025-12-04 06:00:00,2025-12-03 12:00:00,9986.595553917246,6000.0,144,36,0.0,1.659827830735594e-11,2025-12-02,2025-11-30
2025-12-03,12,2025-12-03 12:00:00,2025-12-03 12:10:00,2025-12-04 12:00:00,2025-12-03 18:00:00,6795.82896974971,6000.0,144,72,0.0,1.120952219935134e-10,2025-12-02,2025-11-30
2025-12-03,18,2025-12-03 18:00:00,2025-12-03 18:10:00,2025-12-04 18:00:00,2025-12-04 00:00:00,10800.0,6000.0,144,108,0.0,1.1368683772161603e-13,2025-12-02,2025-11-30
2025-12-04,0,2025-12-04 00:00:00,2025-12-04 00:10:00,2025-12-05 00:00:00,2025-12-04 06:00:00,6587.911051526475,6000.0,144,0,0.0,9.094947017729282e-13,2025-12-03,2025-11-30
2025-12-04,6,2025-12-04 06:00:00,2025-12-04 06:10:00,2025-12-05 06:00:00,2025-12-04 12:00:00,9694.40843970573,6000.0,144,36,0.0,3.183231456205249e-12,2025-12-03,2025-11-30
2025-12-04,12,2025-12-04 12:00:00,2025-12-04 12:10:00,2025-12-05 12:00:00,2025-12-04 18:00:00,6434.1528526406255,6000.0,144,72,2.79566824172612e-16,3.0316869015223347e-09,2025-12-03,2025-11-30
2025-12-04,18,2025-12-04 18:00:00,2025-12-04 18:10:00,2025-12-05 18:00:00,2025-12-05 00:00:00,10754.00286029128,6000.0,144,108,0.0,9.094947017729282e-13,2025-12-03,2025-11-30
2025-12-05,0,2025-12-05 00:00:00,2025-12-05 00:10:00,2025-12-06 00:00:00,2025-12-05 06:00:00,6399.089244346448,6000.0,144,0,0.0,1.8189894035458565e-12,2025-12-04,2025-11-30
2025-12-05,6,2025-12-05 06:00:00,2025-12-05 06:10:00,2025-12-06 06:00:00,2025-12-05 12:00:00,9477.960121308737,6000.0,144,36,0.0,9.663381206337363e-12,2025-12-04,2025-11-30
2025-12-05,12,2025-12-05 12:00:00,2025-12-05 12:10:00,2025-12-06 12:00:00,2025-12-05 18:00:00,6187.268726842543,6000.0,144,72,3.1626131714722066e-16,4.4565240386873484e-11,2025-12-04,2025-11-30
2025-12-05,18,2025-12-05 18:00:00,2025-12-05 18:10:00,2025-12-06 18:00:00,2025-12-06 00:00:00,10268.25925925926,6000.0,144,108,0.0,1.8189894035458565e-12,2025-12-04,2025-11-30
2025-12-06,0,2025-12-06 00:00:00,2025-12-06 00:10:00,2025-12-07 00:00:00,2025-12-06 06:00:00,6675.80945538484,6000.0,144,0,0.0,3.751665644813329e-12,2025-12-05,2025-11-30
2025-12-06,6,2025-12-06 06:00:00,2025-12-06 06:10:00,2025-12-07 06:00:00,2025-12-06 12:00:00,10181.133333333333,6000.0,144,36,0.0,1.6075318853836507e-10,2025-12-05,2025-11-30
2025-12-06,12,2025-12-06 12:00:00,2025-12-06 12:10:00,2025-12-07 12:00:00,2025-12-06 18:00:00,8330.239753607737,6000.0,144,72,0.0,2.1600499167107046e-11,2025-12-05,2025-11-30
2025-12-06,18,2025-12-06 18:00:00,2025-12-06 18:10:00,2025-12-07 18:00:00,2025-12-07 00:00:00,10229.354593012149,6000.0,144,108,0.0,4.661160346586257e-12,2025-12-05,2025-11-30
2025-12-07,0,2025-12-07 00:00:00,2025-12-07 00:10:00,2025-12-08 00:00:00,2025-12-07 06:00:00,6490.295506246956,6000.0,144,0,0.0,9.094947017729282e-13,2025-12-06,2025-11-30
2025-12-07,6,2025-12-07 06:00:00,2025-12-07 06:10:00,2025-12-08 06:00:00,2025-12-07 12:00:00,10145.046825553385,6000.0,144,36,4.049881305473166e-15,6.480149750132114e-12,2025-12-06,2025-11-30
2025-12-07,12,2025-12-07 12:00:00,2025-12-07 12:10:00,2025-12-08 12:00:00,2025-12-07 18:00:00,7890.627844830488,6000.0,144,72,0.0,2.2100721253082156e-09,2025-12-06,2025-11-30
2025-12-07,18,2025-12-07 18:00:00,2025-12-07 18:10:00,2025-12-08 18:00:00,2025-12-08 00:00:00,10800.0,6000.0,144,108,0.0,1.1368683772161603e-13,2025-12-06,2025-11-30
2025-12-08,0,2025-12-08 00:00:00,2025-12-08 00:10:00,2025-12-09 00:00:00,2025-12-08 06:00:00,6298.30825212717,6000.0,144,0,0.0,9.094947017729282e-13,2025-12-07,2025-11-30
2025-12-08,6,2025-12-08 06:00:00,2025-12-08 06:10:00,2025-12-09 06:00:00,2025-12-08 12:00:00,10800.0,6000.0,144,36,0.0,3.058175934711471e-11,2025-12-07,2025-11-30
2025-12-08,12,2025-12-08 12:00:00,2025-12-08 12:10:00,2025-12-09 12:00:00,2025-12-08 18:00:00,9370.32366361034,6000.0,144,72,0.0,5.979927664157003e-11,2025-12-07,2025-11-30
2025-12-08,18,2025-12-08 18:00:00,2025-12-08 18:10:00,2025-12-09 18:00:00,2025-12-09 00:00:00,10800.0,6000.0,144,108,0.0,9.094947017729282e-13,2025-12-07,2025-11-30
2025-12-09,0,2025-12-09 00:00:00,2025-12-09 00:10:00,2025-12-10 00:00:00,2025-12-09 06:00:00,6609.135894929977,6000.0,144,0,0.0,2.2737367544323206e-13,2025-12-08,2025-11-30
2025-12-09,6,2025-12-09 06:00:00,2025-12-09 06:10:00,2025-12-10 06:00:00,2025-12-09 12:00:00,10800.0,6000.0,144,36,2.512483713976823e-15,6.843947630841285e-11,2025-12-08,2025-11-30
2025-12-09,12,2025-12-09 12:00:00,2025-12-09 12:10:00,2025-12-10 12:00:00,2025-12-09 18:00:00,8904.32184447232,6000.0,144,72,4.797217430495911e-16,1.978150976356119e-11,2025-12-08,2025-11-30
2025-12-09,18,2025-12-09 18:00:00,2025-12-09 18:10:00,2025-12-10 18:00:00,2025-12-10 00:00:00,10800.0,6000.0,144,108,0.0,1.1368683772161603e-13,2025-12-08,2025-11-30
2025-12-10,0,2025-12-10 00:00:00,2025-12-10 00:10:00,2025-12-11 00:00:00,2025-12-10 06:00:00,6475.002403850697,6000.0,144,0,0.0,9.094947017729282e-13,2025-12-09,2025-11-30
2025-12-10,6,2025-12-10 06:00:00,2025-12-10 06:10:00,2025-12-11 06:00:00,2025-12-10 12:00:00,10800.0,6000.0,144,36,0.0,1.8530954548623413e-11,2025-12-09,2025-11-30
2025-12-10,12,2025-12-10 12:00:00,2025-12-10 12:10:00,2025-12-11 12:00:00,2025-12-10 18:00:00,6817.572373657791,6000.0,144,72,0.0,4.039520717924461e-09,2025-12-09,2025-11-30
2025-12-10,18,2025-12-10 18:00:00,2025-12-10 18:10:00,2025-12-11 18:00:00,2025-12-11 00:00:00,10800.0,6000.0,144,108,0.0,1.4779288903810084e-12,2025-12-09,2025-11-30
2025-12-11,0,2025-12-11 00:00:00,2025-12-11 00:10:00,2025-12-12 00:00:00,2025-12-11 06:00:00,6568.942487438079,6000.0,144,0,0.0,9.094947017729282e-13,2025-12-10,2025-11-30
2025-12-11,6,2025-12-11 06:00:00,2025-12-11 06:10:00,2025-12-12 06:00:00,2025-12-11 12:00:00,10800.0,6000.0,144,36,6.410344939823662e-16,2.9558577807620168e-12,2025-12-10,2025-11-30
2025-12-11,12,2025-12-11 12:00:00,2025-12-11 12:10:00,2025-12-12 12:00:00,2025-12-11 18:00:00,8037.2041866852815,6000.0,144,72,0.0,3.920035851479042e-09,2025-12-10,2025-11-30
2025-12-11,18,2025-12-11 18:00:00,2025-12-11 18:10:00,2025-12-12 18:00:00,2025-12-12 00:00:00,10800.0,6000.0,144,108,0.0,9.094947017729282e-13,2025-12-10,2025-11-30
2025-12-12,0,2025-12-12 00:00:00,2025-12-12 00:10:00,2025-12-13 00:00:00,2025-12-12 06:00:00,6649.7720260014485,6000.0,144,0,0.0,2.7284841053187847e-12,2025-12-11,2025-11-30
2025-12-12,6,2025-12-12 06:00:00,2025-12-12 06:10:00,2025-12-13 06:00:00,2025-12-12 12:00:00,10205.366666666667,6000.0,144,36,0.0,1.000444171950221e-11,2025-12-11,2025-11-30
2025-12-12,12,2025-12-12 12:00:00,2025-12-12 12:10:00,2025-12-13 12:00:00,2025-12-12 18:00:00,7994.153816222126,6000.0,144,72,0.0,9.094947017729282e-13,2025-12-11,2025-11-30
2025-12-12,18,2025-12-12 18:00:00,2025-12-12 18:10:00,2025-12-13 18:00:00,2025-12-13 00:00:00,10313.124074074074,6000.0,144,108,0.0,6.139089236967266e-12,2025-12-11,2025-11-30
2025-12-13,0,2025-12-13 00:00:00,2025-12-13 00:10:00,2025-12-14 00:00:00,2025-12-13 06:00:00,6745.614528342448,6000.0,144,0,0.0,2.6147972675971687e-12,2025-12-12,2025-11-30
2025-12-13,6,2025-12-13 06:00:00,2025-12-13 06:10:00,2025-12-14 06:00:00,2025-12-13 12:00:00,10131.668518518518,6000.0,144,36,0.0,3.149125404888764e-11,2025-12-12,2025-11-30
2025-12-13,12,2025-12-13 12:00:00,2025-12-13 12:10:00,2025-12-14 12:00:00,2025-12-13 18:00:00,8852.579263592785,6000.0,144,72,2.6209073143093373e-16,8.36735125631094e-11,2025-12-12,2025-11-30
2025-12-13,18,2025-12-13 18:00:00,2025-12-13 18:10:00,2025-12-14 18:00:00,2025-12-14 00:00:00,10309.905555555555,6000.0,144,108,0.0,2.2737367544323206e-12,2025-12-12,2025-11-30
2025-12-14,0,2025-12-14 00:00:00,2025-12-14 00:10:00,2025-12-15 00:00:00,2025-12-14 06:00:00,6772.900702368343,6000.0,144,0,0.0,9.094947017729282e-13,2025-12-13,2025-11-30
2025-12-14,6,2025-12-14 06:00:00,2025-12-14 06:10:00,2025-12-15 06:00:00,2025-12-14 12:00:00,10800.0,6000.0,144,36,0.0,5.60476109967567e-11,2025-12-13,2025-11-30
2025-12-14,12,2025-12-14 12:00:00,2025-12-14 12:10:00,2025-12-15 12:00:00,2025-12-14 18:00:00,6470.781280985098,6000.0,144,72,2.1878382668606944e-16,6.184563972055912e-11,2025-12-13,2025-11-30
2025-12-14,18,2025-12-14 18:00:00,2025-12-14 18:10:00,2025-12-15 18:00:00,2025-12-15 00:00:00,10800.0,6000.0,144,108,0.0,9.094947017729282e-13,2025-12-13,2025-11-30
2025-12-15,0,2025-12-15 00:00:00,2025-12-15 00:10:00,2025-12-16 00:00:00,2025-12-15 06:00:00,6478.639624642361,6000.0,144,0,0.0,9.094947017729282e-13,2025-12-14,2025-11-30
2025-12-15,6,2025-12-15 06:00:00,2025-12-15 06:10:00,2025-12-16 06:00:00,2025-12-15 12:00:00,10800.0,6000.0,144,36,0.0,8.0831341620069e-11,2025-12-14,2025-11-30
2025-12-15,12,2025-12-15 12:00:00,2025-12-15 12:10:00,2025-12-16 12:00:00,2025-12-15 18:00:00,7012.621981432484,6000.0,144,72,2.337735171705127e-16,2.1065034161438234e-09,2025-12-14,2025-11-30
2025-12-15,18,2025-12-15 18:00:00,2025-12-15 18:10:00,2025-12-16 18:00:00,2025-12-16 00:00:00,10800.0,6000.0,144,108,0.0,9.094947017729282e-13,2025-12-14,2025-11-30
2025-12-16,0,2025-12-16 00:00:00,2025-12-16 00:10:00,2025-12-17 00:00:00,2025-12-16 06:00:00,6594.825666809461,6000.0,144,0,0.0,9.094947017729282e-13,2025-12-15,2025-11-30
2025-12-16,6,2025-12-16 06:00:00,2025-12-16 06:10:00,2025-12-17 06:00:00,2025-12-16 12:00:00,10800.0,6000.0,144,36,1.9146424230565795e-15,9.322320693172514e-11,2025-12-15,2025-11-30
2025-12-16,12,2025-12-16 12:00:00,2025-12-16 12:10:00,2025-12-17 12:00:00,2025-12-16 18:00:00,7794.525583679495,6000.0,144,72,0.0,2.14072315429803e-09,2025-12-15,2025-11-30
2025-12-16,18,2025-12-16 18:00:00,2025-12-16 18:10:00,2025-12-17 18:00:00,2025-12-17 00:00:00,10800.0,6000.0,144,108,0.0,9.094947017729282e-13,2025-12-15,2025-11-30
2025-12-17,0,2025-12-17 00:00:00,2025-12-17 00:10:00,2025-12-18 00:00:00,2025-12-17 06:00:00,6476.173467134841,6000.0,144,0,1.1121314751298819e-16,9.094947017729282e-13,2025-12-16,2025-11-30
2025-12-17,6,2025-12-17 06:00:00,2025-12-17 06:10:00,2025-12-18 06:00:00,2025-12-17 12:00:00,10800.0,6000.0,144,36,0.0,7.275957614183426e-12,2025-12-16,2025-11-30
2025-12-17,12,2025-12-17 12:00:00,2025-12-17 12:10:00,2025-12-18 12:00:00,2025-12-17 18:00:00,9159.047568431664,6000.0,144,72,5.061551553923292e-16,3.0316869015223347e-09,2025-12-16,2025-11-30
2025-12-17,18,2025-12-17 18:00:00,2025-12-17 18:10:00,2025-12-18 18:00:00,2025-12-18 00:00:00,10800.0,6000.0,144,108,0.0,1.1368683772161603e-13,2025-12-16,2025-11-30
2025-12-18,0,2025-12-18 00:00:00,2025-12-18 00:10:00,2025-12-19 00:00:00,2025-12-18 06:00:00,6652.293132483219,6000.0,144,0,0.0,1.1368683772161603e-12,2025-12-17,2025-11-30
2025-12-18,6,2025-12-18 06:00:00,2025-12-18 06:10:00,2025-12-19 06:00:00,2025-12-18 12:00:00,10800.0,6000.0,144,36,0.0,1.8189894035458565e-12,2025-12-17,2025-11-30
2025-12-18,12,2025-12-18 12:00:00,2025-12-18 12:10:00,2025-12-19 12:00:00,2025-12-18 18:00:00,7542.329032177275,6000.0,144,72,0.0,3.751665644813329e-12,2025-12-17,2025-11-30
2025-12-18,18,2025-12-18 18:00:00,2025-12-18 18:10:00,2025-12-19 18:00:00,2025-12-19 00:00:00,10800.0,6000.0,144,108,1.4978687944385455e-16,3.183231456205249e-12,2025-12-17,2025-11-30
2025-12-19,0,2025-12-19 00:00:00,2025-12-19 00:10:00,2025-12-20 00:00:00,2025-12-19 06:00:00,6606.777349296008,6000.0,144,0,0.0,9.094947017729282e-13,2025-12-18,2025-11-30
2025-12-19,6,2025-12-19 06:00:00,2025-12-19 06:10:00,2025-12-20 06:00:00,2025-12-19 12:00:00,10179.648148148148,6000.0,144,36,7.481668043093311e-16,2.7284841053187847e-12,2025-12-18,2025-11-30
2025-12-19,12,2025-12-19 12:00:00,2025-12-19 12:10:00,2025-12-20 12:00:00,2025-12-19 18:00:00,8168.991127072437,6000.0,144,72,4.2444511768699496e-16,1.0624944479786791e-07,2025-12-18,2025-11-30
2025-12-19,18,2025-12-19 18:00:00,2025-12-19 18:10:00,2025-12-20 18:00:00,2025-12-20 00:00:00,10275.565097921488,6000.0,144,108,1.6486756108304607e-16,2.6147972675971687e-12,2025-12-18,2025-11-30
2025-12-20,0,2025-12-20 00:00:00,2025-12-20 00:10:00,2025-12-21 00:00:00,2025-12-20 06:00:00,6520.485504633726,6000.0,144,0,0.0,1.0686562745831907e-11,2025-12-19,2025-11-30
2025-12-20,6,2025-12-20 06:00:00,2025-12-20 06:10:00,2025-12-21 06:00:00,2025-12-20 12:00:00,10256.435185185186,6000.0,144,36,0.0,6.707523425575346e-12,2025-12-19,2025-11-30
2025-12-20,12,2025-12-20 12:00:00,2025-12-20 12:10:00,2025-12-21 12:00:00,2025-12-20 18:00:00,8821.943939719811,6000.0,144,72,0.0,1.8189894035458565e-12,2025-12-19,2025-11-30
2025-12-20,18,2025-12-20 18:00:00,2025-12-20 18:10:00,2025-12-21 18:00:00,2025-12-21 00:00:00,10321.398148148148,6000.0,144,108,0.0,2.091837814077735e-11,2025-12-19,2025-11-30
2025-12-21,0,2025-12-21 00:00:00,2025-12-21 00:10:00,2025-12-22 00:00:00,2025-12-21 06:00:00,6714.89697317173,6000.0,144,0,0.0,1.8189894035458565e-12,2025-12-20,2025-11-30
2025-12-21,6,2025-12-21 06:00:00,2025-12-21 06:10:00,2025-12-22 06:00:00,2025-12-21 12:00:00,10800.0,6000.0,144,36,0.0,9.208633855450898e-12,2025-12-20,2025-11-30
2025-12-21,12,2025-12-21 12:00:00,2025-12-21 12:10:00,2025-12-22 12:00:00,2025-12-21 18:00:00,7760.281012142166,6000.0,144,72,4.659169877913787e-16,5.6274984672199935e-11,2025-12-20,2025-11-30
2025-12-21,18,2025-12-21 18:00:00,2025-12-21 18:10:00,2025-12-22 18:00:00,2025-12-22 00:00:00,10800.0,6000.0,144,108,0.0,1.2505552149377763e-12,2025-12-20,2025-11-30
2025-12-22,0,2025-12-22 00:00:00,2025-12-22 00:10:00,2025-12-23 00:00:00,2025-12-22 06:00:00,6580.090110351709,6000.0,144,0,0.0,9.094947017729282e-13,2025-12-21,2025-11-30
2025-12-22,6,2025-12-22 06:00:00,2025-12-22 06:10:00,2025-12-23 06:00:00,2025-12-22 12:00:00,10800.0,6000.0,144,36,1.2769292556661967e-15,2.000888343900442e-11,2025-12-21,2025-11-30
2025-12-22,12,2025-12-22 12:00:00,2025-12-22 12:10:00,2025-12-23 12:00:00,2025-12-22 18:00:00,7421.5113997213075,6000.0,144,72,0.0,9.094947017729282e-13,2025-12-21,2025-11-30
2025-12-22,18,2025-12-22 18:00:00,2025-12-22 18:10:00,2025-12-23 18:00:00,2025-12-23 00:00:00,10791.512807436342,6000.0,144,108,0.0,9.094947017729282e-13,2025-12-21,2025-11-30
2025-12-23,0,2025-12-23 00:00:00,2025-12-23 00:10:00,2025-12-24 00:00:00,2025-12-23 06:00:00,6246.151124481336,6000.0,144,0,0.0,9.094947017729282e-13,2025-12-22,2025-11-30
2025-12-23,6,2025-12-23 06:00:00,2025-12-23 06:10:00,2025-12-24 06:00:00,2025-12-23 12:00:00,10800.0,6000.0,144,36,0.0,2.7284841053187847e-12,2025-12-22,2025-11-30
2025-12-23,12,2025-12-23 12:00:00,2025-12-23 12:10:00,2025-12-24 12:00:00,2025-12-23 18:00:00,8682.814860036362,6000.0,144,72,0.0,9.094947017729282e-13,2025-12-22,2025-11-30
2025-12-23,18,2025-12-23 18:00:00,2025-12-23 18:10:00,2025-12-24 18:00:00,2025-12-24 00:00:00,10788.426331076389,6000.0,144,108,0.0,9.094947017729282e-13,2025-12-22,2025-11-30
2025-12-24,0,2025-12-24 00:00:00,2025-12-24 00:10:00,2025-12-25 00:00:00,2025-12-24 06:00:00,6641.780691982204,6000.0,144,0,0.0,9.094947017729282e-13,2025-12-23,2025-11-30
2025-12-24,6,2025-12-24 06:00:00,2025-12-24 06:10:00,2025-12-25 06:00:00,2025-12-24 12:00:00,10800.0,6000.0,144,36,0.0,1.2358896128716879e-09,2025-12-23,2025-11-30
2025-12-24,12,2025-12-24 12:00:00,2025-12-24 12:10:00,2025-12-25 12:00:00,2025-12-24 18:00:00,7907.18561707533,6000.0,144,72,5.056788245170831e-16,3.296918293926865e-12,2025-12-23,2025-11-30
2025-12-24,18,2025-12-24 18:00:00,2025-12-24 18:10:00,2025-12-25 18:00:00,2025-12-25 00:00:00,10800.0,6000.0,144,108,0.0,2.7284841053187847e-12,2025-12-23,2025-11-30
2025-12-25,0,2025-12-25 00:00:00,2025-12-25 00:10:00,2025-12-26 00:00:00,2025-12-25 06:00:00,6503.557937895401,6000.0,144,0,0.0,9.094947017729282e-13,2025-12-24,2025-11-30
2025-12-25,6,2025-12-25 06:00:00,2025-12-25 06:10:00,2025-12-26 06:00:00,2025-12-25 12:00:00,10800.0,6000.0,144,36,0.0,1.9099388737231493e-11,2025-12-24,2025-11-30
2025-12-25,12,2025-12-25 12:00:00,2025-12-25 12:10:00,2025-12-26 12:00:00,2025-12-25 18:00:00,6480.032673341528,6000.0,144,72,4.593607098114428e-16,2.2737367544323206e-13,2025-12-24,2025-11-30
2025-12-25,18,2025-12-25 18:00:00,2025-12-25 18:10:00,2025-12-26 18:00:00,2025-12-26 00:00:00,10764.839485773535,6000.0,144,108,0.0,2.2737367544323206e-13,2025-12-24,2025-11-30
2025-12-26,0,2025-12-26 00:00:00,2025-12-26 00:10:00,2025-12-27 00:00:00,2025-12-26 06:00:00,6465.430657248747,6000.0,144,0,0.0,9.094947017729282e-13,2025-12-25,2025-11-30
2025-12-26,6,2025-12-26 06:00:00,2025-12-26 06:10:00,2025-12-27 06:00:00,2025-12-26 12:00:00,10219.283333333333,6000.0,144,36,0.0,1.6501644495292567e-09,2025-12-25,2025-11-30
2025-12-26,12,2025-12-26 12:00:00,2025-12-26 12:10:00,2025-12-27 12:00:00,2025-12-26 18:00:00,7819.5104659032595,6000.0,144,72,2.592043058917597e-16,3.154275418637553e-08,2025-12-25,2025-11-30
2025-12-26,18,2025-12-26 18:00:00,2025-12-26 18:10:00,2025-12-27 18:00:00,2025-12-27 00:00:00,10291.48972924865,6000.0,144,108,1.672995271922785e-16,8.29913915367797e-12,2025-12-25,2025-11-30
2025-12-27,0,2025-12-27 00:00:00,2025-12-27 00:10:00,2025-12-28 00:00:00,2025-12-27 06:00:00,6924.584404935138,6000.0,144,0,0.0,5.343281372915953e-12,2025-12-26,2025-11-30
2025-12-27,6,2025-12-27 06:00:00,2025-12-27 06:10:00,2025-12-28 06:00:00,2025-12-27 12:00:00,10228.674074074073,6000.0,144,36,0.0,1.000444171950221e-11,2025-12-26,2025-11-30
2025-12-27,12,2025-12-27 12:00:00,2025-12-27 12:10:00,2025-12-28 12:00:00,2025-12-27 18:00:00,7950.94828342212,6000.0,144,72,2.517622355614983e-16,3.2883690437301993e-08,2025-12-26,2025-11-30
2025-12-27,18,2025-12-27 18:00:00,2025-12-27 18:10:00,2025-12-28 18:00:00,2025-12-28 00:00:00,10120.689140298273,6000.0,144,108,0.0,5.6843418860808015e-12,2025-12-26,2025-11-30
2025-12-28,0,2025-12-28 00:00:00,2025-12-28 00:10:00,2025-12-29 00:00:00,2025-12-28 06:00:00,6640.064381414351,6000.0,144,0,0.0,1.1368683772161603e-12,2025-12-27,2025-11-30
2025-12-28,6,2025-12-28 06:00:00,2025-12-28 06:10:00,2025-12-29 06:00:00,2025-12-28 12:00:00,10800.0,6000.0,144,36,0.0,1.9099388737231493e-11,2025-12-27,2025-11-30
2025-12-28,12,2025-12-28 12:00:00,2025-12-28 12:10:00,2025-12-29 12:00:00,2025-12-28 18:00:00,7144.128396617331,6000.0,144,72,0.0,9.094947017729282e-13,2025-12-27,2025-11-30
2025-12-28,18,2025-12-28 18:00:00,2025-12-28 18:10:00,2025-12-29 18:00:00,2025-12-29 00:00:00,10721.681999782502,6000.0,144,108,0.0,9.094947017729282e-13,2025-12-27,2025-11-30
2025-12-29,0,2025-12-29 00:00:00,2025-12-29 00:10:00,2025-12-30 00:00:00,2025-12-29 06:00:00,6687.598347342156,6000.0,144,0,0.0,9.094947017729282e-13,2025-12-28,2025-11-30
2025-12-29,6,2025-12-29 06:00:00,2025-12-29 06:10:00,2025-12-30 06:00:00,2025-12-29 12:00:00,10800.0,6000.0,144,36,0.0,1.9099388737231493e-11,2025-12-28,2025-11-30
2025-12-29,12,2025-12-29 12:00:00,2025-12-29 12:10:00,2025-12-30 12:00:00,2025-12-29 18:00:00,7164.385486852912,6000.0,144,72,2.483501999693321e-16,5.3124722398933955e-08,2025-12-28,2025-11-30
2025-12-29,18,2025-12-29 18:00:00,2025-12-29 18:10:00,2025-12-30 18:00:00,2025-12-30 00:00:00,10800.0,6000.0,144,108,1.58290227434952e-16,2.2737367544323206e-13,2025-12-28,2025-11-30
2025-12-30,0,2025-12-30 00:00:00,2025-12-30 00:10:00,2025-12-31 00:00:00,2025-12-30 06:00:00,6304.068452371816,6000.0,144,0,0.0,9.094947017729282e-13,2025-12-29,2025-11-30
2025-12-30,6,2025-12-30 06:00:00,2025-12-30 06:10:00,2025-12-31 06:00:00,2025-12-30 12:00:00,10800.0,6000.0,144,36,0.0,2.034994395216927e-10,2025-12-29,2025-11-30
2025-12-30,12,2025-12-30 12:00:00,2025-12-30 12:10:00,2025-12-31 12:00:00,2025-12-30 18:00:00,6522.3259680919655,6000.0,144,72,0.0,5.3124722398933955e-08,2025-12-29,2025-11-30
2025-12-30,18,2025-12-30 18:00:00,2025-12-30 18:10:00,2025-12-31 18:00:00,2025-12-31 00:00:00,10800.0,6000.0,144,108,0.0,3.751665644813329e-12,2025-12-29,2025-11-30
2025-12-31,0,2025-12-31 00:00:00,2025-12-31 00:10:00,2026-01-01 00:00:00,2025-12-31 06:00:00,6566.08511969358,6000.0,144,0,0.0,9.094947017729282e-13,2025-12-30,2025-11-30
2025-12-31,6,2025-12-31 06:00:00,2025-12-31 06:10:00,2026-01-01 00:00:00,2025-12-31 12:00:00,10800.0,6000.0,108,0,0.0,3.205968823749572e-11,2025-12-30,2025-11-30
2025-12-31,12,2025-12-31 12:00:00,2025-12-31 12:10:00,2026-01-01 00:00:00,2025-12-31 18:00:00,7649.256617589074,6000.0,72,0,0.0,1.5120349416974932e-11,2025-12-30,2025-11-30
2025-12-31,18,2025-12-31 18:00:00,2025-12-31 18:10:00,2026-01-01 00:00:00,2026-01-01 00:00:00,10800.0,6000.0,36,0,2.6035153674655484e-09,0.0,2025-12-30,2025-11-30
