issue_datetime,model,model_selection_known_at,observations_end,scenario_count,scenario_issue_first_date,scenario_issue_last_date,latest_scenario_target_end,scenario_probability,observed_intraday_bias,interval_quantile
2025-01-01 00:00:00,lag7,predeclared_lag7,,0,,,,0.0,0.0,0.9
2025-01-01 06:00:00,lag7,predeclared_lag7,2025-01-01 06:00:00,0,,,,0.0,-0.09867222222222222,0.9
2025-01-01 12:00:00,lag7,predeclared_lag7,2025-01-01 12:00:00,0,,,,0.0,0.5271805555555555,0.9
2025-01-01 18:00:00,lag7,predeclared_lag7,2025-01-01 18:00:00,0,,,,0.0,0.4854583333333334,0.9
2025-01-02 00:00:00,lag7,predeclared_lag7,2025-01-02 00:00:00,0,,,,0.0,0.0,0.9
2025-01-02 06:00:00,lag7,predeclared_lag7,2025-01-02 06:00:00,0,,,,0.0,-0.002288888888888879,0.9
2025-01-02 12:00:00,lag7,predeclared_lag7,2025-01-02 12:00:00,0,,,,0.0,0.006552777777777772,0.9
2025-01-02 18:00:00,lag7,predeclared_lag7,2025-01-02 18:00:00,0,,,,0.0,-0.008977777777777786,0.9
2025-01-03 00:00:00,lag7,predeclared_lag7,2025-01-03 00:00:00,0,,,,0.0,0.0,0.9
2025-01-03 06:00:00,lag7,predeclared_lag7,2025-01-03 06:00:00,0,,,,0.0,-0.08707777777777777,0.9
2025-01-03 12:00:00,lag7,predeclared_lag7,2025-01-03 12:00:00,0,,,,0.0,-0.25534722222222217,0.9
2025-01-03 18:00:00,lag7,predeclared_lag7,2025-01-03 18:00:00,0,,,,0.0,-0.2699888888888889,0.9
2025-01-04 00:00:00,lag7,predeclared_lag7,2025-01-04 00:00:00,0,,,,0.0,0.0,0.9
2025-01-04 06:00:00,lag7,predeclared_lag7,2025-01-04 06:00:00,0,,,,0.0,-0.009013888888888896,0.9
2025-01-04 12:00:00,lag7,predeclared_lag7,2025-01-04 12:00:00,0,,,,0.0,-0.01919722222222224,0.9
2025-01-04 18:00:00,lag7,predeclared_lag7,2025-01-04 18:00:00,0,,,,0.0,-0.011680555555555572,0.9
2025-01-05 00:00:00,lag7,predeclared_lag7,2025-01-05 00:00:00,0,,,,0.0,0.0,0.9
2025-01-05 06:00:00,lag7,predeclared_lag7,2025-01-05 06:00:00,0,,,,0.0,0.11000277777777777,0.9
2025-01-05 12:00:00,lag7,predeclared_lag7,2025-01-05 12:00:00,0,,,,0.0,0.2621361111111111,0.9
2025-01-05 18:00:00,lag7,predeclared_lag7,2025-01-05 18:00:00,0,,,,0.0,0.2690333333333333,0.9
2025-01-06 00:00:00,lag7,predeclared_lag7,2025-01-06 00:00:00,0,,,,0.0,0.0,0.9
2025-01-06 06:00:00,lag7,predeclared_lag7,2025-01-06 06:00:00,0,,,,0.0,-0.005108333333333343,0.9
2025-01-06 12:00:00,lag7,predeclared_lag7,2025-01-06 12:00:00,0,,,,0.0,0.030358333333333338,0.9
2025-01-06 18:00:00,lag7,predeclared_lag7,2025-01-06 18:00:00,0,,,,0.0,-0.0019583333333333397,0.9
2025-01-07 00:00:00,lag7,predeclared_lag7,2025-01-07 00:00:00,0,,,,0.0,0.0,0.9
2025-01-07 06:00:00,lag7,predeclared_lag7,2025-01-07 06:00:00,0,,,,0.0,-0.026936111111111112,0.9
2025-01-07 12:00:00,lag7,predeclared_lag7,2025-01-07 12:00:00,0,,,,0.0,-0.020958333333333357,0.9
2025-01-07 18:00:00,lag7,predeclared_lag7,2025-01-07 18:00:00,0,,,,0.0,0.024422222222222217,0.9
2025-01-08 00:00:00,lag7,predeclared_lag7,2025-01-08 00:00:00,0,,,,0.0,0.0,0.9
2025-01-08 06:00:00,lag7,predeclared_lag7,2025-01-08 06:00:00,0,,,,0.0,-0.008558333333333326,0.9
2025-01-08 12:00:00,lag7,predeclared_lag7,2025-01-08 12:00:00,0,,,,0.0,-0.001599999999999981,0.9
2025-01-08 18:00:00,lag7,predeclared_lag7,2025-01-08 18:00:00,0,,,,0.0,-0.02544722222222222,0.9
2025-01-09 00:00:00,lag7,predeclared_lag7,2025-01-09 00:00:00,1,2025-01-08,2025-01-08,2025-01-09 00:00:00,1.0,0.0,0.9
2025-01-09 06:00:00,lag7,predeclared_lag7,2025-01-09 06:00:00,1,2025-01-08,2025-01-08,2025-01-09 06:00:00,1.0,0.003947222222222217,0.9
2025-01-09 12:00:00,lag7,predeclared_lag7,2025-01-09 12:00:00,1,2025-01-08,2025-01-08,2025-01-09 12:00:00,1.0,-0.006280555555555536,0.9
2025-01-09 18:00:00,lag7,predeclared_lag7,2025-01-09 18:00:00,1,2025-01-08,2025-01-08,2025-01-09 18:00:00,1.0,-0.004127777777777764,0.9
2025-01-10 00:00:00,lag7,predeclared_lag7,2025-01-10 00:00:00,2,2025-01-08,2025-01-09,2025-01-10 00:00:00,0.5,0.0,0.9
2025-01-10 06:00:00,lag7,predeclared_lag7,2025-01-10 06:00:00,2,2025-01-08,2025-01-09,2025-01-10 06:00:00,0.5,-0.024419444444444452,0.9
2025-01-10 12:00:00,lag7,predeclared_lag7,2025-01-10 12:00:00,2,2025-01-08,2025-01-09,2025-01-10 12:00:00,0.5,-0.0013666666666666857,0.9
2025-01-10 18:00:00,lag7,predeclared_lag7,2025-01-10 18:00:00,2,2025-01-08,2025-01-09,2025-01-10 18:00:00,0.5,-0.0025000000000000282,0.9
2025-01-11 00:00:00,lag7,predeclared_lag7,2025-01-11 00:00:00,3,2025-01-08,2025-01-10,2025-01-11 00:00:00,0.3333333333333333,0.0,0.9
2025-01-11 06:00:00,lag7,predeclared_lag7,2025-01-11 06:00:00,3,2025-01-08,2025-01-10,2025-01-11 06:00:00,0.3333333333333333,-0.0016916666666666686,0.9
2025-01-11 12:00:00,lag7,predeclared_lag7,2025-01-11 12:00:00,3,2025-01-08,2025-01-10,2025-01-11 12:00:00,0.3333333333333333,0.022191666666666676,0.9
2025-01-11 18:00:00,lag7,predeclared_lag7,2025-01-11 18:00:00,3,2025-01-08,2025-01-10,2025-01-11 18:00:00,0.3333333333333333,-0.0003749999999999957,0.9
2025-01-12 00:00:00,lag7,predeclared_lag7,2025-01-12 00:00:00,4,2025-01-08,2025-01-11,2025-01-12 00:00:00,0.25,0.0,0.9
2025-01-12 06:00:00,lag7,predeclared_lag7,2025-01-12 06:00:00,4,2025-01-08,2025-01-11,2025-01-12 06:00:00,0.25,-0.005797222222222233,0.9
2025-01-12 12:00:00,lag7,predeclared_lag7,2025-01-12 12:00:00,4,2025-01-08,2025-01-11,2025-01-12 12:00:00,0.25,0.00819722222222221,0.9
2025-01-12 18:00:00,lag7,predeclared_lag7,2025-01-12 18:00:00,4,2025-01-08,2025-01-11,2025-01-12 18:00:00,0.25,0.010024999999999997,0.9
2025-01-13 00:00:00,lag7,predeclared_lag7,2025-01-13 00:00:00,5,2025-01-08,2025-01-12,2025-01-13 00:00:00,0.2,0.0,0.9
2025-01-13 06:00:00,lag7,predeclared_lag7,2025-01-13 06:00:00,5,2025-01-08,2025-01-12,2025-01-13 06:00:00,0.2,-0.004152777777777775,0.9
2025-01-13 12:00:00,lag7,predeclared_lag7,2025-01-13 12:00:00,5,2025-01-08,2025-01-12,2025-01-13 12:00:00,0.2,-0.035197222222222234,0.9
2025-01-13 18:00:00,lag7,predeclared_lag7,2025-01-13 18:00:00,5,2025-01-08,2025-01-12,2025-01-13 18:00:00,0.2,-0.010519444444444455,0.9
2025-01-14 00:00:00,lag7,predeclared_lag7,2025-01-14 00:00:00,6,2025-01-08,2025-01-13,2025-01-14 00:00:00,0.16666666666666666,0.0,0.9
2025-01-14 06:00:00,lag7,predeclared_lag7,2025-01-14 06:00:00,6,2025-01-08,2025-01-13,2025-01-14 06:00:00,0.16666666666666666,0.010941666666666667,0.9
2025-01-14 12:00:00,lag7,predeclared_lag7,2025-01-14 12:00:00,6,2025-01-08,2025-01-13,2025-01-14 12:00:00,0.16666666666666666,-0.011922222222222207,0.9
2025-01-14 18:00:00,lag7,predeclared_lag7,2025-01-14 18:00:00,6,2025-01-08,2025-01-13,2025-01-14 18:00:00,0.16666666666666666,-0.027836111111111103,0.9
2025-01-15 00:00:00,lag7,predeclared_lag7,2025-01-15 00:00:00,7,2025-01-08,2025-01-14,2025-01-15 00:00:00,0.14285714285714285,0.0,0.9
2025-01-15 06:00:00,lag7,predeclared_lag7,2025-01-15 06:00:00,7,2025-01-08,2025-01-14,2025-01-15 06:00:00,0.14285714285714285,0.00363611111111111,0.9
2025-01-15 12:00:00,lag7,predeclared_lag7,2025-01-15 12:00:00,7,2025-01-08,2025-01-14,2025-01-15 12:00:00,0.14285714285714285,-0.012019444444444463,0.9
2025-01-15 18:00:00,lag7,predeclared_lag7,2025-01-15 18:00:00,7,2025-01-08,2025-01-14,2025-01-15 18:00:00,0.14285714285714285,0.01777222222222222,0.9
2025-01-16 00:00:00,lag7,predeclared_lag7,2025-01-16 00:00:00,8,2025-01-08,2025-01-15,2025-01-16 00:00:00,0.125,0.0,0.9
2025-01-16 06:00:00,lag7,predeclared_lag7,2025-01-16 06:00:00,8,2025-01-08,2025-01-15,2025-01-16 06:00:00,0.125,-0.002583333333333334,0.9
2025-01-16 12:00:00,lag7,predeclared_lag7,2025-01-16 12:00:00,8,2025-01-08,2025-01-15,2025-01-16 12:00:00,0.125,0.0014333333333333143,0.9
2025-01-16 18:00:00,lag7,predeclared_lag7,2025-01-16 18:00:00,8,2025-01-08,2025-01-15,2025-01-16 18:00:00,0.125,-0.034455555555555545,0.9
2025-01-17 00:00:00,lag7,predeclared_lag7,2025-01-17 00:00:00,9,2025-01-08,2025-01-16,2025-01-17 00:00:00,0.1111111111111111,0.0,0.9
2025-01-17 06:00:00,lag7,predeclared_lag7,2025-01-17 06:00:00,9,2025-01-08,2025-01-16,2025-01-17 06:00:00,0.1111111111111111,0.01376111111111111,0.9
2025-01-17 12:00:00,lag7,predeclared_lag7,2025-01-17 12:00:00,9,2025-01-08,2025-01-16,2025-01-17 12:00:00,0.1111111111111111,-0.023419444444444423,0.9
2025-01-17 18:00:00,lag7,predeclared_lag7,2025-01-17 18:00:00,9,2025-01-08,2025-01-16,2025-01-17 18:00:00,0.1111111111111111,-0.01916944444444444,0.9
2025-01-18 00:00:00,lag7,predeclared_lag7,2025-01-18 00:00:00,10,2025-01-08,2025-01-17,2025-01-18 00:00:00,0.1,0.0,0.9
2025-01-18 06:00:00,lag7,predeclared_lag7,2025-01-18 06:00:00,10,2025-01-08,2025-01-17,2025-01-18 06:00:00,0.1,0.00830833333333334,0.9
2025-01-18 12:00:00,lag7,predeclared_lag7,2025-01-18 12:00:00,10,2025-01-08,2025-01-17,2025-01-18 12:00:00,0.1,-0.03178333333333334,0.9
2025-01-18 18:00:00,lag7,predeclared_lag7,2025-01-18 18:00:00,10,2025-01-08,2025-01-17,2025-01-18 18:00:00,0.1,-0.015155555555555552,0.9
2025-01-19 00:00:00,lag7,predeclared_lag7,2025-01-19 00:00:00,11,2025-01-08,2025-01-18,2025-01-19 00:00:00,0.09090909090909091,0.0,0.9
2025-01-19 06:00:00,lag7,predeclared_lag7,2025-01-19 06:00:00,11,2025-01-08,2025-01-18,2025-01-19 06:00:00,0.09090909090909091,-0.0030777777777777687,0.9
2025-01-19 12:00:00,lag7,predeclared_lag7,2025-01-19 12:00:00,11,2025-01-08,2025-01-18,2025-01-19 12:00:00,0.09090909090909091,-0.02916666666666666,0.9
2025-01-19 18:00:00,lag7,predeclared_lag7,2025-01-19 18:00:00,11,2025-01-08,2025-01-18,2025-01-19 18:00:00,0.09090909090909091,-0.0037777777777778026,0.9
2025-01-20 00:00:00,lag7,predeclared_lag7,2025-01-20 00:00:00,12,2025-01-08,2025-01-19,2025-01-20 00:00:00,0.08333333333333333,0.0,0.9
2025-01-20 06:00:00,lag7,predeclared_lag7,2025-01-20 06:00:00,12,2025-01-08,2025-01-19,2025-01-20 06:00:00,0.08333333333333333,-0.0016416666666666648,0.9
2025-01-20 12:00:00,lag7,predeclared_lag7,2025-01-20 12:00:00,12,2025-01-08,2025-01-19,2025-01-20 12:00:00,0.08333333333333333,-0.0020944444444444513,0.9
2025-01-20 18:00:00,lag7,predeclared_lag7,2025-01-20 18:00:00,12,2025-01-08,2025-01-19,2025-01-20 18:00:00,0.08333333333333333,-0.0029277777777777575,0.9
2025-01-21 00:00:00,lag7,predeclared_lag7,2025-01-21 00:00:00,13,2025-01-08,2025-01-20,2025-01-21 00:00:00,0.07692307692307693,0.0,0.9
2025-01-21 06:00:00,lag7,predeclared_lag7,2025-01-21 06:00:00,13,2025-01-08,2025-01-20,2025-01-21 06:00:00,0.07692307692307693,0.0035888888888888975,0.9
2025-01-21 12:00:00,lag7,predeclared_lag7,2025-01-21 12:00:00,13,2025-01-08,2025-01-20,2025-01-21 12:00:00,0.07692307692307693,-0.0464611111111111,0.9
2025-01-21 18:00:00,lag7,predeclared_lag7,2025-01-21 18:00:00,13,2025-01-08,2025-01-20,2025-01-21 18:00:00,0.07692307692307693,-0.030038888888888893,0.9
2025-01-22 00:00:00,lag7,predeclared_lag7,2025-01-22 00:00:00,14,2025-01-08,2025-01-21,2025-01-22 00:00:00,0.07142857142857142,0.0,0.9
2025-01-22 06:00:00,lag7,predeclared_lag7,2025-01-22 06:00:00,14,2025-01-08,2025-01-21,2025-01-22 06:00:00,0.07142857142857142,0.0008333333333333325,0.9
2025-01-22 12:00:00,lag7,predeclared_lag7,2025-01-22 12:00:00,14,2025-01-08,2025-01-21,2025-01-22 12:00:00,0.07142857142857142,0.007144444444444475,0.9
2025-01-22 18:00:00,lag7,predeclared_lag7,2025-01-22 18:00:00,14,2025-01-08,2025-01-21,2025-01-22 18:00:00,0.07142857142857142,-0.012697222222222242,0.9
2025-01-23 00:00:00,lag7,predeclared_lag7,2025-01-23 00:00:00,15,2025-01-08,2025-01-22,2025-01-23 00:00:00,0.06666666666666667,0.0,0.9
2025-01-23 06:00:00,lag7,predeclared_lag7,2025-01-23 06:00:00,15,2025-01-08,2025-01-22,2025-01-23 06:00:00,0.06666666666666667,-0.0016444444444444406,0.9
2025-01-23 12:00:00,lag7,predeclared_lag7,2025-01-23 12:00:00,15,2025-01-08,2025-01-22,2025-01-23 12:00:00,0.06666666666666667,0.0021583333333333454,0.9
2025-01-23 18:00:00,lag7,predeclared_lag7,2025-01-23 18:00:00,15,2025-01-08,2025-01-22,2025-01-23 18:00:00,0.06666666666666667,0.02874166666666665,0.9
2025-01-24 00:00:00,lag7,predeclared_lag7,2025-01-24 00:00:00,16,2025-01-08,2025-01-23,2025-01-24 00:00:00,0.0625,0.0,0.9
2025-01-24 06:00:00,lag7,predeclared_lag7,2025-01-24 06:00:00,16,2025-01-08,2025-01-23,2025-01-24 06:00:00,0.0625,0.0034611111111111153,0.9
2025-01-24 12:00:00,lag7,predeclared_lag7,2025-01-24 12:00:00,16,2025-01-08,2025-01-23,2025-01-24 12:00:00,0.0625,-0.032083333333333325,0.9
2025-01-24 18:00:00,lag7,predeclared_lag7,2025-01-24 18:00:00,16,2025-01-08,2025-01-23,2025-01-24 18:00:00,0.0625,-0.018319444444444433,0.9
2025-01-25 00:00:00,lag7,predeclared_lag7,2025-01-25 00:00:00,17,2025-01-08,2025-01-24,2025-01-25 00:00:00,0.058823529411764705,0.0,0.9
2025-01-25 06:00:00,lag7,predeclared_lag7,2025-01-25 06:00:00,17,2025-01-08,2025-01-24,2025-01-25 06:00:00,0.058823529411764705,-0.011119444444444444,0.9
2025-01-25 12:00:00,lag7,predeclared_lag7,2025-01-25 12:00:00,17,2025-01-08,2025-01-24,2025-01-25 12:00:00,0.058823529411764705,-0.017797222222222218,0.9
2025-01-25 18:00:00,lag7,predeclared_lag7,2025-01-25 18:00:00,17,2025-01-08,2025-01-24,2025-01-25 18:00:00,0.058823529411764705,-0.047297222222222234,0.9
2025-01-26 00:00:00,lag7,predeclared_lag7,2025-01-26 00:00:00,18,2025-01-08,2025-01-25,2025-01-26 00:00:00,0.05555555555555555,0.0,0.9
2025-01-26 06:00:00,lag7,predeclared_lag7,2025-01-26 06:00:00,18,2025-01-08,2025-01-25,2025-01-26 06:00:00,0.05555555555555555,-0.003777777777777775,0.9
2025-01-26 12:00:00,lag7,predeclared_lag7,2025-01-26 12:00:00,18,2025-01-08,2025-01-25,2025-01-26 12:00:00,0.05555555555555555,0.007677777777777771,0.9
2025-01-26 18:00:00,lag7,predeclared_lag7,2025-01-26 18:00:00,18,2025-01-08,2025-01-25,2025-01-26 18:00:00,0.05555555555555555,-0.012202777777777745,0.9
2025-01-27 00:00:00,lag7,predeclared_lag7,2025-01-27 00:00:00,19,2025-01-08,2025-01-26,2025-01-27 00:00:00,0.05263157894736842,0.0,0.9
2025-01-27 06:00:00,lag7,predeclared_lag7,2025-01-27 06:00:00,19,2025-01-08,2025-01-26,2025-01-27 06:00:00,0.05263157894736842,-0.009702777777777777,0.9
2025-01-27 12:00:00,lag7,predeclared_lag7,2025-01-27 12:00:00,19,2025-01-08,2025-01-26,2025-01-27 12:00:00,0.05263157894736842,-0.04191666666666665,0.9
2025-01-27 18:00:00,lag7,predeclared_lag7,2025-01-27 18:00:00,19,2025-01-08,2025-01-26,2025-01-27 18:00:00,0.05263157894736842,-0.01520000000000001,0.9
2025-01-28 00:00:00,lag7,predeclared_lag7,2025-01-28 00:00:00,20,2025-01-08,2025-01-27,2025-01-28 00:00:00,0.05,0.0,0.9
2025-01-28 06:00:00,lag7,predeclared_lag7,2025-01-28 06:00:00,20,2025-01-08,2025-01-27,2025-01-28 06:00:00,0.05,0.0027055555555555444,0.9
2025-01-28 12:00:00,lag7,predeclared_lag7,2025-01-28 12:00:00,20,2025-01-08,2025-01-27,2025-01-28 12:00:00,0.05,0.019377777777777765,0.9
2025-01-28 18:00:00,lag7,predeclared_lag7,2025-01-28 18:00:00,20,2025-01-08,2025-01-27,2025-01-28 18:00:00,0.05,0.016533333333333355,0.9
2025-01-29 00:00:00,lag7,predeclared_lag7,2025-01-29 00:00:00,21,2025-01-08,2025-01-28,2025-01-29 00:00:00,0.047619047619047616,0.0,0.9
2025-01-29 06:00:00,lag7,predeclared_lag7,2025-01-29 06:00:00,21,2025-01-08,2025-01-28,2025-01-29 06:00:00,0.047619047619047616,-0.009052777777777776,0.9
2025-01-29 12:00:00,lag7,predeclared_lag7,2025-01-29 12:00:00,21,2025-01-08,2025-01-28,2025-01-29 12:00:00,0.047619047619047616,-0.04297777777777781,0.9
2025-01-29 18:00:00,lag7,predeclared_lag7,2025-01-29 18:00:00,21,2025-01-08,2025-01-28,2025-01-29 18:00:00,0.047619047619047616,-0.059227777777777754,0.9
2025-01-30 00:00:00,lag7,predeclared_lag7,2025-01-30 00:00:00,22,2025-01-08,2025-01-29,2025-01-30 00:00:00,0.045454545454545456,0.0,0.9
2025-01-30 06:00:00,lag7,predeclared_lag7,2025-01-30 06:00:00,22,2025-01-08,2025-01-29,2025-01-30 06:00:00,0.045454545454545456,0.003719444444444448,0.9
2025-01-30 12:00:00,lag7,predeclared_lag7,2025-01-30 12:00:00,22,2025-01-08,2025-01-29,2025-01-30 12:00:00,0.045454545454545456,-0.04063333333333333,0.9
2025-01-30 18:00:00,lag7,predeclared_lag7,2025-01-30 18:00:00,22,2025-01-08,2025-01-29,2025-01-30 18:00:00,0.045454545454545456,-0.04630833333333334,0.9
2025-01-31 00:00:00,lag7,predeclared_lag7,2025-01-31 00:00:00,23,2025-01-08,2025-01-30,2025-01-31 00:00:00,0.043478260869565216,0.0,0.9
2025-01-31 06:00:00,lag7,predeclared_lag7,2025-01-31 06:00:00,23,2025-01-08,2025-01-30,2025-01-31 06:00:00,0.043478260869565216,-0.0005472222222222237,0.9
2025-01-31 12:00:00,lag7,predeclared_lag7,2025-01-31 12:00:00,23,2025-01-08,2025-01-30,2025-01-31 12:00:00,0.043478260869565216,0.02571944444444443,0.9
2025-01-31 18:00:00,lag7,predeclared_lag7,2025-01-31 18:00:00,23,2025-01-08,2025-01-30,2025-01-31 18:00:00,0.043478260869565216,-0.01402777777777777,0.9
2025-02-01 00:00:00,weekly2,2025-02-01 00:00:00,2025-02-01 00:00:00,24,2025-01-08,2025-01-31,2025-02-01 00:00:00,0.041666666666666664,0.0,0.9
2025-02-01 06:00:00,weekly2,2025-02-01 00:00:00,2025-02-01 06:00:00,24,2025-01-08,2025-01-31,2025-02-01 06:00:00,0.041666666666666664,-0.02932361111111111,0.9
2025-02-01 12:00:00,weekly2,2025-02-01 00:00:00,2025-02-01 12:00:00,24,2025-01-08,2025-01-31,2025-02-01 12:00:00,0.041666666666666664,-0.07695416666666666,0.9
2025-02-01 18:00:00,weekly2,2025-02-01 00:00:00,2025-02-01 18:00:00,24,2025-01-08,2025-01-31,2025-02-01 18:00:00,0.041666666666666664,-0.06737083333333332,0.9
2025-02-02 00:00:00,weekly2,2025-02-01 00:00:00,2025-02-02 00:00:00,25,2025-01-08,2025-02-01,2025-02-02 00:00:00,0.04,0.0,0.9
2025-02-02 06:00:00,weekly2,2025-02-01 00:00:00,2025-02-02 06:00:00,25,2025-01-08,2025-02-01,2025-02-02 06:00:00,0.04,-0.030616666666666674,0.9
2025-02-02 12:00:00,weekly2,2025-02-01 00:00:00,2025-02-02 12:00:00,25,2025-01-08,2025-02-01,2025-02-02 12:00:00,0.04,-0.08350555555555561,0.9
2025-02-02 18:00:00,weekly2,2025-02-01 00:00:00,2025-02-02 18:00:00,25,2025-01-08,2025-02-01,2025-02-02 18:00:00,0.04,-0.10786527777777774,0.9
2025-02-03 00:00:00,weekly2,2025-02-01 00:00:00,2025-02-03 00:00:00,26,2025-01-08,2025-02-02,2025-02-03 00:00:00,0.038461538461538464,0.0,0.9
2025-02-03 06:00:00,weekly2,2025-02-01 00:00:00,2025-02-03 06:00:00,26,2025-01-08,2025-02-02,2025-02-03 06:00:00,0.038461538461538464,-0.025620833333333336,0.9
2025-02-03 12:00:00,weekly2,2025-02-01 00:00:00,2025-02-03 12:00:00,26,2025-01-08,2025-02-02,2025-02-03 12:00:00,0.038461538461538464,-0.0657638888888889,0.9
2025-02-03 18:00:00,weekly2,2025-02-01 00:00:00,2025-02-03 18:00:00,26,2025-01-08,2025-02-02,2025-02-03 18:00:00,0.038461538461538464,-0.07176944444444446,0.9
2025-02-04 00:00:00,weekly2,2025-02-01 00:00:00,2025-02-04 00:00:00,27,2025-01-08,2025-02-03,2025-02-04 00:00:00,0.037037037037037035,0.0,0.9
2025-02-04 06:00:00,weekly2,2025-02-01 00:00:00,2025-02-04 06:00:00,27,2025-01-08,2025-02-03,2025-02-04 06:00:00,0.037037037037037035,-0.023652777777777786,0.9
2025-02-04 12:00:00,weekly2,2025-02-01 00:00:00,2025-02-04 12:00:00,27,2025-01-08,2025-02-03,2025-02-04 12:00:00,0.037037037037037035,-0.048922222222222214,0.9
2025-02-04 18:00:00,weekly2,2025-02-01 00:00:00,2025-02-04 18:00:00,27,2025-01-08,2025-02-03,2025-02-04 18:00:00,0.037037037037037035,-0.06018333333333335,0.9
2025-02-05 00:00:00,weekly2,2025-02-01 00:00:00,2025-02-05 00:00:00,28,2025-01-08,2025-02-04,2025-02-05 00:00:00,0.03571428571428571,0.0,0.9
2025-02-05 06:00:00,weekly2,2025-02-01 00:00:00,2025-02-05 06:00:00,28,2025-01-08,2025-02-04,2025-02-05 06:00:00,0.03571428571428571,-0.007762499999999992,0.9
2025-02-05 12:00:00,weekly2,2025-02-01 00:00:00,2025-02-05 12:00:00,28,2025-01-08,2025-02-04,2025-02-05 12:00:00,0.03571428571428571,-0.05785555555555556,0.9
2025-02-05 18:00:00,weekly2,2025-02-01 00:00:00,2025-02-05 18:00:00,28,2025-01-08,2025-02-04,2025-02-05 18:00:00,0.03571428571428571,-0.06362222222222219,0.9
2025-02-06 00:00:00,weekly2,2025-02-01 00:00:00,2025-02-06 00:00:00,28,2025-01-09,2025-02-05,2025-02-06 00:00:00,0.03571428571428571,0.0,0.9
2025-02-06 06:00:00,weekly2,2025-02-01 00:00:00,2025-02-06 06:00:00,28,2025-01-09,2025-02-05,2025-02-06 06:00:00,0.03571428571428571,-0.022109722222222232,0.9
2025-02-06 12:00:00,weekly2,2025-02-01 00:00:00,2025-02-06 12:00:00,28,2025-01-09,2025-02-05,2025-02-06 12:00:00,0.03571428571428571,-0.07836666666666665,0.9
2025-02-06 18:00:00,weekly2,2025-02-01 00:00:00,2025-02-06 18:00:00,28,2025-01-09,2025-02-05,2025-02-06 18:00:00,0.03571428571428571,-0.06916805555555555,0.9
2025-02-07 00:00:00,weekly2,2025-02-01 00:00:00,2025-02-07 00:00:00,28,2025-01-10,2025-02-06,2025-02-07 00:00:00,0.03571428571428571,0.0,0.9
2025-02-07 06:00:00,weekly2,2025-02-01 00:00:00,2025-02-07 06:00:00,28,2025-01-10,2025-02-06,2025-02-07 06:00:00,0.03571428571428571,-0.03182361111111111,0.9
2025-02-07 12:00:00,weekly2,2025-02-01 00:00:00,2025-02-07 12:00:00,28,2025-01-10,2025-02-06,2025-02-07 12:00:00,0.03571428571428571,-0.06989583333333331,0.9
2025-02-07 18:00:00,weekly2,2025-02-01 00:00:00,2025-02-07 18:00:00,28,2025-01-10,2025-02-06,2025-02-07 18:00:00,0.03571428571428571,-0.09056666666666663,0.9
2025-02-08 00:00:00,weekly2,2025-02-01 00:00:00,2025-02-08 00:00:00,28,2025-01-11,2025-02-07,2025-02-08 00:00:00,0.03571428571428571,0.0,0.9
2025-02-08 06:00:00,weekly2,2025-02-01 00:00:00,2025-02-08 06:00:00,28,2025-01-11,2025-02-07,2025-02-08 06:00:00,0.03571428571428571,-0.014970833333333338,0.9
2025-02-08 12:00:00,weekly2,2025-02-01 00:00:00,2025-02-08 12:00:00,28,2025-01-11,2025-02-07,2025-02-08 12:00:00,0.03571428571428571,-0.05037777777777776,0.9
2025-02-08 18:00:00,weekly2,2025-02-01 00:00:00,2025-02-08 18:00:00,28,2025-01-11,2025-02-07,2025-02-08 18:00:00,0.03571428571428571,-0.024466666666666668,0.9
2025-02-09 00:00:00,weekly2,2025-02-01 00:00:00,2025-02-09 00:00:00,28,2025-01-12,2025-02-08,2025-02-09 00:00:00,0.03571428571428571,0.0,0.9
2025-02-09 06:00:00,weekly2,2025-02-01 00:00:00,2025-02-09 06:00:00,28,2025-01-12,2025-02-08,2025-02-09 06:00:00,0.03571428571428571,-0.011155555555555561,0.9
2025-02-09 12:00:00,weekly2,2025-02-01 00:00:00,2025-02-09 12:00:00,28,2025-01-12,2025-02-08,2025-02-09 12:00:00,0.03571428571428571,-0.03873611111111112,0.9
2025-02-09 18:00:00,weekly2,2025-02-01 00:00:00,2025-02-09 18:00:00,28,2025-01-12,2025-02-08,2025-02-09 18:00:00,0.03571428571428571,-0.03915138888888891,0.9
2025-02-10 00:00:00,weekly2,2025-02-01 00:00:00,2025-02-10 00:00:00,28,2025-01-13,2025-02-09,2025-02-10 00:00:00,0.03571428571428571,0.0,0.9
2025-02-10 06:00:00,weekly2,2025-02-01 00:00:00,2025-02-10 06:00:00,28,2025-01-13,2025-02-09,2025-02-10 06:00:00,0.03571428571428571,-0.010073611111111115,0.9
2025-02-10 12:00:00,weekly2,2025-02-01 00:00:00,2025-02-10 12:00:00,28,2025-01-13,2025-02-09,2025-02-10 12:00:00,0.03571428571428571,-0.08072222222222224,0.9
2025-02-10 18:00:00,weekly2,2025-02-01 00:00:00,2025-02-10 18:00:00,28,2025-01-13,2025-02-09,2025-02-10 18:00:00,0.03571428571428571,-0.07109583333333332,0.9
2025-02-11 00:00:00,weekly2,2025-02-01 00:00:00,2025-02-11 00:00:00,28,2025-01-14,2025-02-10,2025-02-11 00:00:00,0.03571428571428571,0.0,0.9
2025-02-11 06:00:00,weekly2,2025-02-01 00:00:00,2025-02-11 06:00:00,28,2025-01-14,2025-02-10,2025-02-11 06:00:00,0.03571428571428571,-0.006444444444444441,0.9
2025-02-11 12:00:00,weekly2,2025-02-01 00:00:00,2025-02-11 12:00:00,28,2025-01-14,2025-02-10,2025-02-11 12:00:00,0.03571428571428571,-0.06068055555555555,0.9
2025-02-11 18:00:00,weekly2,2025-02-01 00:00:00,2025-02-11 18:00:00,28,2025-01-14,2025-02-10,2025-02-11 18:00:00,0.03571428571428571,-0.07879166666666665,0.9
2025-02-12 00:00:00,weekly2,2025-02-01 00:00:00,2025-02-12 00:00:00,28,2025-01-15,2025-02-11,2025-02-12 00:00:00,0.03571428571428571,0.0,0.9
2025-02-12 06:00:00,weekly2,2025-02-01 00:00:00,2025-02-12 06:00:00,28,2025-01-15,2025-02-11,2025-02-12 06:00:00,0.03571428571428571,-0.014595833333333332,0.9
2025-02-12 12:00:00,weekly2,2025-02-01 00:00:00,2025-02-12 12:00:00,28,2025-01-15,2025-02-11,2025-02-12 12:00:00,0.03571428571428571,-0.07111944444444442,0.9
2025-02-12 18:00:00,weekly2,2025-02-01 00:00:00,2025-02-12 18:00:00,28,2025-01-15,2025-02-11,2025-02-12 18:00:00,0.03571428571428571,-0.04417083333333331,0.9
2025-02-13 00:00:00,weekly2,2025-02-01 00:00:00,2025-02-13 00:00:00,28,2025-01-16,2025-02-12,2025-02-13 00:00:00,0.03571428571428571,0.0,0.9
2025-02-13 06:00:00,weekly2,2025-02-01 00:00:00,2025-02-13 06:00:00,28,2025-01-16,2025-02-12,2025-02-13 06:00:00,0.03571428571428571,-0.015909722222222224,0.9
2025-02-13 12:00:00,weekly2,2025-02-01 00:00:00,2025-02-13 12:00:00,28,2025-01-16,2025-02-12,2025-02-13 12:00:00,0.03571428571428571,-0.0991166666666667,0.9
2025-02-13 18:00:00,weekly2,2025-02-01 00:00:00,2025-02-13 18:00:00,28,2025-01-16,2025-02-12,2025-02-13 18:00:00,0.03571428571428571,-0.08410138888888889,0.9
2025-02-14 00:00:00,weekly2,2025-02-01 00:00:00,2025-02-14 00:00:00,28,2025-01-17,2025-02-13,2025-02-14 00:00:00,0.03571428571428571,0.0,0.9
2025-02-14 06:00:00,weekly2,2025-02-01 00:00:00,2025-02-14 06:00:00,28,2025-01-17,2025-02-13,2025-02-14 06:00:00,0.03571428571428571,-0.006113888888888893,0.9
2025-02-14 12:00:00,weekly2,2025-02-01 00:00:00,2025-02-14 12:00:00,28,2025-01-17,2025-02-13,2025-02-14 12:00:00,0.03571428571428571,-0.066275,0.9
2025-02-14 18:00:00,weekly2,2025-02-01 00:00:00,2025-02-14 18:00:00,28,2025-01-17,2025-02-13,2025-02-14 18:00:00,0.03571428571428571,-0.06939305555555558,0.9
2025-02-15 00:00:00,weekly2,2025-02-01 00:00:00,2025-02-15 00:00:00,28,2025-01-18,2025-02-14,2025-02-15 00:00:00,0.03571428571428571,0.0,0.9
2025-02-15 06:00:00,weekly2,2025-02-01 00:00:00,2025-02-15 06:00:00,28,2025-01-18,2025-02-14,2025-02-15 06:00:00,0.03571428571428571,0.009419444444444444,0.9
2025-02-15 12:00:00,weekly2,2025-02-01 00:00:00,2025-02-15 12:00:00,28,2025-01-18,2025-02-14,2025-02-15 12:00:00,0.03571428571428571,-0.017725,0.9
2025-02-15 18:00:00,weekly2,2025-02-01 00:00:00,2025-02-15 18:00:00,28,2025-01-18,2025-02-14,2025-02-15 18:00:00,0.03571428571428571,-0.027363888888888903,0.9
2025-02-16 00:00:00,weekly2,2025-02-01 00:00:00,2025-02-16 00:00:00,28,2025-01-19,2025-02-15,2025-02-16 00:00:00,0.03571428571428571,0.0,0.9
2025-02-16 06:00:00,weekly2,2025-02-01 00:00:00,2025-02-16 06:00:00,28,2025-01-19,2025-02-15,2025-02-16 06:00:00,0.03571428571428571,-0.0036819444444444478,0.9
2025-02-16 12:00:00,weekly2,2025-02-01 00:00:00,2025-02-16 12:00:00,28,2025-01-19,2025-02-15,2025-02-16 12:00:00,0.03571428571428571,-0.013029166666666666,0.9
2025-02-16 18:00:00,weekly2,2025-02-01 00:00:00,2025-02-16 18:00:00,28,2025-01-19,2025-02-15,2025-02-16 18:00:00,0.03571428571428571,-0.02402361111111111,0.9
2025-02-17 00:00:00,weekly2,2025-02-01 00:00:00,2025-02-17 00:00:00,28,2025-01-20,2025-02-16,2025-02-17 00:00:00,0.03571428571428571,0.0,0.9
2025-02-17 06:00:00,weekly2,2025-02-01 00:00:00,2025-02-17 06:00:00,28,2025-01-20,2025-02-16,2025-02-17 06:00:00,0.03571428571428571,0.00896944444444445,0.9
2025-02-17 12:00:00,weekly2,2025-02-01 00:00:00,2025-02-17 12:00:00,28,2025-01-20,2025-02-16,2025-02-17 12:00:00,0.03571428571428571,-0.03504027777777777,0.9
2025-02-17 18:00:00,weekly2,2025-02-01 00:00:00,2025-02-17 18:00:00,28,2025-01-20,2025-02-16,2025-02-17 18:00:00,0.03571428571428571,-0.03336666666666668,0.9
2025-02-18 00:00:00,weekly2,2025-02-01 00:00:00,2025-02-18 00:00:00,28,2025-01-21,2025-02-17,2025-02-18 00:00:00,0.03571428571428571,0.0,0.9
2025-02-18 06:00:00,weekly2,2025-02-01 00:00:00,2025-02-18 06:00:00,28,2025-01-21,2025-02-17,2025-02-18 06:00:00,0.03571428571428571,-0.014493055555555544,0.9
2025-02-18 12:00:00,weekly2,2025-02-01 00:00:00,2025-02-18 12:00:00,28,2025-01-21,2025-02-17,2025-02-18 12:00:00,0.03571428571428571,-0.048637499999999986,0.9
2025-02-18 18:00:00,weekly2,2025-02-01 00:00:00,2025-02-18 18:00:00,28,2025-01-21,2025-02-17,2025-02-18 18:00:00,0.03571428571428571,-0.030877777777777775,0.9
2025-02-19 00:00:00,weekly2,2025-02-01 00:00:00,2025-02-19 00:00:00,28,2025-01-22,2025-02-18,2025-02-19 00:00:00,0.03571428571428571,0.0,0.9
2025-02-19 06:00:00,weekly2,2025-02-01 00:00:00,2025-02-19 06:00:00,28,2025-01-22,2025-02-18,2025-02-19 06:00:00,0.03571428571428571,-0.006144444444444448,0.9
2025-02-19 12:00:00,weekly2,2025-02-01 00:00:00,2025-02-19 12:00:00,28,2025-01-22,2025-02-18,2025-02-19 12:00:00,0.03571428571428571,-0.04059583333333334,0.9
2025-02-19 18:00:00,weekly2,2025-02-01 00:00:00,2025-02-19 18:00:00,28,2025-01-22,2025-02-18,2025-02-19 18:00:00,0.03571428571428571,-0.04155833333333334,0.9
2025-02-20 00:00:00,weekly2,2025-02-01 00:00:00,2025-02-20 00:00:00,28,2025-01-23,2025-02-19,2025-02-20 00:00:00,0.03571428571428571,0.0,0.9
2025-02-20 06:00:00,weekly2,2025-02-01 00:00:00,2025-02-20 06:00:00,28,2025-01-23,2025-02-19,2025-02-20 06:00:00,0.03571428571428571,0.0035847222222222283,0.9
2025-02-20 12:00:00,weekly2,2025-02-01 00:00:00,2025-02-20 12:00:00,28,2025-01-23,2025-02-19,2025-02-20 12:00:00,0.03571428571428571,-0.014556944444444438,0.9
2025-02-20 18:00:00,weekly2,2025-02-01 00:00:00,2025-02-20 18:00:00,28,2025-01-23,2025-02-19,2025-02-20 18:00:00,0.03571428571428571,-0.03595555555555554,0.9
2025-02-21 00:00:00,weekly2,2025-02-01 00:00:00,2025-02-21 00:00:00,28,2025-01-24,2025-02-20,2025-02-21 00:00:00,0.03571428571428571,0.0,0.9
2025-02-21 06:00:00,weekly2,2025-02-01 00:00:00,2025-02-21 06:00:00,28,2025-01-24,2025-02-20,2025-02-21 06:00:00,0.03571428571428571,0.004436111111111121,0.9
2025-02-21 12:00:00,weekly2,2025-02-01 00:00:00,2025-02-21 12:00:00,28,2025-01-24,2025-02-20,2025-02-21 12:00:00,0.03571428571428571,-0.03778472222222223,0.9
2025-02-21 18:00:00,weekly2,2025-02-01 00:00:00,2025-02-21 18:00:00,28,2025-01-24,2025-02-20,2025-02-21 18:00:00,0.03571428571428571,-0.03068611111111113,0.9
2025-02-22 00:00:00,weekly2,2025-02-01 00:00:00,2025-02-22 00:00:00,28,2025-01-25,2025-02-21,2025-02-22 00:00:00,0.03571428571428571,0.0,0.9
2025-02-22 06:00:00,weekly2,2025-02-01 00:00:00,2025-02-22 06:00:00,28,2025-01-25,2025-02-21,2025-02-22 06:00:00,0.03571428571428571,0.0002736111111111149,0.9
2025-02-22 12:00:00,weekly2,2025-02-01 00:00:00,2025-02-22 12:00:00,28,2025-01-25,2025-02-21,2025-02-22 12:00:00,0.03571428571428571,-0.018400000000000014,0.9
2025-02-22 18:00:00,weekly2,2025-02-01 00:00:00,2025-02-22 18:00:00,28,2025-01-25,2025-02-21,2025-02-22 18:00:00,0.03571428571428571,-0.013738888888888875,0.9
2025-02-23 00:00:00,weekly2,2025-02-01 00:00:00,2025-02-23 00:00:00,28,2025-01-26,2025-02-22,2025-02-23 00:00:00,0.03571428571428571,0.0,0.9
2025-02-23 06:00:00,weekly2,2025-02-01 00:00:00,2025-02-23 06:00:00,28,2025-01-26,2025-02-22,2025-02-23 06:00:00,0.03571428571428571,-0.005106944444444431,0.9
2025-02-23 12:00:00,weekly2,2025-02-01 00:00:00,2025-02-23 12:00:00,28,2025-01-26,2025-02-22,2025-02-23 12:00:00,0.03571428571428571,-0.04005416666666666,0.9
2025-02-23 18:00:00,weekly2,2025-02-01 00:00:00,2025-02-23 18:00:00,28,2025-01-26,2025-02-22,2025-02-23 18:00:00,0.03571428571428571,-0.03770277777777776,0.9
2025-02-24 00:00:00,weekly2,2025-02-01 00:00:00,2025-02-24 00:00:00,28,2025-01-27,2025-02-23,2025-02-24 00:00:00,0.03571428571428571,0.0,0.9
2025-02-24 06:00:00,weekly2,2025-02-01 00:00:00,2025-02-24 06:00:00,28,2025-01-27,2025-02-23,2025-02-24 06:00:00,0.03571428571428571,-0.007468055555555558,0.9
2025-02-24 12:00:00,weekly2,2025-02-01 00:00:00,2025-02-24 12:00:00,28,2025-01-27,2025-02-23,2025-02-24 12:00:00,0.03571428571428571,-0.01682361111111112,0.9
2025-02-24 18:00:00,weekly2,2025-02-01 00:00:00,2025-02-24 18:00:00,28,2025-01-27,2025-02-23,2025-02-24 18:00:00,0.03571428571428571,-0.016794444444444417,0.9
2025-02-25 00:00:00,weekly2,2025-02-01 00:00:00,2025-02-25 00:00:00,28,2025-01-28,2025-02-24,2025-02-25 00:00:00,0.03571428571428571,0.0,0.9
2025-02-25 06:00:00,weekly2,2025-02-01 00:00:00,2025-02-25 06:00:00,28,2025-01-28,2025-02-24,2025-02-25 06:00:00,0.03571428571428571,0.0012861111111111098,0.9
2025-02-25 12:00:00,weekly2,2025-02-01 00:00:00,2025-02-25 12:00:00,28,2025-01-28,2025-02-24,2025-02-25 12:00:00,0.03571428571428571,-0.07569722222222225,0.9
2025-02-25 18:00:00,weekly2,2025-02-01 00:00:00,2025-02-25 18:00:00,28,2025-01-28,2025-02-24,2025-02-25 18:00:00,0.03571428571428571,-0.04016666666666667,0.9
2025-02-26 00:00:00,weekly2,2025-02-01 00:00:00,2025-02-26 00:00:00,28,2025-01-29,2025-02-25,2025-02-26 00:00:00,0.03571428571428571,0.0,0.9
2025-02-26 06:00:00,weekly2,2025-02-01 00:00:00,2025-02-26 06:00:00,28,2025-01-29,2025-02-25,2025-02-26 06:00:00,0.03571428571428571,0.00011666666666667232,0.9
2025-02-26 12:00:00,weekly2,2025-02-01 00:00:00,2025-02-26 12:00:00,28,2025-01-29,2025-02-25,2025-02-26 12:00:00,0.03571428571428571,-0.05158333333333333,0.9
2025-02-26 18:00:00,weekly2,2025-02-01 00:00:00,2025-02-26 18:00:00,28,2025-01-29,2025-02-25,2025-02-26 18:00:00,0.03571428571428571,-0.01085972222222222,0.9
2025-02-27 00:00:00,weekly2,2025-02-01 00:00:00,2025-02-27 00:00:00,28,2025-01-30,2025-02-26,2025-02-27 00:00:00,0.03571428571428571,0.0,0.9
2025-02-27 06:00:00,weekly2,2025-02-01 00:00:00,2025-02-27 06:00:00,28,2025-01-30,2025-02-26,2025-02-27 06:00:00,0.03571428571428571,-0.0030152777777777773,0.9
2025-02-27 12:00:00,weekly2,2025-02-01 00:00:00,2025-02-27 12:00:00,28,2025-01-30,2025-02-26,2025-02-27 12:00:00,0.03571428571428571,-0.039583333333333345,0.9
2025-02-27 18:00:00,weekly2,2025-02-01 00:00:00,2025-02-27 18:00:00,28,2025-01-30,2025-02-26,2025-02-27 18:00:00,0.03571428571428571,-0.018870833333333354,0.9
2025-02-28 00:00:00,weekly2,2025-02-01 00:00:00,2025-02-28 00:00:00,28,2025-01-31,2025-02-27,2025-02-28 00:00:00,0.03571428571428571,0.0,0.9
2025-02-28 06:00:00,weekly2,2025-02-01 00:00:00,2025-02-28 06:00:00,28,2025-01-31,2025-02-27,2025-02-28 06:00:00,0.03571428571428571,-0.015533333333333328,0.9
2025-02-28 12:00:00,weekly2,2025-02-01 00:00:00,2025-02-28 12:00:00,28,2025-01-31,2025-02-27,2025-02-28 12:00:00,0.03571428571428571,-0.0300375,0.9
2025-02-28 18:00:00,weekly2,2025-02-01 00:00:00,2025-02-28 18:00:00,28,2025-01-31,2025-02-27,2025-02-28 18:00:00,0.03571428571428571,0.0018249999999999978,0.9
2025-03-01 00:00:00,weekly2,2025-02-01 00:00:00,2025-03-01 00:00:00,28,2025-02-01,2025-02-28,2025-03-01 00:00:00,0.03571428571428571,0.0,0.9
2025-03-01 06:00:00,weekly2,2025-02-01 00:00:00,2025-03-01 06:00:00,28,2025-02-01,2025-02-28,2025-03-01 06:00:00,0.03571428571428571,-0.02524583333333333,0.9
2025-03-01 12:00:00,weekly2,2025-02-01 00:00:00,2025-03-01 12:00:00,28,2025-02-01,2025-02-28,2025-03-01 12:00:00,0.03571428571428571,-0.025829166666666667,0.9
2025-03-01 18:00:00,weekly2,2025-02-01 00:00:00,2025-03-01 18:00:00,28,2025-02-01,2025-02-28,2025-03-01 18:00:00,0.03571428571428571,-0.04252638888888889,0.9
2025-03-02 00:00:00,weekly2,2025-02-01 00:00:00,2025-03-02 00:00:00,28,2025-02-02,2025-03-01,2025-03-02 00:00:00,0.03571428571428571,0.0,0.9
2025-03-02 06:00:00,weekly2,2025-02-01 00:00:00,2025-03-02 06:00:00,28,2025-02-02,2025-03-01,2025-03-02 06:00:00,0.03571428571428571,-0.011693055555555559,0.9
2025-03-02 12:00:00,weekly2,2025-02-01 00:00:00,2025-03-02 12:00:00,28,2025-02-02,2025-03-01,2025-03-02 12:00:00,0.03571428571428571,-0.05538055555555557,0.9
2025-03-02 18:00:00,weekly2,2025-02-01 00:00:00,2025-03-02 18:00:00,28,2025-02-02,2025-03-01,2025-03-02 18:00:00,0.03571428571428571,0.03427361111111112,0.9
2025-03-03 00:00:00,weekly2,2025-02-01 00:00:00,2025-03-03 00:00:00,28,2025-02-03,2025-03-02,2025-03-03 00:00:00,0.03571428571428571,0.0,0.9
2025-03-03 06:00:00,weekly2,2025-02-01 00:00:00,2025-03-03 06:00:00,28,2025-02-03,2025-03-02,2025-03-03 06:00:00,0.03571428571428571,-0.0204625,0.9
2025-03-03 12:00:00,weekly2,2025-02-01 00:00:00,2025-03-03 12:00:00,28,2025-02-03,2025-03-02,2025-03-03 12:00:00,0.03571428571428571,0.008177777777777777,0.9
2025-03-03 18:00:00,weekly2,2025-02-01 00:00:00,2025-03-03 18:00:00,28,2025-02-03,2025-03-02,2025-03-03 18:00:00,0.03571428571428571,0.01886250000000001,0.9
2025-03-04 00:00:00,weekly2,2025-02-01 00:00:00,2025-03-04 00:00:00,28,2025-02-04,2025-03-03,2025-03-04 00:00:00,0.03571428571428571,0.0,0.9
2025-03-04 06:00:00,weekly2,2025-02-01 00:00:00,2025-03-04 06:00:00,28,2025-02-04,2025-03-03,2025-03-04 06:00:00,0.03571428571428571,-0.003204166666666673,0.9
2025-03-04 12:00:00,weekly2,2025-02-01 00:00:00,2025-03-04 12:00:00,28,2025-02-04,2025-03-03,2025-03-04 12:00:00,0.03571428571428571,0.0008027777777777788,0.9
2025-03-04 18:00:00,weekly2,2025-02-01 00:00:00,2025-03-04 18:00:00,28,2025-02-04,2025-03-03,2025-03-04 18:00:00,0.03571428571428571,-0.00594027777777778,0.9
2025-03-05 00:00:00,weekly2,2025-02-01 00:00:00,2025-03-05 00:00:00,28,2025-02-05,2025-03-04,2025-03-05 00:00:00,0.03571428571428571,0.0,0.9
2025-03-05 06:00:00,weekly2,2025-02-01 00:00:00,2025-03-05 06:00:00,28,2025-02-05,2025-03-04,2025-03-05 06:00:00,0.03571428571428571,-0.024275000000000005,0.9
2025-03-05 12:00:00,weekly2,2025-02-01 00:00:00,2025-03-05 12:00:00,28,2025-02-05,2025-03-04,2025-03-05 12:00:00,0.03571428571428571,-0.03620138888888891,0.9
2025-03-05 18:00:00,weekly2,2025-02-01 00:00:00,2025-03-05 18:00:00,28,2025-02-05,2025-03-04,2025-03-05 18:00:00,0.03571428571428571,-0.01083055555555557,0.9
2025-03-06 00:00:00,weekly2,2025-02-01 00:00:00,2025-03-06 00:00:00,28,2025-02-06,2025-03-05,2025-03-06 00:00:00,0.03571428571428571,0.0,0.9
2025-03-06 06:00:00,weekly2,2025-02-01 00:00:00,2025-03-06 06:00:00,28,2025-02-06,2025-03-05,2025-03-06 06:00:00,0.03571428571428571,-0.019627777777777786,0.9
2025-03-06 12:00:00,weekly2,2025-02-01 00:00:00,2025-03-06 12:00:00,28,2025-02-06,2025-03-05,2025-03-06 12:00:00,0.03571428571428571,-0.05840833333333335,0.9
2025-03-06 18:00:00,weekly2,2025-02-01 00:00:00,2025-03-06 18:00:00,28,2025-02-06,2025-03-05,2025-03-06 18:00:00,0.03571428571428571,0.008547222222222208,0.9
2025-03-07 00:00:00,weekly2,2025-02-01 00:00:00,2025-03-07 00:00:00,28,2025-02-07,2025-03-06,2025-03-07 00:00:00,0.03571428571428571,0.0,0.9
2025-03-07 06:00:00,weekly2,2025-02-01 00:00:00,2025-03-07 06:00:00,28,2025-02-07,2025-03-06,2025-03-07 06:00:00,0.03571428571428571,-0.013359722222222228,0.9
2025-03-07 12:00:00,weekly2,2025-02-01 00:00:00,2025-03-07 12:00:00,28,2025-02-07,2025-03-06,2025-03-07 12:00:00,0.03571428571428571,-0.04523472222222222,0.9
2025-03-07 18:00:00,weekly2,2025-02-01 00:00:00,2025-03-07 18:00:00,28,2025-02-07,2025-03-06,2025-03-07 18:00:00,0.03571428571428571,0.01296527777777778,0.9
2025-03-08 00:00:00,weekly2,2025-02-01 00:00:00,2025-03-08 00:00:00,28,2025-02-08,2025-03-07,2025-03-08 00:00:00,0.03571428571428571,0.0,0.9
2025-03-08 06:00:00,weekly2,2025-02-01 00:00:00,2025-03-08 06:00:00,28,2025-02-08,2025-03-07,2025-03-08 06:00:00,0.03571428571428571,-0.0072069444444444524,0.9
2025-03-08 12:00:00,weekly2,2025-02-01 00:00:00,2025-03-08 12:00:00,28,2025-02-08,2025-03-07,2025-03-08 12:00:00,0.03571428571428571,-0.058233333333333345,0.9
2025-03-08 18:00:00,weekly2,2025-02-01 00:00:00,2025-03-08 18:00:00,28,2025-02-08,2025-03-07,2025-03-08 18:00:00,0.03571428571428571,-0.03158611111111111,0.9
2025-03-09 00:00:00,weekly2,2025-02-01 00:00:00,2025-03-09 00:00:00,28,2025-02-09,2025-03-08,2025-03-09 00:00:00,0.03571428571428571,0.0,0.9
2025-03-09 06:00:00,weekly2,2025-02-01 00:00:00,2025-03-09 06:00:00,28,2025-02-09,2025-03-08,2025-03-09 06:00:00,0.03571428571428571,-0.004238888888888895,0.9
2025-03-09 12:00:00,weekly2,2025-02-01 00:00:00,2025-03-09 12:00:00,28,2025-02-09,2025-03-08,2025-03-09 12:00:00,0.03571428571428571,-0.046241666666666674,0.9
2025-03-09 18:00:00,weekly2,2025-02-01 00:00:00,2025-03-09 18:00:00,28,2025-02-09,2025-03-08,2025-03-09 18:00:00,0.03571428571428571,-0.07018750000000001,0.9
2025-03-10 00:00:00,weekly2,2025-02-01 00:00:00,2025-03-10 00:00:00,28,2025-02-10,2025-03-09,2025-03-10 00:00:00,0.03571428571428571,0.0,0.9
2025-03-10 06:00:00,weekly2,2025-02-01 00:00:00,2025-03-10 06:00:00,28,2025-02-10,2025-03-09,2025-03-10 06:00:00,0.03571428571428571,0.001401388888888881,0.9
2025-03-10 12:00:00,weekly2,2025-02-01 00:00:00,2025-03-10 12:00:00,28,2025-02-10,2025-03-09,2025-03-10 12:00:00,0.03571428571428571,-0.02623750000000001,0.9
2025-03-10 18:00:00,weekly2,2025-02-01 00:00:00,2025-03-10 18:00:00,28,2025-02-10,2025-03-09,2025-03-10 18:00:00,0.03571428571428571,-0.014030555555555565,0.9
2025-03-11 00:00:00,weekly2,2025-02-01 00:00:00,2025-03-11 00:00:00,28,2025-02-11,2025-03-10,2025-03-11 00:00:00,0.03571428571428571,0.0,0.9
2025-03-11 06:00:00,weekly2,2025-02-01 00:00:00,2025-03-11 06:00:00,28,2025-02-11,2025-03-10,2025-03-11 06:00:00,0.03571428571428571,-0.008324999999999999,0.9
2025-03-11 12:00:00,weekly2,2025-02-01 00:00:00,2025-03-11 12:00:00,28,2025-02-11,2025-03-10,2025-03-11 12:00:00,0.03571428571428571,-0.01417361111111111,0.9
2025-03-11 18:00:00,weekly2,2025-02-01 00:00:00,2025-03-11 18:00:00,28,2025-02-11,2025-03-10,2025-03-11 18:00:00,0.03571428571428571,-0.004222222222222198,0.9
2025-03-12 00:00:00,weekly2,2025-02-01 00:00:00,2025-03-12 00:00:00,28,2025-02-12,2025-03-11,2025-03-12 00:00:00,0.03571428571428571,0.0,0.9
2025-03-12 06:00:00,weekly2,2025-02-01 00:00:00,2025-03-12 06:00:00,28,2025-02-12,2025-03-11,2025-03-12 06:00:00,0.03571428571428571,-0.008518055555555563,0.9
2025-03-12 12:00:00,weekly2,2025-02-01 00:00:00,2025-03-12 12:00:00,28,2025-02-12,2025-03-11,2025-03-12 12:00:00,0.03571428571428571,-0.04410972222222221,0.9
2025-03-12 18:00:00,weekly2,2025-02-01 00:00:00,2025-03-12 18:00:00,28,2025-02-12,2025-03-11,2025-03-12 18:00:00,0.03571428571428571,-0.03166944444444446,0.9
2025-03-13 00:00:00,weekly2,2025-02-01 00:00:00,2025-03-13 00:00:00,28,2025-02-13,2025-03-12,2025-03-13 00:00:00,0.03571428571428571,0.0,0.9
2025-03-13 06:00:00,weekly2,2025-02-01 00:00:00,2025-03-13 06:00:00,28,2025-02-13,2025-03-12,2025-03-13 06:00:00,0.03571428571428571,-0.007049999999999997,0.9
2025-03-13 12:00:00,weekly2,2025-02-01 00:00:00,2025-03-13 12:00:00,28,2025-02-13,2025-03-12,2025-03-13 12:00:00,0.03571428571428571,0.016400000000000015,0.9
2025-03-13 18:00:00,weekly2,2025-02-01 00:00:00,2025-03-13 18:00:00,28,2025-02-13,2025-03-12,2025-03-13 18:00:00,0.03571428571428571,0.0028069444444444314,0.9
2025-03-14 00:00:00,weekly2,2025-02-01 00:00:00,2025-03-14 00:00:00,28,2025-02-14,2025-03-13,2025-03-14 00:00:00,0.03571428571428571,0.0,0.9
2025-03-14 06:00:00,weekly2,2025-02-01 00:00:00,2025-03-14 06:00:00,28,2025-02-14,2025-03-13,2025-03-14 06:00:00,0.03571428571428571,-0.00794027777777778,0.9
2025-03-14 12:00:00,weekly2,2025-02-01 00:00:00,2025-03-14 12:00:00,28,2025-02-14,2025-03-13,2025-03-14 12:00:00,0.03571428571428571,-0.057577777777777756,0.9
2025-03-14 18:00:00,weekly2,2025-02-01 00:00:00,2025-03-14 18:00:00,28,2025-02-14,2025-03-13,2025-03-14 18:00:00,0.03571428571428571,-0.01643333333333332,0.9
2025-03-15 00:00:00,weekly2,2025-02-01 00:00:00,2025-03-15 00:00:00,28,2025-02-15,2025-03-14,2025-03-15 00:00:00,0.03571428571428571,0.0,0.9
2025-03-15 06:00:00,weekly2,2025-02-01 00:00:00,2025-03-15 06:00:00,28,2025-02-15,2025-03-14,2025-03-15 06:00:00,0.03571428571428571,0.007534722222222216,0.9
2025-03-15 12:00:00,weekly2,2025-02-01 00:00:00,2025-03-15 12:00:00,28,2025-02-15,2025-03-14,2025-03-15 12:00:00,0.03571428571428571,-0.00711805555555556,0.9
2025-03-15 18:00:00,weekly2,2025-02-01 00:00:00,2025-03-15 18:00:00,28,2025-02-15,2025-03-14,2025-03-15 18:00:00,0.03571428571428571,0.002166666666666659,0.9
2025-03-16 00:00:00,weekly2,2025-02-01 00:00:00,2025-03-16 00:00:00,28,2025-02-16,2025-03-15,2025-03-16 00:00:00,0.03571428571428571,0.0,0.9
2025-03-16 06:00:00,weekly2,2025-02-01 00:00:00,2025-03-16 06:00:00,28,2025-02-16,2025-03-15,2025-03-16 06:00:00,0.03571428571428571,-0.004831944444444448,0.9
2025-03-16 12:00:00,weekly2,2025-02-01 00:00:00,2025-03-16 12:00:00,28,2025-02-16,2025-03-15,2025-03-16 12:00:00,0.03571428571428571,-0.036625,0.9
2025-03-16 18:00:00,weekly2,2025-02-01 00:00:00,2025-03-16 18:00:00,28,2025-02-16,2025-03-15,2025-03-16 18:00:00,0.03571428571428571,-0.02058472222222224,0.9
2025-03-17 00:00:00,weekly2,2025-02-01 00:00:00,2025-03-17 00:00:00,28,2025-02-17,2025-03-16,2025-03-17 00:00:00,0.03571428571428571,0.0,0.9
2025-03-17 06:00:00,weekly2,2025-02-01 00:00:00,2025-03-17 06:00:00,28,2025-02-17,2025-03-16,2025-03-17 06:00:00,0.03571428571428571,-0.011620833333333337,0.9
2025-03-17 12:00:00,weekly2,2025-02-01 00:00:00,2025-03-17 12:00:00,28,2025-02-17,2025-03-16,2025-03-17 12:00:00,0.03571428571428571,-0.09648749999999996,0.9
2025-03-17 18:00:00,weekly2,2025-02-01 00:00:00,2025-03-17 18:00:00,28,2025-02-17,2025-03-16,2025-03-17 18:00:00,0.03571428571428571,-0.07072222222222223,0.9
2025-03-18 00:00:00,weekly2,2025-02-01 00:00:00,2025-03-18 00:00:00,28,2025-02-18,2025-03-17,2025-03-18 00:00:00,0.03571428571428571,0.0,0.9
2025-03-18 06:00:00,weekly2,2025-02-01 00:00:00,2025-03-18 06:00:00,28,2025-02-18,2025-03-17,2025-03-18 06:00:00,0.03571428571428571,-0.011347222222222222,0.9
2025-03-18 12:00:00,weekly2,2025-02-01 00:00:00,2025-03-18 12:00:00,28,2025-02-18,2025-03-17,2025-03-18 12:00:00,0.03571428571428571,-0.030306944444444445,0.9
2025-03-18 18:00:00,weekly2,2025-02-01 00:00:00,2025-03-18 18:00:00,28,2025-02-18,2025-03-17,2025-03-18 18:00:00,0.03571428571428571,-0.04160972222222225,0.9
2025-03-19 00:00:00,weekly2,2025-02-01 00:00:00,2025-03-19 00:00:00,28,2025-02-19,2025-03-18,2025-03-19 00:00:00,0.03571428571428571,0.0,0.9
2025-03-19 06:00:00,weekly2,2025-02-01 00:00:00,2025-03-19 06:00:00,28,2025-02-19,2025-03-18,2025-03-19 06:00:00,0.03571428571428571,0.007572222222222212,0.9
2025-03-19 12:00:00,weekly2,2025-02-01 00:00:00,2025-03-19 12:00:00,28,2025-02-19,2025-03-18,2025-03-19 12:00:00,0.03571428571428571,-0.011113888888888875,0.9
2025-03-19 18:00:00,weekly2,2025-02-01 00:00:00,2025-03-19 18:00:00,28,2025-02-19,2025-03-18,2025-03-19 18:00:00,0.03571428571428571,-0.04868333333333333,0.9
2025-03-20 00:00:00,weekly2,2025-02-01 00:00:00,2025-03-20 00:00:00,28,2025-02-20,2025-03-19,2025-03-20 00:00:00,0.03571428571428571,0.0,0.9
2025-03-20 06:00:00,weekly2,2025-02-01 00:00:00,2025-03-20 06:00:00,28,2025-02-20,2025-03-19,2025-03-20 06:00:00,0.03571428571428571,0.002497222222222226,0.9
2025-03-20 12:00:00,weekly2,2025-02-01 00:00:00,2025-03-20 12:00:00,28,2025-02-20,2025-03-19,2025-03-20 12:00:00,0.03571428571428571,-0.03123194444444443,0.9
2025-03-20 18:00:00,weekly2,2025-02-01 00:00:00,2025-03-20 18:00:00,28,2025-02-20,2025-03-19,2025-03-20 18:00:00,0.03571428571428571,-0.03238194444444444,0.9
2025-03-21 00:00:00,weekly2,2025-02-01 00:00:00,2025-03-21 00:00:00,28,2025-02-21,2025-03-20,2025-03-21 00:00:00,0.03571428571428571,0.0,0.9
2025-03-21 06:00:00,weekly2,2025-02-01 00:00:00,2025-03-21 06:00:00,28,2025-02-21,2025-03-20,2025-03-21 06:00:00,0.03571428571428571,-0.0017444444444444434,0.9
2025-03-21 12:00:00,weekly2,2025-02-01 00:00:00,2025-03-21 12:00:00,28,2025-02-21,2025-03-20,2025-03-21 12:00:00,0.03571428571428571,-0.04412083333333335,0.9
2025-03-21 18:00:00,weekly2,2025-02-01 00:00:00,2025-03-21 18:00:00,28,2025-02-21,2025-03-20,2025-03-21 18:00:00,0.03571428571428571,-0.06579444444444443,0.9
2025-03-22 00:00:00,weekly2,2025-02-01 00:00:00,2025-03-22 00:00:00,28,2025-02-22,2025-03-21,2025-03-22 00:00:00,0.03571428571428571,0.0,0.9
2025-03-22 06:00:00,weekly2,2025-02-01 00:00:00,2025-03-22 06:00:00,28,2025-02-22,2025-03-21,2025-03-22 06:00:00,0.03571428571428571,-0.011927777777777778,0.9
2025-03-22 12:00:00,weekly2,2025-02-01 00:00:00,2025-03-22 12:00:00,28,2025-02-22,2025-03-21,2025-03-22 12:00:00,0.03571428571428571,-0.03331944444444443,0.9
2025-03-22 18:00:00,weekly2,2025-02-01 00:00:00,2025-03-22 18:00:00,28,2025-02-22,2025-03-21,2025-03-22 18:00:00,0.03571428571428571,-0.011700000000000012,0.9
2025-03-23 00:00:00,weekly2,2025-02-01 00:00:00,2025-03-23 00:00:00,28,2025-02-23,2025-03-22,2025-03-23 00:00:00,0.03571428571428571,0.0,0.9
2025-03-23 06:00:00,weekly2,2025-02-01 00:00:00,2025-03-23 06:00:00,28,2025-02-23,2025-03-22,2025-03-23 06:00:00,0.03571428571428571,0.002761111111111114,0.9
2025-03-23 12:00:00,weekly2,2025-02-01 00:00:00,2025-03-23 12:00:00,28,2025-02-23,2025-03-22,2025-03-23 12:00:00,0.03571428571428571,-0.020105555555555543,0.9
2025-03-23 18:00:00,weekly2,2025-02-01 00:00:00,2025-03-23 18:00:00,28,2025-02-23,2025-03-22,2025-03-23 18:00:00,0.03571428571428571,-0.04808333333333334,0.9
2025-03-24 00:00:00,weekly2,2025-02-01 00:00:00,2025-03-24 00:00:00,28,2025-02-24,2025-03-23,2025-03-24 00:00:00,0.03571428571428571,0.0,0.9
2025-03-24 06:00:00,weekly2,2025-02-01 00:00:00,2025-03-24 06:00:00,28,2025-02-24,2025-03-23,2025-03-24 06:00:00,0.03571428571428571,-0.007918055555555546,0.9
2025-03-24 12:00:00,weekly2,2025-02-01 00:00:00,2025-03-24 12:00:00,28,2025-02-24,2025-03-23,2025-03-24 12:00:00,0.03571428571428571,-0.018680555555555565,0.9
2025-03-24 18:00:00,weekly2,2025-02-01 00:00:00,2025-03-24 18:00:00,28,2025-02-24,2025-03-23,2025-03-24 18:00:00,0.03571428571428571,-0.030451388888888875,0.9
2025-03-25 00:00:00,weekly2,2025-02-01 00:00:00,2025-03-25 00:00:00,28,2025-02-25,2025-03-24,2025-03-25 00:00:00,0.03571428571428571,0.0,0.9
2025-03-25 06:00:00,weekly2,2025-02-01 00:00:00,2025-03-25 06:00:00,28,2025-02-25,2025-03-24,2025-03-25 06:00:00,0.03571428571428571,-0.01056805555555556,0.9
2025-03-25 12:00:00,weekly2,2025-02-01 00:00:00,2025-03-25 12:00:00,28,2025-02-25,2025-03-24,2025-03-25 12:00:00,0.03571428571428571,-0.014313888888888867,0.9
2025-03-25 18:00:00,weekly2,2025-02-01 00:00:00,2025-03-25 18:00:00,28,2025-02-25,2025-03-24,2025-03-25 18:00:00,0.03571428571428571,-0.02932777777777778,0.9
2025-03-26 00:00:00,weekly2,2025-02-01 00:00:00,2025-03-26 00:00:00,28,2025-02-26,2025-03-25,2025-03-26 00:00:00,0.03571428571428571,0.0,0.9
2025-03-26 06:00:00,weekly2,2025-02-01 00:00:00,2025-03-26 06:00:00,28,2025-02-26,2025-03-25,2025-03-26 06:00:00,0.03571428571428571,-0.0041708333333333285,0.9
2025-03-26 12:00:00,weekly2,2025-02-01 00:00:00,2025-03-26 12:00:00,28,2025-02-26,2025-03-25,2025-03-26 12:00:00,0.03571428571428571,-0.04470277777777777,0.9
2025-03-26 18:00:00,weekly2,2025-02-01 00:00:00,2025-03-26 18:00:00,28,2025-02-26,2025-03-25,2025-03-26 18:00:00,0.03571428571428571,-0.031204166666666675,0.9
2025-03-27 00:00:00,weekly2,2025-02-01 00:00:00,2025-03-27 00:00:00,28,2025-02-27,2025-03-26,2025-03-27 00:00:00,0.03571428571428571,0.0,0.9
2025-03-27 06:00:00,weekly2,2025-02-01 00:00:00,2025-03-27 06:00:00,28,2025-02-27,2025-03-26,2025-03-27 06:00:00,0.03571428571428571,-0.007163888888888892,0.9
2025-03-27 12:00:00,weekly2,2025-02-01 00:00:00,2025-03-27 12:00:00,28,2025-02-27,2025-03-26,2025-03-27 12:00:00,0.03571428571428571,-0.03472222222222223,0.9
2025-03-27 18:00:00,weekly2,2025-02-01 00:00:00,2025-03-27 18:00:00,28,2025-02-27,2025-03-26,2025-03-27 18:00:00,0.03571428571428571,-0.049811111111111084,0.9
2025-03-28 00:00:00,weekly2,2025-02-01 00:00:00,2025-03-28 00:00:00,28,2025-02-28,2025-03-27,2025-03-28 00:00:00,0.03571428571428571,0.0,0.9
2025-03-28 06:00:00,weekly2,2025-02-01 00:00:00,2025-03-28 06:00:00,28,2025-02-28,2025-03-27,2025-03-28 06:00:00,0.03571428571428571,0.0070569444444444525,0.9
2025-03-28 12:00:00,weekly2,2025-02-01 00:00:00,2025-03-28 12:00:00,28,2025-02-28,2025-03-27,2025-03-28 12:00:00,0.03571428571428571,0.00666805555555555,0.9
2025-03-28 18:00:00,weekly2,2025-02-01 00:00:00,2025-03-28 18:00:00,28,2025-02-28,2025-03-27,2025-03-28 18:00:00,0.03571428571428571,-0.045512500000000004,0.9
2025-03-29 00:00:00,weekly2,2025-02-01 00:00:00,2025-03-29 00:00:00,28,2025-03-01,2025-03-28,2025-03-29 00:00:00,0.03571428571428571,0.0,0.9
2025-03-29 06:00:00,weekly2,2025-02-01 00:00:00,2025-03-29 06:00:00,28,2025-03-01,2025-03-28,2025-03-29 06:00:00,0.03571428571428571,0.005199999999999993,0.9
2025-03-29 12:00:00,weekly2,2025-02-01 00:00:00,2025-03-29 12:00:00,28,2025-03-01,2025-03-28,2025-03-29 12:00:00,0.03571428571428571,-0.06629305555555556,0.9
2025-03-29 18:00:00,weekly2,2025-02-01 00:00:00,2025-03-29 18:00:00,28,2025-03-01,2025-03-28,2025-03-29 18:00:00,0.03571428571428571,-0.06580138888888888,0.9
2025-03-30 00:00:00,weekly2,2025-02-01 00:00:00,2025-03-30 00:00:00,28,2025-03-02,2025-03-29,2025-03-30 00:00:00,0.03571428571428571,0.0,0.9
2025-03-30 06:00:00,weekly2,2025-02-01 00:00:00,2025-03-30 06:00:00,28,2025-03-02,2025-03-29,2025-03-30 06:00:00,0.03571428571428571,-0.006281944444444451,0.9
2025-03-30 12:00:00,weekly2,2025-02-01 00:00:00,2025-03-30 12:00:00,28,2025-03-02,2025-03-29,2025-03-30 12:00:00,0.03571428571428571,-0.04250833333333332,0.9
2025-03-30 18:00:00,weekly2,2025-02-01 00:00:00,2025-03-30 18:00:00,28,2025-03-02,2025-03-29,2025-03-30 18:00:00,0.03571428571428571,-0.033649999999999985,0.9
2025-03-31 00:00:00,weekly2,2025-02-01 00:00:00,2025-03-31 00:00:00,28,2025-03-03,2025-03-30,2025-03-31 00:00:00,0.03571428571428571,0.0,0.9
2025-03-31 06:00:00,weekly2,2025-02-01 00:00:00,2025-03-31 06:00:00,28,2025-03-03,2025-03-30,2025-03-31 06:00:00,0.03571428571428571,-0.0005263888888888848,0.9
2025-03-31 12:00:00,weekly2,2025-02-01 00:00:00,2025-03-31 12:00:00,28,2025-03-03,2025-03-30,2025-03-31 12:00:00,0.03571428571428571,-0.02851805555555557,0.9
2025-03-31 18:00:00,weekly2,2025-02-01 00:00:00,2025-03-31 18:00:00,28,2025-03-03,2025-03-30,2025-03-31 18:00:00,0.03571428571428571,0.015694444444444424,0.9
2025-04-01 00:00:00,weekly2,2025-02-01 00:00:00,2025-04-01 00:00:00,28,2025-03-04,2025-03-31,2025-04-01 00:00:00,0.03571428571428571,0.0,0.9
2025-04-01 06:00:00,weekly2,2025-02-01 00:00:00,2025-04-01 06:00:00,28,2025-03-04,2025-03-31,2025-04-01 06:00:00,0.03571428571428571,0.015309722222222235,0.9
2025-04-01 12:00:00,weekly2,2025-02-01 00:00:00,2025-04-01 12:00:00,28,2025-03-04,2025-03-31,2025-04-01 12:00:00,0.03571428571428571,-0.033794444444444426,0.9
2025-04-01 18:00:00,weekly2,2025-02-01 00:00:00,2025-04-01 18:00:00,28,2025-03-04,2025-03-31,2025-04-01 18:00:00,0.03571428571428571,0.02603888888888889,0.9
2025-04-02 00:00:00,weekly2,2025-02-01 00:00:00,2025-04-02 00:00:00,28,2025-03-05,2025-04-01,2025-04-02 00:00:00,0.03571428571428571,0.0,0.9
2025-04-02 06:00:00,weekly2,2025-02-01 00:00:00,2025-04-02 06:00:00,28,2025-03-05,2025-04-01,2025-04-02 06:00:00,0.03571428571428571,0.01161666666666667,0.9
2025-04-02 12:00:00,weekly2,2025-02-01 00:00:00,2025-04-02 12:00:00,28,2025-03-05,2025-04-01,2025-04-02 12:00:00,0.03571428571428571,0.040331944444444455,0.9
2025-04-02 18:00:00,weekly2,2025-02-01 00:00:00,2025-04-02 18:00:00,28,2025-03-05,2025-04-01,2025-04-02 18:00:00,0.03571428571428571,-0.01633749999999999,0.9
2025-04-03 00:00:00,weekly2,2025-02-01 00:00:00,2025-04-03 00:00:00,28,2025-03-06,2025-04-02,2025-04-03 00:00:00,0.03571428571428571,0.0,0.9
2025-04-03 06:00:00,weekly2,2025-02-01 00:00:00,2025-04-03 06:00:00,28,2025-03-06,2025-04-02,2025-04-03 06:00:00,0.03571428571428571,0.008422222222222223,0.9
2025-04-03 12:00:00,weekly2,2025-02-01 00:00:00,2025-04-03 12:00:00,28,2025-03-06,2025-04-02,2025-04-03 12:00:00,0.03571428571428571,-0.03221805555555557,0.9
2025-04-03 18:00:00,weekly2,2025-02-01 00:00:00,2025-04-03 18:00:00,28,2025-03-06,2025-04-02,2025-04-03 18:00:00,0.03571428571428571,-0.02646805555555556,0.9
2025-04-04 00:00:00,weekly2,2025-02-01 00:00:00,2025-04-04 00:00:00,28,2025-03-07,2025-04-03,2025-04-04 00:00:00,0.03571428571428571,0.0,0.9
2025-04-04 06:00:00,weekly2,2025-02-01 00:00:00,2025-04-04 06:00:00,28,2025-03-07,2025-04-03,2025-04-04 06:00:00,0.03571428571428571,-0.006888888888888883,0.9
2025-04-04 12:00:00,weekly2,2025-02-01 00:00:00,2025-04-04 12:00:00,28,2025-03-07,2025-04-03,2025-04-04 12:00:00,0.03571428571428571,-0.014245833333333338,0.9
2025-04-04 18:00:00,weekly2,2025-02-01 00:00:00,2025-04-04 18:00:00,28,2025-03-07,2025-04-03,2025-04-04 18:00:00,0.03571428571428571,-0.02868472222222223,0.9
2025-04-05 00:00:00,weekly2,2025-02-01 00:00:00,2025-04-05 00:00:00,28,2025-03-08,2025-04-04,2025-04-05 00:00:00,0.03571428571428571,0.0,0.9
2025-04-05 06:00:00,weekly2,2025-02-01 00:00:00,2025-04-05 06:00:00,28,2025-03-08,2025-04-04,2025-04-05 06:00:00,0.03571428571428571,-0.0016833333333333407,0.9
2025-04-05 12:00:00,weekly2,2025-02-01 00:00:00,2025-04-05 12:00:00,28,2025-03-08,2025-04-04,2025-04-05 12:00:00,0.03571428571428571,-0.012530555555555559,0.9
2025-04-05 18:00:00,weekly2,2025-02-01 00:00:00,2025-04-05 18:00:00,28,2025-03-08,2025-04-04,2025-04-05 18:00:00,0.03571428571428571,0.004959722222222234,0.9
2025-04-06 00:00:00,weekly2,2025-02-01 00:00:00,2025-04-06 00:00:00,28,2025-03-09,2025-04-05,2025-04-06 00:00:00,0.03571428571428571,0.0,0.9
2025-04-06 06:00:00,weekly2,2025-02-01 00:00:00,2025-04-06 06:00:00,28,2025-03-09,2025-04-05,2025-04-06 06:00:00,0.03571428571428571,0.01124166666666667,0.9
2025-04-06 12:00:00,weekly2,2025-02-01 00:00:00,2025-04-06 12:00:00,28,2025-03-09,2025-04-05,2025-04-06 12:00:00,0.03571428571428571,-0.01498611111111111,0.9
2025-04-06 18:00:00,weekly2,2025-02-01 00:00:00,2025-04-06 18:00:00,28,2025-03-09,2025-04-05,2025-04-06 18:00:00,0.03571428571428571,-0.021238888888888904,0.9
2025-04-07 00:00:00,weekly2,2025-02-01 00:00:00,2025-04-07 00:00:00,28,2025-03-10,2025-04-06,2025-04-07 00:00:00,0.03571428571428571,0.0,0.9
2025-04-07 06:00:00,weekly2,2025-02-01 00:00:00,2025-04-07 06:00:00,28,2025-03-10,2025-04-06,2025-04-07 06:00:00,0.03571428571428571,0.002219444444444436,0.9
2025-04-07 12:00:00,weekly2,2025-02-01 00:00:00,2025-04-07 12:00:00,28,2025-03-10,2025-04-06,2025-04-07 12:00:00,0.03571428571428571,-0.03040972222222223,0.9
2025-04-07 18:00:00,weekly2,2025-02-01 00:00:00,2025-04-07 18:00:00,28,2025-03-10,2025-04-06,2025-04-07 18:00:00,0.03571428571428571,-0.02319583333333335,0.9
2025-04-08 00:00:00,weekly2,2025-02-01 00:00:00,2025-04-08 00:00:00,28,2025-03-11,2025-04-07,2025-04-08 00:00:00,0.03571428571428571,0.0,0.9
2025-04-08 06:00:00,weekly2,2025-02-01 00:00:00,2025-04-08 06:00:00,28,2025-03-11,2025-04-07,2025-04-08 06:00:00,0.03571428571428571,0.00019999999999999803,0.9
2025-04-08 12:00:00,weekly2,2025-02-01 00:00:00,2025-04-08 12:00:00,28,2025-03-11,2025-04-07,2025-04-08 12:00:00,0.03571428571428571,-0.032731944444444445,0.9
2025-04-08 18:00:00,weekly2,2025-02-01 00:00:00,2025-04-08 18:00:00,28,2025-03-11,2025-04-07,2025-04-08 18:00:00,0.03571428571428571,-0.04727222222222223,0.9
2025-04-09 00:00:00,weekly2,2025-02-01 00:00:00,2025-04-09 00:00:00,28,2025-03-12,2025-04-08,2025-04-09 00:00:00,0.03571428571428571,0.0,0.9
2025-04-09 06:00:00,weekly2,2025-02-01 00:00:00,2025-04-09 06:00:00,28,2025-03-12,2025-04-08,2025-04-09 06:00:00,0.03571428571428571,-0.012502777777777783,0.9
2025-04-09 12:00:00,weekly2,2025-02-01 00:00:00,2025-04-09 12:00:00,28,2025-03-12,2025-04-08,2025-04-09 12:00:00,0.03571428571428571,-0.0032374999999999995,0.9
2025-04-09 18:00:00,weekly2,2025-02-01 00:00:00,2025-04-09 18:00:00,28,2025-03-12,2025-04-08,2025-04-09 18:00:00,0.03571428571428571,0.02763611111111108,0.9
2025-04-10 00:00:00,weekly2,2025-02-01 00:00:00,2025-04-10 00:00:00,28,2025-03-13,2025-04-09,2025-04-10 00:00:00,0.03571428571428571,0.0,0.9
2025-04-10 06:00:00,weekly2,2025-02-01 00:00:00,2025-04-10 06:00:00,28,2025-03-13,2025-04-09,2025-04-10 06:00:00,0.03571428571428571,-0.004865277777777778,0.9
2025-04-10 12:00:00,weekly2,2025-02-01 00:00:00,2025-04-10 12:00:00,28,2025-03-13,2025-04-09,2025-04-10 12:00:00,0.03571428571428571,-0.013309722222222223,0.9
2025-04-10 18:00:00,weekly2,2025-02-01 00:00:00,2025-04-10 18:00:00,28,2025-03-13,2025-04-09,2025-04-10 18:00:00,0.03571428571428571,-0.008048611111111107,0.9
2025-04-11 00:00:00,weekly2,2025-02-01 00:00:00,2025-04-11 00:00:00,28,2025-03-14,2025-04-10,2025-04-11 00:00:00,0.03571428571428571,0.0,0.9
2025-04-11 06:00:00,weekly2,2025-02-01 00:00:00,2025-04-11 06:00:00,28,2025-03-14,2025-04-10,2025-04-11 06:00:00,0.03571428571428571,0.00978611111111111,0.9
2025-04-11 12:00:00,weekly2,2025-02-01 00:00:00,2025-04-11 12:00:00,28,2025-03-14,2025-04-10,2025-04-11 12:00:00,0.03571428571428571,-0.022437500000000003,0.9
2025-04-11 18:00:00,weekly2,2025-02-01 00:00:00,2025-04-11 18:00:00,28,2025-03-14,2025-04-10,2025-04-11 18:00:00,0.03571428571428571,-0.03953611111111113,0.9
2025-04-12 00:00:00,weekly2,2025-02-01 00:00:00,2025-04-12 00:00:00,28,2025-03-15,2025-04-11,2025-04-12 00:00:00,0.03571428571428571,0.0,0.9
2025-04-12 06:00:00,weekly2,2025-02-01 00:00:00,2025-04-12 06:00:00,28,2025-03-15,2025-04-11,2025-04-12 06:00:00,0.03571428571428571,-0.012702777777777778,0.9
2025-04-12 12:00:00,weekly2,2025-02-01 00:00:00,2025-04-12 12:00:00,28,2025-03-15,2025-04-11,2025-04-12 12:00:00,0.03571428571428571,-0.010698611111111112,0.9
2025-04-12 18:00:00,weekly2,2025-02-01 00:00:00,2025-04-12 18:00:00,28,2025-03-15,2025-04-11,2025-04-12 18:00:00,0.03571428571428571,0.004459722222222204,0.9
2025-04-13 00:00:00,weekly2,2025-02-01 00:00:00,2025-04-13 00:00:00,28,2025-03-16,2025-04-12,2025-04-13 00:00:00,0.03571428571428571,0.0,0.9
2025-04-13 06:00:00,weekly2,2025-02-01 00:00:00,2025-04-13 06:00:00,28,2025-03-16,2025-04-12,2025-04-13 06:00:00,0.03571428571428571,0.009449999999999995,0.9
2025-04-13 12:00:00,weekly2,2025-02-01 00:00:00,2025-04-13 12:00:00,28,2025-03-16,2025-04-12,2025-04-13 12:00:00,0.03571428571428571,0.010283333333333314,0.9
2025-04-13 18:00:00,weekly2,2025-02-01 00:00:00,2025-04-13 18:00:00,28,2025-03-16,2025-04-12,2025-04-13 18:00:00,0.03571428571428571,-0.0005958333333333247,0.9
2025-04-14 00:00:00,weekly2,2025-02-01 00:00:00,2025-04-14 00:00:00,28,2025-03-17,2025-04-13,2025-04-14 00:00:00,0.03571428571428571,0.0,0.9
2025-04-14 06:00:00,weekly2,2025-02-01 00:00:00,2025-04-14 06:00:00,28,2025-03-17,2025-04-13,2025-04-14 06:00:00,0.03571428571428571,0.010909722222222215,0.9
2025-04-14 12:00:00,weekly2,2025-02-01 00:00:00,2025-04-14 12:00:00,28,2025-03-17,2025-04-13,2025-04-14 12:00:00,0.03571428571428571,0.002891666666666669,0.9
2025-04-14 18:00:00,weekly2,2025-02-01 00:00:00,2025-04-14 18:00:00,28,2025-03-17,2025-04-13,2025-04-14 18:00:00,0.03571428571428571,-0.0482486111111111,0.9
2025-04-15 00:00:00,weekly2,2025-02-01 00:00:00,2025-04-15 00:00:00,28,2025-03-18,2025-04-14,2025-04-15 00:00:00,0.03571428571428571,0.0,0.9
2025-04-15 06:00:00,weekly2,2025-02-01 00:00:00,2025-04-15 06:00:00,28,2025-03-18,2025-04-14,2025-04-15 06:00:00,0.03571428571428571,-0.009012500000000001,0.9
2025-04-15 12:00:00,weekly2,2025-02-01 00:00:00,2025-04-15 12:00:00,28,2025-03-18,2025-04-14,2025-04-15 12:00:00,0.03571428571428571,-0.060313888888888875,0.9
2025-04-15 18:00:00,weekly2,2025-02-01 00:00:00,2025-04-15 18:00:00,28,2025-03-18,2025-04-14,2025-04-15 18:00:00,0.03571428571428571,-0.026927777777777776,0.9
2025-04-16 00:00:00,weekly2,2025-02-01 00:00:00,2025-04-16 00:00:00,28,2025-03-19,2025-04-15,2025-04-16 00:00:00,0.03571428571428571,0.0,0.9
2025-04-16 06:00:00,weekly2,2025-02-01 00:00:00,2025-04-16 06:00:00,28,2025-03-19,2025-04-15,2025-04-16 06:00:00,0.03571428571428571,0.003673611111111112,0.9
2025-04-16 12:00:00,weekly2,2025-02-01 00:00:00,2025-04-16 12:00:00,28,2025-03-19,2025-04-15,2025-04-16 12:00:00,0.03571428571428571,-0.026613888888888874,0.9
2025-04-16 18:00:00,weekly2,2025-02-01 00:00:00,2025-04-16 18:00:00,28,2025-03-19,2025-04-15,2025-04-16 18:00:00,0.03571428571428571,-0.0075291666666666805,0.9
2025-04-17 00:00:00,weekly2,2025-02-01 00:00:00,2025-04-17 00:00:00,28,2025-03-20,2025-04-16,2025-04-17 00:00:00,0.03571428571428571,0.0,0.9
2025-04-17 06:00:00,weekly2,2025-02-01 00:00:00,2025-04-17 06:00:00,28,2025-03-20,2025-04-16,2025-04-17 06:00:00,0.03571428571428571,-0.0038902777777777703,0.9
2025-04-17 12:00:00,weekly2,2025-02-01 00:00:00,2025-04-17 12:00:00,28,2025-03-20,2025-04-16,2025-04-17 12:00:00,0.03571428571428571,-0.01494166666666669,0.9
2025-04-17 18:00:00,weekly2,2025-02-01 00:00:00,2025-04-17 18:00:00,28,2025-03-20,2025-04-16,2025-04-17 18:00:00,0.03571428571428571,-0.02367916666666665,0.9
2025-04-18 00:00:00,weekly2,2025-02-01 00:00:00,2025-04-18 00:00:00,28,2025-03-21,2025-04-17,2025-04-18 00:00:00,0.03571428571428571,0.0,0.9
2025-04-18 06:00:00,weekly2,2025-02-01 00:00:00,2025-04-18 06:00:00,28,2025-03-21,2025-04-17,2025-04-18 06:00:00,0.03571428571428571,0.006588888888888885,0.9
2025-04-18 12:00:00,weekly2,2025-02-01 00:00:00,2025-04-18 12:00:00,28,2025-03-21,2025-04-17,2025-04-18 12:00:00,0.03571428571428571,-0.013286111111111094,0.9
2025-04-18 18:00:00,weekly2,2025-02-01 00:00:00,2025-04-18 18:00:00,28,2025-03-21,2025-04-17,2025-04-18 18:00:00,0.03571428571428571,0.02494305555555557,0.9
2025-04-19 00:00:00,weekly2,2025-02-01 00:00:00,2025-04-19 00:00:00,28,2025-03-22,2025-04-18,2025-04-19 00:00:00,0.03571428571428571,0.0,0.9
2025-04-19 06:00:00,weekly2,2025-02-01 00:00:00,2025-04-19 06:00:00,28,2025-03-22,2025-04-18,2025-04-19 06:00:00,0.03571428571428571,0.011066666666666676,0.9
2025-04-19 12:00:00,weekly2,2025-02-01 00:00:00,2025-04-19 12:00:00,28,2025-03-22,2025-04-18,2025-04-19 12:00:00,0.03571428571428571,0.002959722222222224,0.9
2025-04-19 18:00:00,weekly2,2025-02-01 00:00:00,2025-04-19 18:00:00,28,2025-03-22,2025-04-18,2025-04-19 18:00:00,0.03571428571428571,-0.0488888888888889,0.9
2025-04-20 00:00:00,weekly2,2025-02-01 00:00:00,2025-04-20 00:00:00,28,2025-03-23,2025-04-19,2025-04-20 00:00:00,0.03571428571428571,0.0,0.9
2025-04-20 06:00:00,weekly2,2025-02-01 00:00:00,2025-04-20 06:00:00,28,2025-03-23,2025-04-19,2025-04-20 06:00:00,0.03571428571428571,-0.014145833333333333,0.9
2025-04-20 12:00:00,weekly2,2025-02-01 00:00:00,2025-04-20 12:00:00,28,2025-03-23,2025-04-19,2025-04-20 12:00:00,0.03571428571428571,-0.024527777777777777,0.9
2025-04-20 18:00:00,weekly2,2025-02-01 00:00:00,2025-04-20 18:00:00,28,2025-03-23,2025-04-19,2025-04-20 18:00:00,0.03571428571428571,-0.006473611111111083,0.9
2025-04-21 00:00:00,weekly2,2025-02-01 00:00:00,2025-04-21 00:00:00,28,2025-03-24,2025-04-20,2025-04-21 00:00:00,0.03571428571428571,0.0,0.9
2025-04-21 06:00:00,weekly2,2025-02-01 00:00:00,2025-04-21 06:00:00,28,2025-03-24,2025-04-20,2025-04-21 06:00:00,0.03571428571428571,0.004411111111111117,0.9
2025-04-21 12:00:00,weekly2,2025-02-01 00:00:00,2025-04-21 12:00:00,28,2025-03-24,2025-04-20,2025-04-21 12:00:00,0.03571428571428571,-0.008113888888888893,0.9
2025-04-21 18:00:00,weekly2,2025-02-01 00:00:00,2025-04-21 18:00:00,28,2025-03-24,2025-04-20,2025-04-21 18:00:00,0.03571428571428571,-0.0502736111111111,0.9
2025-04-22 00:00:00,weekly2,2025-02-01 00:00:00,2025-04-22 00:00:00,28,2025-03-25,2025-04-21,2025-04-22 00:00:00,0.03571428571428571,0.0,0.9
2025-04-22 06:00:00,weekly2,2025-02-01 00:00:00,2025-04-22 06:00:00,28,2025-03-25,2025-04-21,2025-04-22 06:00:00,0.03571428571428571,0.008356944444444441,0.9
2025-04-22 12:00:00,weekly2,2025-02-01 00:00:00,2025-04-22 12:00:00,28,2025-03-25,2025-04-21,2025-04-22 12:00:00,0.03571428571428571,0.003063888888888889,0.9
2025-04-22 18:00:00,weekly2,2025-02-01 00:00:00,2025-04-22 18:00:00,28,2025-03-25,2025-04-21,2025-04-22 18:00:00,0.03571428571428571,0.0038430555555555596,0.9
2025-04-23 00:00:00,weekly2,2025-02-01 00:00:00,2025-04-23 00:00:00,28,2025-03-26,2025-04-22,2025-04-23 00:00:00,0.03571428571428571,0.0,0.9
2025-04-23 06:00:00,weekly2,2025-02-01 00:00:00,2025-04-23 06:00:00,28,2025-03-26,2025-04-22,2025-04-23 06:00:00,0.03571428571428571,0.018486111111111106,0.9
2025-04-23 12:00:00,weekly2,2025-02-01 00:00:00,2025-04-23 12:00:00,28,2025-03-26,2025-04-22,2025-04-23 12:00:00,0.03571428571428571,-0.04690138888888889,0.9
2025-04-23 18:00:00,weekly2,2025-02-01 00:00:00,2025-04-23 18:00:00,28,2025-03-26,2025-04-22,2025-04-23 18:00:00,0.03571428571428571,-0.03879444444444444,0.9
2025-04-24 00:00:00,weekly2,2025-02-01 00:00:00,2025-04-24 00:00:00,28,2025-03-27,2025-04-23,2025-04-24 00:00:00,0.03571428571428571,0.0,0.9
2025-04-24 06:00:00,weekly2,2025-02-01 00:00:00,2025-04-24 06:00:00,28,2025-03-27,2025-04-23,2025-04-24 06:00:00,0.03571428571428571,0.005951388888888889,0.9
2025-04-24 12:00:00,weekly2,2025-02-01 00:00:00,2025-04-24 12:00:00,28,2025-03-27,2025-04-23,2025-04-24 12:00:00,0.03571428571428571,-0.022108333333333317,0.9
2025-04-24 18:00:00,weekly2,2025-02-01 00:00:00,2025-04-24 18:00:00,28,2025-03-27,2025-04-23,2025-04-24 18:00:00,0.03571428571428571,-0.0438375,0.9
2025-04-25 00:00:00,weekly2,2025-02-01 00:00:00,2025-04-25 00:00:00,28,2025-03-28,2025-04-24,2025-04-25 00:00:00,0.03571428571428571,0.0,0.9
2025-04-25 06:00:00,weekly2,2025-02-01 00:00:00,2025-04-25 06:00:00,28,2025-03-28,2025-04-24,2025-04-25 06:00:00,0.03571428571428571,-0.0155875,0.9
2025-04-25 12:00:00,weekly2,2025-02-01 00:00:00,2025-04-25 12:00:00,28,2025-03-28,2025-04-24,2025-04-25 12:00:00,0.03571428571428571,-0.01848194444444444,0.9
2025-04-25 18:00:00,weekly2,2025-02-01 00:00:00,2025-04-25 18:00:00,28,2025-03-28,2025-04-24,2025-04-25 18:00:00,0.03571428571428571,-0.026987499999999998,0.9
2025-04-26 00:00:00,weekly2,2025-02-01 00:00:00,2025-04-26 00:00:00,28,2025-03-29,2025-04-25,2025-04-26 00:00:00,0.03571428571428571,0.0,0.9
2025-04-26 06:00:00,weekly2,2025-02-01 00:00:00,2025-04-26 06:00:00,28,2025-03-29,2025-04-25,2025-04-26 06:00:00,0.03571428571428571,-0.0018597222222222225,0.9
2025-04-26 12:00:00,weekly2,2025-02-01 00:00:00,2025-04-26 12:00:00,28,2025-03-29,2025-04-25,2025-04-26 12:00:00,0.03571428571428571,-0.08382361111111108,0.9
2025-04-26 18:00:00,weekly2,2025-02-01 00:00:00,2025-04-26 18:00:00,28,2025-03-29,2025-04-25,2025-04-26 18:00:00,0.03571428571428571,-0.01964166666666668,0.9
2025-04-27 00:00:00,weekly2,2025-02-01 00:00:00,2025-04-27 00:00:00,28,2025-03-30,2025-04-26,2025-04-27 00:00:00,0.03571428571428571,0.0,0.9
2025-04-27 06:00:00,weekly2,2025-02-01 00:00:00,2025-04-27 06:00:00,28,2025-03-30,2025-04-26,2025-04-27 06:00:00,0.03571428571428571,-0.014715277777777773,0.9
2025-04-27 12:00:00,weekly2,2025-02-01 00:00:00,2025-04-27 12:00:00,28,2025-03-30,2025-04-26,2025-04-27 12:00:00,0.03571428571428571,-0.0350236111111111,0.9
2025-04-27 18:00:00,weekly2,2025-02-01 00:00:00,2025-04-27 18:00:00,28,2025-03-30,2025-04-26,2025-04-27 18:00:00,0.03571428571428571,-0.02389722222222223,0.9
2025-04-28 00:00:00,weekly2,2025-02-01 00:00:00,2025-04-28 00:00:00,28,2025-03-31,2025-04-27,2025-04-28 00:00:00,0.03571428571428571,0.0,0.9
2025-04-28 06:00:00,weekly2,2025-02-01 00:00:00,2025-04-28 06:00:00,28,2025-03-31,2025-04-27,2025-04-28 06:00:00,0.03571428571428571,-0.002154166666666676,0.9
2025-04-28 12:00:00,weekly2,2025-02-01 00:00:00,2025-04-28 12:00:00,28,2025-03-31,2025-04-27,2025-04-28 12:00:00,0.03571428571428571,0.048069444444444435,0.9
2025-04-28 18:00:00,weekly2,2025-02-01 00:00:00,2025-04-28 18:00:00,28,2025-03-31,2025-04-27,2025-04-28 18:00:00,0.03571428571428571,0.05298472222222221,0.9
2025-04-29 00:00:00,weekly2,2025-02-01 00:00:00,2025-04-29 00:00:00,28,2025-04-01,2025-04-28,2025-04-29 00:00:00,0.03571428571428571,0.0,0.9
2025-04-29 06:00:00,weekly2,2025-02-01 00:00:00,2025-04-29 06:00:00,28,2025-04-01,2025-04-28,2025-04-29 06:00:00,0.03571428571428571,-0.01097777777777778,0.9
2025-04-29 12:00:00,weekly2,2025-02-01 00:00:00,2025-04-29 12:00:00,28,2025-04-01,2025-04-28,2025-04-29 12:00:00,0.03571428571428571,-0.0193111111111111,0.9
2025-04-29 18:00:00,weekly2,2025-02-01 00:00:00,2025-04-29 18:00:00,28,2025-04-01,2025-04-28,2025-04-29 18:00:00,0.03571428571428571,-0.018579166666666688,0.9
2025-04-30 00:00:00,weekly2,2025-02-01 00:00:00,2025-04-30 00:00:00,28,2025-04-02,2025-04-29,2025-04-30 00:00:00,0.03571428571428571,0.0,0.9
2025-04-30 06:00:00,weekly2,2025-02-01 00:00:00,2025-04-30 06:00:00,28,2025-04-02,2025-04-29,2025-04-30 06:00:00,0.03571428571428571,-0.018773611111111102,0.9
2025-04-30 12:00:00,weekly2,2025-02-01 00:00:00,2025-04-30 12:00:00,28,2025-04-02,2025-04-29,2025-04-30 12:00:00,0.03571428571428571,-0.03981666666666666,0.9
2025-04-30 18:00:00,weekly2,2025-02-01 00:00:00,2025-04-30 18:00:00,28,2025-04-02,2025-04-29,2025-04-30 18:00:00,0.03571428571428571,-0.046983333333333335,0.9
2025-05-01 00:00:00,weekly2,2025-02-01 00:00:00,2025-05-01 00:00:00,28,2025-04-03,2025-04-30,2025-05-01 00:00:00,0.03571428571428571,0.0,0.9
2025-05-01 06:00:00,weekly2,2025-02-01 00:00:00,2025-05-01 06:00:00,28,2025-04-03,2025-04-30,2025-05-01 06:00:00,0.03571428571428571,-0.005569444444444462,0.9
2025-05-01 12:00:00,weekly2,2025-02-01 00:00:00,2025-05-01 12:00:00,28,2025-04-03,2025-04-30,2025-05-01 12:00:00,0.03571428571428571,-0.018143055555555558,0.9
2025-05-01 18:00:00,weekly2,2025-02-01 00:00:00,2025-05-01 18:00:00,28,2025-04-03,2025-04-30,2025-05-01 18:00:00,0.03571428571428571,0.013361111111111112,0.9
2025-05-02 00:00:00,weekly2,2025-02-01 00:00:00,2025-05-02 00:00:00,28,2025-04-04,2025-05-01,2025-05-02 00:00:00,0.03571428571428571,0.0,0.9
2025-05-02 06:00:00,weekly2,2025-02-01 00:00:00,2025-05-02 06:00:00,28,2025-04-04,2025-05-01,2025-05-02 06:00:00,0.03571428571428571,0.009520833333333336,0.9
2025-05-02 12:00:00,weekly2,2025-02-01 00:00:00,2025-05-02 12:00:00,28,2025-04-04,2025-05-01,2025-05-02 12:00:00,0.03571428571428571,0.022309722222222234,0.9
2025-05-02 18:00:00,weekly2,2025-02-01 00:00:00,2025-05-02 18:00:00,28,2025-04-04,2025-05-01,2025-05-02 18:00:00,0.03571428571428571,0.0784097222222222,0.9
2025-05-03 00:00:00,weekly2,2025-02-01 00:00:00,2025-05-03 00:00:00,28,2025-04-05,2025-05-02,2025-05-03 00:00:00,0.03571428571428571,0.0,0.9
2025-05-03 06:00:00,weekly2,2025-02-01 00:00:00,2025-05-03 06:00:00,28,2025-04-05,2025-05-02,2025-05-03 06:00:00,0.03571428571428571,0.0033374999999999993,0.9
2025-05-03 12:00:00,weekly2,2025-02-01 00:00:00,2025-05-03 12:00:00,28,2025-04-05,2025-05-02,2025-05-03 12:00:00,0.03571428571428571,0.010883333333333347,0.9
2025-05-03 18:00:00,weekly2,2025-02-01 00:00:00,2025-05-03 18:00:00,28,2025-04-05,2025-05-02,2025-05-03 18:00:00,0.03571428571428571,0.04380555555555558,0.9
2025-05-04 00:00:00,weekly2,2025-02-01 00:00:00,2025-05-04 00:00:00,28,2025-04-06,2025-05-03,2025-05-04 00:00:00,0.03571428571428571,0.0,0.9
2025-05-04 06:00:00,weekly2,2025-02-01 00:00:00,2025-05-04 06:00:00,28,2025-04-06,2025-05-03,2025-05-04 06:00:00,0.03571428571428571,0.01244583333333333,0.9
2025-05-04 12:00:00,weekly2,2025-02-01 00:00:00,2025-05-04 12:00:00,28,2025-04-06,2025-05-03,2025-05-04 12:00:00,0.03571428571428571,-0.020734722222222248,0.9
2025-05-04 18:00:00,weekly2,2025-02-01 00:00:00,2025-05-04 18:00:00,28,2025-04-06,2025-05-03,2025-05-04 18:00:00,0.03571428571428571,-0.005519444444444444,0.9
2025-05-05 00:00:00,weekly2,2025-02-01 00:00:00,2025-05-05 00:00:00,28,2025-04-07,2025-05-04,2025-05-05 00:00:00,0.03571428571428571,0.0,0.9
2025-05-05 06:00:00,weekly2,2025-02-01 00:00:00,2025-05-05 06:00:00,28,2025-04-07,2025-05-04,2025-05-05 06:00:00,0.03571428571428571,-0.0012777777777777835,0.9
2025-05-05 12:00:00,weekly2,2025-02-01 00:00:00,2025-05-05 12:00:00,28,2025-04-07,2025-05-04,2025-05-05 12:00:00,0.03571428571428571,-0.013418055555555544,0.9
2025-05-05 18:00:00,weekly2,2025-02-01 00:00:00,2025-05-05 18:00:00,28,2025-04-07,2025-05-04,2025-05-05 18:00:00,0.03571428571428571,0.023238888888888882,0.9
2025-05-06 00:00:00,weekly2,2025-02-01 00:00:00,2025-05-06 00:00:00,28,2025-04-08,2025-05-05,2025-05-06 00:00:00,0.03571428571428571,0.0,0.9
2025-05-06 06:00:00,weekly2,2025-02-01 00:00:00,2025-05-06 06:00:00,28,2025-04-08,2025-05-05,2025-05-06 06:00:00,0.03571428571428571,0.012715277777777777,0.9
2025-05-06 12:00:00,weekly2,2025-02-01 00:00:00,2025-05-06 12:00:00,28,2025-04-08,2025-05-05,2025-05-06 12:00:00,0.03571428571428571,0.024816666666666643,0.9
2025-05-06 18:00:00,weekly2,2025-02-01 00:00:00,2025-05-06 18:00:00,28,2025-04-08,2025-05-05,2025-05-06 18:00:00,0.03571428571428571,-0.0218888888888889,0.9
2025-05-07 00:00:00,weekly2,2025-02-01 00:00:00,2025-05-07 00:00:00,28,2025-04-09,2025-05-06,2025-05-07 00:00:00,0.03571428571428571,0.0,0.9
2025-05-07 06:00:00,weekly2,2025-02-01 00:00:00,2025-05-07 06:00:00,28,2025-04-09,2025-05-06,2025-05-07 06:00:00,0.03571428571428571,0.005675000000000003,0.9
2025-05-07 12:00:00,weekly2,2025-02-01 00:00:00,2025-05-07 12:00:00,28,2025-04-09,2025-05-06,2025-05-07 12:00:00,0.03571428571428571,0.022540277777777784,0.9
2025-05-07 18:00:00,weekly2,2025-02-01 00:00:00,2025-05-07 18:00:00,28,2025-04-09,2025-05-06,2025-05-07 18:00:00,0.03571428571428571,0.0291736111111111,0.9
2025-05-08 00:00:00,weekly2,2025-02-01 00:00:00,2025-05-08 00:00:00,28,2025-04-10,2025-05-07,2025-05-08 00:00:00,0.03571428571428571,0.0,0.9
2025-05-08 06:00:00,weekly2,2025-02-01 00:00:00,2025-05-08 06:00:00,28,2025-04-10,2025-05-07,2025-05-08 06:00:00,0.03571428571428571,-0.0006986111111111067,0.9
2025-05-08 12:00:00,weekly2,2025-02-01 00:00:00,2025-05-08 12:00:00,28,2025-04-10,2025-05-07,2025-05-08 12:00:00,0.03571428571428571,0.01087083333333333,0.9
2025-05-08 18:00:00,weekly2,2025-02-01 00:00:00,2025-05-08 18:00:00,28,2025-04-10,2025-05-07,2025-05-08 18:00:00,0.03571428571428571,0.04676111111111113,0.9
2025-05-09 00:00:00,weekly2,2025-02-01 00:00:00,2025-05-09 00:00:00,28,2025-04-11,2025-05-08,2025-05-09 00:00:00,0.03571428571428571,0.0,0.9
2025-05-09 06:00:00,weekly2,2025-02-01 00:00:00,2025-05-09 06:00:00,28,2025-04-11,2025-05-08,2025-05-09 06:00:00,0.03571428571428571,0.003222222222222222,0.9
2025-05-09 12:00:00,weekly2,2025-02-01 00:00:00,2025-05-09 12:00:00,28,2025-04-11,2025-05-08,2025-05-09 12:00:00,0.03571428571428571,0.008973611111111102,0.9
2025-05-09 18:00:00,weekly2,2025-02-01 00:00:00,2025-05-09 18:00:00,28,2025-04-11,2025-05-08,2025-05-09 18:00:00,0.03571428571428571,-0.010748611111111115,0.9
2025-05-10 00:00:00,weekly2,2025-02-01 00:00:00,2025-05-10 00:00:00,28,2025-04-12,2025-05-09,2025-05-10 00:00:00,0.03571428571428571,0.0,0.9
2025-05-10 06:00:00,weekly2,2025-02-01 00:00:00,2025-05-10 06:00:00,28,2025-04-12,2025-05-09,2025-05-10 06:00:00,0.03571428571428571,-0.0006430555555555542,0.9
2025-05-10 12:00:00,weekly2,2025-02-01 00:00:00,2025-05-10 12:00:00,28,2025-04-12,2025-05-09,2025-05-10 12:00:00,0.03571428571428571,0.05891944444444445,0.9
2025-05-10 18:00:00,weekly2,2025-02-01 00:00:00,2025-05-10 18:00:00,28,2025-04-12,2025-05-09,2025-05-10 18:00:00,0.03571428571428571,0.010591666666666659,0.9
2025-05-11 00:00:00,weekly2,2025-02-01 00:00:00,2025-05-11 00:00:00,28,2025-04-13,2025-05-10,2025-05-11 00:00:00,0.03571428571428571,0.0,0.9
2025-05-11 06:00:00,weekly2,2025-02-01 00:00:00,2025-05-11 06:00:00,28,2025-04-13,2025-05-10,2025-05-11 06:00:00,0.03571428571428571,0.007765277777777778,0.9
2025-05-11 12:00:00,weekly2,2025-02-01 00:00:00,2025-05-11 12:00:00,28,2025-04-13,2025-05-10,2025-05-11 12:00:00,0.03571428571428571,0.03163750000000001,0.9
2025-05-11 18:00:00,weekly2,2025-02-01 00:00:00,2025-05-11 18:00:00,28,2025-04-13,2025-05-10,2025-05-11 18:00:00,0.03571428571428571,0.020875,0.9
2025-05-12 00:00:00,weekly2,2025-02-01 00:00:00,2025-05-12 00:00:00,28,2025-04-14,2025-05-11,2025-05-12 00:00:00,0.03571428571428571,0.0,0.9
2025-05-12 06:00:00,weekly2,2025-02-01 00:00:00,2025-05-12 06:00:00,28,2025-04-14,2025-05-11,2025-05-12 06:00:00,0.03571428571428571,-0.0024222222222222162,0.9
2025-05-12 12:00:00,weekly2,2025-02-01 00:00:00,2025-05-12 12:00:00,28,2025-04-14,2025-05-11,2025-05-12 12:00:00,0.03571428571428571,-0.056005555555555565,0.9
2025-05-12 18:00:00,weekly2,2025-02-01 00:00:00,2025-05-12 18:00:00,28,2025-04-14,2025-05-11,2025-05-12 18:00:00,0.03571428571428571,-0.006494444444444448,0.9
2025-05-13 00:00:00,weekly2,2025-02-01 00:00:00,2025-05-13 00:00:00,28,2025-04-15,2025-05-12,2025-05-13 00:00:00,0.03571428571428571,0.0,0.9
2025-05-13 06:00:00,weekly2,2025-02-01 00:00:00,2025-05-13 06:00:00,28,2025-04-15,2025-05-12,2025-05-13 06:00:00,0.03571428571428571,-0.003269444444444439,0.9
2025-05-13 12:00:00,weekly2,2025-02-01 00:00:00,2025-05-13 12:00:00,28,2025-04-15,2025-05-12,2025-05-13 12:00:00,0.03571428571428571,0.03549583333333333,0.9
2025-05-13 18:00:00,weekly2,2025-02-01 00:00:00,2025-05-13 18:00:00,28,2025-04-15,2025-05-12,2025-05-13 18:00:00,0.03571428571428571,0.010420833333333341,0.9
2025-05-14 00:00:00,weekly2,2025-02-01 00:00:00,2025-05-14 00:00:00,28,2025-04-16,2025-05-13,2025-05-14 00:00:00,0.03571428571428571,0.0,0.9
2025-05-14 06:00:00,weekly2,2025-02-01 00:00:00,2025-05-14 06:00:00,28,2025-04-16,2025-05-13,2025-05-14 06:00:00,0.03571428571428571,-0.007068055555555556,0.9
2025-05-14 12:00:00,weekly2,2025-02-01 00:00:00,2025-05-14 12:00:00,28,2025-04-16,2025-05-13,2025-05-14 12:00:00,0.03571428571428571,0.007265277777777775,0.9
2025-05-14 18:00:00,weekly2,2025-02-01 00:00:00,2025-05-14 18:00:00,28,2025-04-16,2025-05-13,2025-05-14 18:00:00,0.03571428571428571,0.004797222222222218,0.9
2025-05-15 00:00:00,weekly2,2025-02-01 00:00:00,2025-05-15 00:00:00,28,2025-04-17,2025-05-14,2025-05-15 00:00:00,0.03571428571428571,0.0,0.9
2025-05-15 06:00:00,weekly2,2025-02-01 00:00:00,2025-05-15 06:00:00,28,2025-04-17,2025-05-14,2025-05-15 06:00:00,0.03571428571428571,-0.004394444444444441,0.9
2025-05-15 12:00:00,weekly2,2025-02-01 00:00:00,2025-05-15 12:00:00,28,2025-04-17,2025-05-14,2025-05-15 12:00:00,0.03571428571428571,-0.006794444444444444,0.9
2025-05-15 18:00:00,weekly2,2025-02-01 00:00:00,2025-05-15 18:00:00,28,2025-04-17,2025-05-14,2025-05-15 18:00:00,0.03571428571428571,0.012476388888888884,0.9
2025-05-16 00:00:00,weekly2,2025-02-01 00:00:00,2025-05-16 00:00:00,28,2025-04-18,2025-05-15,2025-05-16 00:00:00,0.03571428571428571,0.0,0.9
2025-05-16 06:00:00,weekly2,2025-02-01 00:00:00,2025-05-16 06:00:00,28,2025-04-18,2025-05-15,2025-05-16 06:00:00,0.03571428571428571,-0.021138888888888884,0.9
2025-05-16 12:00:00,weekly2,2025-02-01 00:00:00,2025-05-16 12:00:00,28,2025-04-18,2025-05-15,2025-05-16 12:00:00,0.03571428571428571,-0.05829583333333334,0.9
2025-05-16 18:00:00,weekly2,2025-02-01 00:00:00,2025-05-16 18:00:00,28,2025-04-18,2025-05-15,2025-05-16 18:00:00,0.03571428571428571,-0.05317361111111111,0.9
2025-05-17 00:00:00,weekly2,2025-02-01 00:00:00,2025-05-17 00:00:00,28,2025-04-19,2025-05-16,2025-05-17 00:00:00,0.03571428571428571,0.0,0.9
2025-05-17 06:00:00,weekly2,2025-02-01 00:00:00,2025-05-17 06:00:00,28,2025-04-19,2025-05-16,2025-05-17 06:00:00,0.03571428571428571,-0.005963888888888884,0.9
2025-05-17 12:00:00,weekly2,2025-02-01 00:00:00,2025-05-17 12:00:00,28,2025-04-19,2025-05-16,2025-05-17 12:00:00,0.03571428571428571,-0.0171,0.9
2025-05-17 18:00:00,weekly2,2025-02-01 00:00:00,2025-05-17 18:00:00,28,2025-04-19,2025-05-16,2025-05-17 18:00:00,0.03571428571428571,0.019066666666666662,0.9
2025-05-18 00:00:00,weekly2,2025-02-01 00:00:00,2025-05-18 00:00:00,28,2025-04-20,2025-05-17,2025-05-18 00:00:00,0.03571428571428571,0.0,0.9
2025-05-18 06:00:00,weekly2,2025-02-01 00:00:00,2025-05-18 06:00:00,28,2025-04-20,2025-05-17,2025-05-18 06:00:00,0.03571428571428571,-0.008356944444444452,0.9
2025-05-18 12:00:00,weekly2,2025-02-01 00:00:00,2025-05-18 12:00:00,28,2025-04-20,2025-05-17,2025-05-18 12:00:00,0.03571428571428571,0.004611111111111114,0.9
2025-05-18 18:00:00,weekly2,2025-02-01 00:00:00,2025-05-18 18:00:00,28,2025-04-20,2025-05-17,2025-05-18 18:00:00,0.03571428571428571,0.003884722222222229,0.9
2025-05-19 00:00:00,weekly2,2025-02-01 00:00:00,2025-05-19 00:00:00,28,2025-04-21,2025-05-18,2025-05-19 00:00:00,0.03571428571428571,0.0,0.9
2025-05-19 06:00:00,weekly2,2025-02-01 00:00:00,2025-05-19 06:00:00,28,2025-04-21,2025-05-18,2025-05-19 06:00:00,0.03571428571428571,-0.004056944444444443,0.9
2025-05-19 12:00:00,weekly2,2025-02-01 00:00:00,2025-05-19 12:00:00,28,2025-04-21,2025-05-18,2025-05-19 12:00:00,0.03571428571428571,-0.030613888888888892,0.9
2025-05-19 18:00:00,weekly2,2025-02-01 00:00:00,2025-05-19 18:00:00,28,2025-04-21,2025-05-18,2025-05-19 18:00:00,0.03571428571428571,-0.06044999999999999,0.9
2025-05-20 00:00:00,weekly2,2025-02-01 00:00:00,2025-05-20 00:00:00,28,2025-04-22,2025-05-19,2025-05-20 00:00:00,0.03571428571428571,0.0,0.9
2025-05-20 06:00:00,weekly2,2025-02-01 00:00:00,2025-05-20 06:00:00,28,2025-04-22,2025-05-19,2025-05-20 06:00:00,0.03571428571428571,-0.007538888888888888,0.9
2025-05-20 12:00:00,weekly2,2025-02-01 00:00:00,2025-05-20 12:00:00,28,2025-04-22,2025-05-19,2025-05-20 12:00:00,0.03571428571428571,-0.02259027777777776,0.9
2025-05-20 18:00:00,weekly2,2025-02-01 00:00:00,2025-05-20 18:00:00,28,2025-04-22,2025-05-19,2025-05-20 18:00:00,0.03571428571428571,0.04623055555555557,0.9
2025-05-21 00:00:00,weekly2,2025-02-01 00:00:00,2025-05-21 00:00:00,28,2025-04-23,2025-05-20,2025-05-21 00:00:00,0.03571428571428571,0.0,0.9
2025-05-21 06:00:00,weekly2,2025-02-01 00:00:00,2025-05-21 06:00:00,28,2025-04-23,2025-05-20,2025-05-21 06:00:00,0.03571428571428571,-9.583333333333666e-05,0.9
2025-05-21 12:00:00,weekly2,2025-02-01 00:00:00,2025-05-21 12:00:00,28,2025-04-23,2025-05-20,2025-05-21 12:00:00,0.03571428571428571,-0.013391666666666666,0.9
2025-05-21 18:00:00,weekly2,2025-02-01 00:00:00,2025-05-21 18:00:00,28,2025-04-23,2025-05-20,2025-05-21 18:00:00,0.03571428571428571,-0.018619444444444445,0.9
2025-05-22 00:00:00,weekly2,2025-02-01 00:00:00,2025-05-22 00:00:00,28,2025-04-24,2025-05-21,2025-05-22 00:00:00,0.03571428571428571,0.0,0.9
2025-05-22 06:00:00,weekly2,2025-02-01 00:00:00,2025-05-22 06:00:00,28,2025-04-24,2025-05-21,2025-05-22 06:00:00,0.03571428571428571,-0.006144444444444449,0.9
2025-05-22 12:00:00,weekly2,2025-02-01 00:00:00,2025-05-22 12:00:00,28,2025-04-24,2025-05-21,2025-05-22 12:00:00,0.03571428571428571,-0.00445555555555557,0.9
2025-05-22 18:00:00,weekly2,2025-02-01 00:00:00,2025-05-22 18:00:00,28,2025-04-24,2025-05-21,2025-05-22 18:00:00,0.03571428571428571,-0.029326388888888902,0.9
2025-05-23 00:00:00,weekly2,2025-02-01 00:00:00,2025-05-23 00:00:00,28,2025-04-25,2025-05-22,2025-05-23 00:00:00,0.03571428571428571,0.0,0.9
2025-05-23 06:00:00,weekly2,2025-02-01 00:00:00,2025-05-23 06:00:00,28,2025-04-25,2025-05-22,2025-05-23 06:00:00,0.03571428571428571,0.005495833333333329,0.9
2025-05-23 12:00:00,weekly2,2025-02-01 00:00:00,2025-05-23 12:00:00,28,2025-04-25,2025-05-22,2025-05-23 12:00:00,0.03571428571428571,-0.018655555555555547,0.9
2025-05-23 18:00:00,weekly2,2025-02-01 00:00:00,2025-05-23 18:00:00,28,2025-04-25,2025-05-22,2025-05-23 18:00:00,0.03571428571428571,0.025950000000000018,0.9
2025-05-24 00:00:00,weekly2,2025-02-01 00:00:00,2025-05-24 00:00:00,28,2025-04-26,2025-05-23,2025-05-24 00:00:00,0.03571428571428571,0.0,0.9
2025-05-24 06:00:00,weekly2,2025-02-01 00:00:00,2025-05-24 06:00:00,28,2025-04-26,2025-05-23,2025-05-24 06:00:00,0.03571428571428571,0.008344444444444443,0.9
2025-05-24 12:00:00,weekly2,2025-02-01 00:00:00,2025-05-24 12:00:00,28,2025-04-26,2025-05-23,2025-05-24 12:00:00,0.03571428571428571,-0.020686111111111113,0.9
2025-05-24 18:00:00,weekly2,2025-02-01 00:00:00,2025-05-24 18:00:00,28,2025-04-26,2025-05-23,2025-05-24 18:00:00,0.03571428571428571,-0.057384722222222226,0.9
2025-05-25 00:00:00,weekly2,2025-02-01 00:00:00,2025-05-25 00:00:00,28,2025-04-27,2025-05-24,2025-05-25 00:00:00,0.03571428571428571,0.0,0.9
2025-05-25 06:00:00,weekly2,2025-02-01 00:00:00,2025-05-25 06:00:00,28,2025-04-27,2025-05-24,2025-05-25 06:00:00,0.03571428571428571,-0.00263611111111112,0.9
2025-05-25 12:00:00,weekly2,2025-02-01 00:00:00,2025-05-25 12:00:00,28,2025-04-27,2025-05-24,2025-05-25 12:00:00,0.03571428571428571,-0.04488750000000001,0.9
2025-05-25 18:00:00,weekly2,2025-02-01 00:00:00,2025-05-25 18:00:00,28,2025-04-27,2025-05-24,2025-05-25 18:00:00,0.03571428571428571,-0.020674999999999995,0.9
2025-05-26 00:00:00,weekly2,2025-02-01 00:00:00,2025-05-26 00:00:00,28,2025-04-28,2025-05-25,2025-05-26 00:00:00,0.03571428571428571,0.0,0.9
2025-05-26 06:00:00,weekly2,2025-02-01 00:00:00,2025-05-26 06:00:00,28,2025-04-28,2025-05-25,2025-05-26 06:00:00,0.03571428571428571,0.00263333333333333,0.9
2025-05-26 12:00:00,weekly2,2025-02-01 00:00:00,2025-05-26 12:00:00,28,2025-04-28,2025-05-25,2025-05-26 12:00:00,0.03571428571428571,0.05355972222222224,0.9
2025-05-26 18:00:00,weekly2,2025-02-01 00:00:00,2025-05-26 18:00:00,28,2025-04-28,2025-05-25,2025-05-26 18:00:00,0.03571428571428571,0.0016236111111111234,0.9
2025-05-27 00:00:00,weekly2,2025-02-01 00:00:00,2025-05-27 00:00:00,28,2025-04-29,2025-05-26,2025-05-27 00:00:00,0.03571428571428571,0.0,0.9
2025-05-27 06:00:00,weekly2,2025-02-01 00:00:00,2025-05-27 06:00:00,28,2025-04-29,2025-05-26,2025-05-27 06:00:00,0.03571428571428571,0.0016611111111111147,0.9
2025-05-27 12:00:00,weekly2,2025-02-01 00:00:00,2025-05-27 12:00:00,28,2025-04-29,2025-05-26,2025-05-27 12:00:00,0.03571428571428571,-0.017516666666666687,0.9
2025-05-27 18:00:00,weekly2,2025-02-01 00:00:00,2025-05-27 18:00:00,28,2025-04-29,2025-05-26,2025-05-27 18:00:00,0.03571428571428571,-0.04141111111111109,0.9
2025-05-28 00:00:00,weekly2,2025-02-01 00:00:00,2025-05-28 00:00:00,28,2025-04-30,2025-05-27,2025-05-28 00:00:00,0.03571428571428571,0.0,0.9
2025-05-28 06:00:00,weekly2,2025-02-01 00:00:00,2025-05-28 06:00:00,28,2025-04-30,2025-05-27,2025-05-28 06:00:00,0.03571428571428571,0.00011527777777777665,0.9
2025-05-28 12:00:00,weekly2,2025-02-01 00:00:00,2025-05-28 12:00:00,28,2025-04-30,2025-05-27,2025-05-28 12:00:00,0.03571428571428571,0.022636111111111117,0.9
2025-05-28 18:00:00,weekly2,2025-02-01 00:00:00,2025-05-28 18:00:00,28,2025-04-30,2025-05-27,2025-05-28 18:00:00,0.03571428571428571,-0.011152777777777784,0.9
2025-05-29 00:00:00,weekly2,2025-02-01 00:00:00,2025-05-29 00:00:00,28,2025-05-01,2025-05-28,2025-05-29 00:00:00,0.03571428571428571,0.0,0.9
2025-05-29 06:00:00,weekly2,2025-02-01 00:00:00,2025-05-29 06:00:00,28,2025-05-01,2025-05-28,2025-05-29 06:00:00,0.03571428571428571,-0.002172222222222222,0.9
2025-05-29 12:00:00,weekly2,2025-02-01 00:00:00,2025-05-29 12:00:00,28,2025-05-01,2025-05-28,2025-05-29 12:00:00,0.03571428571428571,0.0421986111111111,0.9
2025-05-29 18:00:00,weekly2,2025-02-01 00:00:00,2025-05-29 18:00:00,28,2025-05-01,2025-05-28,2025-05-29 18:00:00,0.03571428571428571,-0.007347222222222224,0.9
2025-05-30 00:00:00,weekly2,2025-02-01 00:00:00,2025-05-30 00:00:00,28,2025-05-02,2025-05-29,2025-05-30 00:00:00,0.03571428571428571,0.0,0.9
2025-05-30 06:00:00,weekly2,2025-02-01 00:00:00,2025-05-30 06:00:00,28,2025-05-02,2025-05-29,2025-05-30 06:00:00,0.03571428571428571,0.0011916666666666634,0.9
2025-05-30 12:00:00,weekly2,2025-02-01 00:00:00,2025-05-30 12:00:00,28,2025-05-02,2025-05-29,2025-05-30 12:00:00,0.03571428571428571,0.0210486111111111,0.9
2025-05-30 18:00:00,weekly2,2025-02-01 00:00:00,2025-05-30 18:00:00,28,2025-05-02,2025-05-29,2025-05-30 18:00:00,0.03571428571428571,0.01966527777777778,0.9
2025-05-31 00:00:00,weekly2,2025-02-01 00:00:00,2025-05-31 00:00:00,28,2025-05-03,2025-05-30,2025-05-31 00:00:00,0.03571428571428571,0.0,0.9
2025-05-31 06:00:00,weekly2,2025-02-01 00:00:00,2025-05-31 06:00:00,28,2025-05-03,2025-05-30,2025-05-31 06:00:00,0.03571428571428571,-0.010088888888888892,0.9
2025-05-31 12:00:00,weekly2,2025-02-01 00:00:00,2025-05-31 12:00:00,28,2025-05-03,2025-05-30,2025-05-31 12:00:00,0.03571428571428571,0.02508333333333334,0.9
2025-05-31 18:00:00,weekly2,2025-02-01 00:00:00,2025-05-31 18:00:00,28,2025-05-03,2025-05-30,2025-05-31 18:00:00,0.03571428571428571,0.009656944444444442,0.9
2025-06-01 00:00:00,weekly2,2025-02-01 00:00:00,2025-06-01 00:00:00,28,2025-05-04,2025-05-31,2025-06-01 00:00:00,0.03571428571428571,0.0,0.9
2025-06-01 06:00:00,weekly2,2025-02-01 00:00:00,2025-06-01 06:00:00,28,2025-05-04,2025-05-31,2025-06-01 06:00:00,0.03571428571428571,0.03374583333333333,0.9
2025-06-01 12:00:00,weekly2,2025-02-01 00:00:00,2025-06-01 12:00:00,28,2025-05-04,2025-05-31,2025-06-01 12:00:00,0.03571428571428571,0.10404861111111113,0.9
2025-06-01 18:00:00,weekly2,2025-02-01 00:00:00,2025-06-01 18:00:00,28,2025-05-04,2025-05-31,2025-06-01 18:00:00,0.03571428571428571,0.10290833333333332,0.9
2025-06-02 00:00:00,weekly2,2025-02-01 00:00:00,2025-06-02 00:00:00,28,2025-05-05,2025-06-01,2025-06-02 00:00:00,0.03571428571428571,0.0,0.9
2025-06-02 06:00:00,weekly2,2025-02-01 00:00:00,2025-06-02 06:00:00,28,2025-05-05,2025-06-01,2025-06-02 06:00:00,0.03571428571428571,0.022172222222222215,0.9
2025-06-02 12:00:00,weekly2,2025-02-01 00:00:00,2025-06-02 12:00:00,28,2025-05-05,2025-06-01,2025-06-02 12:00:00,0.03571428571428571,0.036059722222222215,0.9
2025-06-02 18:00:00,weekly2,2025-02-01 00:00:00,2025-06-02 18:00:00,28,2025-05-05,2025-06-01,2025-06-02 18:00:00,0.03571428571428571,0.16052777777777777,0.9
2025-06-03 00:00:00,weekly2,2025-02-01 00:00:00,2025-06-03 00:00:00,28,2025-05-06,2025-06-02,2025-06-03 00:00:00,0.03571428571428571,0.0,0.9
2025-06-03 06:00:00,weekly2,2025-02-01 00:00:00,2025-06-03 06:00:00,28,2025-05-06,2025-06-02,2025-06-03 06:00:00,0.03571428571428571,0.030783333333333336,0.9
2025-06-03 12:00:00,weekly2,2025-02-01 00:00:00,2025-06-03 12:00:00,28,2025-05-06,2025-06-02,2025-06-03 12:00:00,0.03571428571428571,0.07397638888888888,0.9
2025-06-03 18:00:00,weekly2,2025-02-01 00:00:00,2025-06-03 18:00:00,28,2025-05-06,2025-06-02,2025-06-03 18:00:00,0.03571428571428571,0.06599722222222222,0.9
2025-06-04 00:00:00,weekly2,2025-02-01 00:00:00,2025-06-04 00:00:00,28,2025-05-07,2025-06-03,2025-06-04 00:00:00,0.03571428571428571,0.0,0.9
2025-06-04 06:00:00,weekly2,2025-02-01 00:00:00,2025-06-04 06:00:00,28,2025-05-07,2025-06-03,2025-06-04 06:00:00,0.03571428571428571,0.03672777777777777,0.9
2025-06-04 12:00:00,weekly2,2025-02-01 00:00:00,2025-06-04 12:00:00,28,2025-05-07,2025-06-03,2025-06-04 12:00:00,0.03571428571428571,0.04244861111111109,0.9
2025-06-04 18:00:00,weekly2,2025-02-01 00:00:00,2025-06-04 18:00:00,28,2025-05-07,2025-06-03,2025-06-04 18:00:00,0.03571428571428571,0.1219291666666667,0.9
2025-06-05 00:00:00,weekly2,2025-02-01 00:00:00,2025-06-05 00:00:00,28,2025-05-08,2025-06-04,2025-06-05 00:00:00,0.03571428571428571,0.0,0.9
2025-06-05 06:00:00,weekly2,2025-02-01 00:00:00,2025-06-05 06:00:00,28,2025-05-08,2025-06-04,2025-06-05 06:00:00,0.03571428571428571,0.03214027777777778,0.9
2025-06-05 12:00:00,weekly2,2025-02-01 00:00:00,2025-06-05 12:00:00,28,2025-05-08,2025-06-04,2025-06-05 12:00:00,0.03571428571428571,0.060884722222222215,0.9
2025-06-05 18:00:00,weekly2,2025-02-01 00:00:00,2025-06-05 18:00:00,28,2025-05-08,2025-06-04,2025-06-05 18:00:00,0.03571428571428571,0.1255763888888889,0.9
2025-06-06 00:00:00,weekly2,2025-02-01 00:00:00,2025-06-06 00:00:00,28,2025-05-09,2025-06-05,2025-06-06 00:00:00,0.03571428571428571,0.0,0.9
2025-06-06 06:00:00,weekly2,2025-02-01 00:00:00,2025-06-06 06:00:00,28,2025-05-09,2025-06-05,2025-06-06 06:00:00,0.03571428571428571,0.02605416666666667,0.9
2025-06-06 12:00:00,weekly2,2025-02-01 00:00:00,2025-06-06 12:00:00,28,2025-05-09,2025-06-05,2025-06-06 12:00:00,0.03571428571428571,0.09921944444444444,0.9
2025-06-06 18:00:00,weekly2,2025-02-01 00:00:00,2025-06-06 18:00:00,28,2025-05-09,2025-06-05,2025-06-06 18:00:00,0.03571428571428571,0.16738055555555556,0.9
2025-06-07 00:00:00,weekly2,2025-02-01 00:00:00,2025-06-07 00:00:00,28,2025-05-10,2025-06-06,2025-06-07 00:00:00,0.03571428571428571,0.0,0.9
2025-06-07 06:00:00,weekly2,2025-02-01 00:00:00,2025-06-07 06:00:00,28,2025-05-10,2025-06-06,2025-06-07 06:00:00,0.03571428571428571,0.028184722222222236,0.9
2025-06-07 12:00:00,weekly2,2025-02-01 00:00:00,2025-06-07 12:00:00,28,2025-05-10,2025-06-06,2025-06-07 12:00:00,0.03571428571428571,0.11128055555555555,0.9
2025-06-07 18:00:00,weekly2,2025-02-01 00:00:00,2025-06-07 18:00:00,28,2025-05-10,2025-06-06,2025-06-07 18:00:00,0.03571428571428571,0.1532111111111111,0.9
2025-06-08 00:00:00,weekly2,2025-02-01 00:00:00,2025-06-08 00:00:00,28,2025-05-11,2025-06-07,2025-06-08 00:00:00,0.03571428571428571,0.0,0.9
2025-06-08 06:00:00,weekly2,2025-02-01 00:00:00,2025-06-08 06:00:00,28,2025-05-11,2025-06-07,2025-06-08 06:00:00,0.03571428571428571,0.00424305555555556,0.9
2025-06-08 12:00:00,weekly2,2025-02-01 00:00:00,2025-06-08 12:00:00,28,2025-05-11,2025-06-07,2025-06-08 12:00:00,0.03571428571428571,-0.011979166666666647,0.9
2025-06-08 18:00:00,weekly2,2025-02-01 00:00:00,2025-06-08 18:00:00,28,2025-05-11,2025-06-07,2025-06-08 18:00:00,0.03571428571428571,0.05301805555555556,0.9
2025-06-09 00:00:00,weekly2,2025-02-01 00:00:00,2025-06-09 00:00:00,28,2025-05-12,2025-06-08,2025-06-09 00:00:00,0.03571428571428571,0.0,0.9
2025-06-09 06:00:00,weekly2,2025-02-01 00:00:00,2025-06-09 06:00:00,28,2025-05-12,2025-06-08,2025-06-09 06:00:00,0.03571428571428571,0.021840277777777778,0.9
2025-06-09 12:00:00,weekly2,2025-02-01 00:00:00,2025-06-09 12:00:00,28,2025-05-12,2025-06-08,2025-06-09 12:00:00,0.03571428571428571,0.03609166666666665,0.9
2025-06-09 18:00:00,weekly2,2025-02-01 00:00:00,2025-06-09 18:00:00,28,2025-05-12,2025-06-08,2025-06-09 18:00:00,0.03571428571428571,0.06484583333333332,0.9
2025-06-10 00:00:00,weekly2,2025-02-01 00:00:00,2025-06-10 00:00:00,28,2025-05-13,2025-06-09,2025-06-10 00:00:00,0.03571428571428571,0.0,0.9
2025-06-10 06:00:00,weekly2,2025-02-01 00:00:00,2025-06-10 06:00:00,28,2025-05-13,2025-06-09,2025-06-10 06:00:00,0.03571428571428571,0.0129375,0.9
2025-06-10 12:00:00,weekly2,2025-02-01 00:00:00,2025-06-10 12:00:00,28,2025-05-13,2025-06-09,2025-06-10 12:00:00,0.03571428571428571,0.03860833333333333,0.9
2025-06-10 18:00:00,weekly2,2025-02-01 00:00:00,2025-06-10 18:00:00,28,2025-05-13,2025-06-09,2025-06-10 18:00:00,0.03571428571428571,0.09685833333333332,0.9
2025-06-11 00:00:00,weekly2,2025-02-01 00:00:00,2025-06-11 00:00:00,28,2025-05-14,2025-06-10,2025-06-11 00:00:00,0.03571428571428571,0.0,0.9
2025-06-11 06:00:00,weekly2,2025-02-01 00:00:00,2025-06-11 06:00:00,28,2025-05-14,2025-06-10,2025-06-11 06:00:00,0.03571428571428571,0.004745833333333332,0.9
2025-06-11 12:00:00,weekly2,2025-02-01 00:00:00,2025-06-11 12:00:00,28,2025-05-14,2025-06-10,2025-06-11 12:00:00,0.03571428571428571,0.07103194444444445,0.9
2025-06-11 18:00:00,weekly2,2025-02-01 00:00:00,2025-06-11 18:00:00,28,2025-05-14,2025-06-10,2025-06-11 18:00:00,0.03571428571428571,0.10064444444444445,0.9
2025-06-12 00:00:00,weekly2,2025-02-01 00:00:00,2025-06-12 00:00:00,28,2025-05-15,2025-06-11,2025-06-12 00:00:00,0.03571428571428571,0.0,0.9
2025-06-12 06:00:00,weekly2,2025-02-01 00:00:00,2025-06-12 06:00:00,28,2025-05-15,2025-06-11,2025-06-12 06:00:00,0.03571428571428571,0.008972222222222218,0.9
2025-06-12 12:00:00,weekly2,2025-02-01 00:00:00,2025-06-12 12:00:00,28,2025-05-15,2025-06-11,2025-06-12 12:00:00,0.03571428571428571,0.0038222222222222177,0.9
2025-06-12 18:00:00,weekly2,2025-02-01 00:00:00,2025-06-12 18:00:00,28,2025-05-15,2025-06-11,2025-06-12 18:00:00,0.03571428571428571,0.08446944444444443,0.9
2025-06-13 00:00:00,weekly2,2025-02-01 00:00:00,2025-06-13 00:00:00,28,2025-05-16,2025-06-12,2025-06-13 00:00:00,0.03571428571428571,0.0,0.9
2025-06-13 06:00:00,weekly2,2025-02-01 00:00:00,2025-06-13 06:00:00,28,2025-05-16,2025-06-12,2025-06-13 06:00:00,0.03571428571428571,0.005576388888888893,0.9
2025-06-13 12:00:00,weekly2,2025-02-01 00:00:00,2025-06-13 12:00:00,28,2025-05-16,2025-06-12,2025-06-13 12:00:00,0.03571428571428571,0.08465833333333332,0.9
2025-06-13 18:00:00,weekly2,2025-02-01 00:00:00,2025-06-13 18:00:00,28,2025-05-16,2025-06-12,2025-06-13 18:00:00,0.03571428571428571,0.016491666666666665,0.9
2025-06-14 00:00:00,weekly2,2025-02-01 00:00:00,2025-06-14 00:00:00,28,2025-05-17,2025-06-13,2025-06-14 00:00:00,0.03571428571428571,0.0,0.9
2025-06-14 06:00:00,weekly2,2025-02-01 00:00:00,2025-06-14 06:00:00,28,2025-05-17,2025-06-13,2025-06-14 06:00:00,0.03571428571428571,0.012686111111111112,0.9
2025-06-14 12:00:00,weekly2,2025-02-01 00:00:00,2025-06-14 12:00:00,28,2025-05-17,2025-06-13,2025-06-14 12:00:00,0.03571428571428571,0.0050763888888888924,0.9
2025-06-14 18:00:00,weekly2,2025-02-01 00:00:00,2025-06-14 18:00:00,28,2025-05-17,2025-06-13,2025-06-14 18:00:00,0.03571428571428571,0.0515972222222222,0.9
2025-06-15 00:00:00,weekly2,2025-02-01 00:00:00,2025-06-15 00:00:00,28,2025-05-18,2025-06-14,2025-06-15 00:00:00,0.03571428571428571,0.0,0.9
2025-06-15 06:00:00,weekly2,2025-02-01 00:00:00,2025-06-15 06:00:00,28,2025-05-18,2025-06-14,2025-06-15 06:00:00,0.03571428571428571,-0.007108333333333335,0.9
2025-06-15 12:00:00,weekly2,2025-02-01 00:00:00,2025-06-15 12:00:00,28,2025-05-18,2025-06-14,2025-06-15 12:00:00,0.03571428571428571,0.02183333333333332,0.9
2025-06-15 18:00:00,weekly2,2025-02-01 00:00:00,2025-06-15 18:00:00,28,2025-05-18,2025-06-14,2025-06-15 18:00:00,0.03571428571428571,0.027258333333333343,0.9
2025-06-16 00:00:00,weekly2,2025-02-01 00:00:00,2025-06-16 00:00:00,28,2025-05-19,2025-06-15,2025-06-16 00:00:00,0.03571428571428571,0.0,0.9
2025-06-16 06:00:00,weekly2,2025-02-01 00:00:00,2025-06-16 06:00:00,28,2025-05-19,2025-06-15,2025-06-16 06:00:00,0.03571428571428571,-0.0009694444444444533,0.9
2025-06-16 12:00:00,weekly2,2025-02-01 00:00:00,2025-06-16 12:00:00,28,2025-05-19,2025-06-15,2025-06-16 12:00:00,0.03571428571428571,0.028111111111111125,0.9
2025-06-16 18:00:00,weekly2,2025-02-01 00:00:00,2025-06-16 18:00:00,28,2025-05-19,2025-06-15,2025-06-16 18:00:00,0.03571428571428571,0.0057055555555555505,0.9
2025-06-17 00:00:00,weekly2,2025-02-01 00:00:00,2025-06-17 00:00:00,28,2025-05-20,2025-06-16,2025-06-17 00:00:00,0.03571428571428571,0.0,0.9
2025-06-17 06:00:00,weekly2,2025-02-01 00:00:00,2025-06-17 06:00:00,28,2025-05-20,2025-06-16,2025-06-17 06:00:00,0.03571428571428571,0.0004819444444444515,0.9
2025-06-17 12:00:00,weekly2,2025-02-01 00:00:00,2025-06-17 12:00:00,28,2025-05-20,2025-06-16,2025-06-17 12:00:00,0.03571428571428571,0.012523611111111091,0.9
2025-06-17 18:00:00,weekly2,2025-02-01 00:00:00,2025-06-17 18:00:00,28,2025-05-20,2025-06-16,2025-06-17 18:00:00,0.03571428571428571,0.05607777777777777,0.9
2025-06-18 00:00:00,weekly2,2025-02-01 00:00:00,2025-06-18 00:00:00,28,2025-05-21,2025-06-17,2025-06-18 00:00:00,0.03571428571428571,0.0,0.9
2025-06-18 06:00:00,weekly2,2025-02-01 00:00:00,2025-06-18 06:00:00,28,2025-05-21,2025-06-17,2025-06-18 06:00:00,0.03571428571428571,-0.011268055555555552,0.9
2025-06-18 12:00:00,weekly2,2025-02-01 00:00:00,2025-06-18 12:00:00,28,2025-05-21,2025-06-17,2025-06-18 12:00:00,0.03571428571428571,-0.005661111111111101,0.9
2025-06-18 18:00:00,weekly2,2025-02-01 00:00:00,2025-06-18 18:00:00,28,2025-05-21,2025-06-17,2025-06-18 18:00:00,0.03571428571428571,0.011580555555555542,0.9
2025-06-19 00:00:00,weekly2,2025-02-01 00:00:00,2025-06-19 00:00:00,28,2025-05-22,2025-06-18,2025-06-19 00:00:00,0.03571428571428571,0.0,0.9
2025-06-19 06:00:00,weekly2,2025-02-01 00:00:00,2025-06-19 06:00:00,28,2025-05-22,2025-06-18,2025-06-19 06:00:00,0.03571428571428571,-0.0006958333333333415,0.9
2025-06-19 12:00:00,weekly2,2025-02-01 00:00:00,2025-06-19 12:00:00,28,2025-05-22,2025-06-18,2025-06-19 12:00:00,0.03571428571428571,-0.004651388888888909,0.9
2025-06-19 18:00:00,weekly2,2025-02-01 00:00:00,2025-06-19 18:00:00,28,2025-05-22,2025-06-18,2025-06-19 18:00:00,0.03571428571428571,-0.04205555555555554,0.9
2025-06-20 00:00:00,weekly2,2025-02-01 00:00:00,2025-06-20 00:00:00,28,2025-05-23,2025-06-19,2025-06-20 00:00:00,0.03571428571428571,0.0,0.9
2025-06-20 06:00:00,weekly2,2025-02-01 00:00:00,2025-06-20 06:00:00,28,2025-05-23,2025-06-19,2025-06-20 06:00:00,0.03571428571428571,-0.006958333333333336,0.9
2025-06-20 12:00:00,weekly2,2025-02-01 00:00:00,2025-06-20 12:00:00,28,2025-05-23,2025-06-19,2025-06-20 12:00:00,0.03571428571428571,-0.043298611111111114,0.9
2025-06-20 18:00:00,weekly2,2025-02-01 00:00:00,2025-06-20 18:00:00,28,2025-05-23,2025-06-19,2025-06-20 18:00:00,0.03571428571428571,-0.03471666666666666,0.9
2025-06-21 00:00:00,weekly2,2025-02-01 00:00:00,2025-06-21 00:00:00,28,2025-05-24,2025-06-20,2025-06-21 00:00:00,0.03571428571428571,0.0,0.9
2025-06-21 06:00:00,weekly2,2025-02-01 00:00:00,2025-06-21 06:00:00,28,2025-05-24,2025-06-20,2025-06-21 06:00:00,0.03571428571428571,0.004979166666666658,0.9
2025-06-21 12:00:00,weekly2,2025-02-01 00:00:00,2025-06-21 12:00:00,28,2025-05-24,2025-06-20,2025-06-21 12:00:00,0.03571428571428571,-0.048588888888888876,0.9
2025-06-21 18:00:00,weekly2,2025-02-01 00:00:00,2025-06-21 18:00:00,28,2025-05-24,2025-06-20,2025-06-21 18:00:00,0.03571428571428571,-0.07027500000000002,0.9
2025-06-22 00:00:00,weekly2,2025-02-01 00:00:00,2025-06-22 00:00:00,28,2025-05-25,2025-06-21,2025-06-22 00:00:00,0.03571428571428571,0.0,0.9
2025-06-22 06:00:00,weekly2,2025-02-01 00:00:00,2025-06-22 06:00:00,28,2025-05-25,2025-06-21,2025-06-22 06:00:00,0.03571428571428571,-0.002908333333333332,0.9
2025-06-22 12:00:00,weekly2,2025-02-01 00:00:00,2025-06-22 12:00:00,28,2025-05-25,2025-06-21,2025-06-22 12:00:00,0.03571428571428571,-0.006619444444444452,0.9
2025-06-22 18:00:00,weekly2,2025-02-01 00:00:00,2025-06-22 18:00:00,28,2025-05-25,2025-06-21,2025-06-22 18:00:00,0.03571428571428571,0.012370833333333338,0.9
2025-06-23 00:00:00,weekly2,2025-02-01 00:00:00,2025-06-23 00:00:00,28,2025-05-26,2025-06-22,2025-06-23 00:00:00,0.03571428571428571,0.0,0.9
2025-06-23 06:00:00,weekly2,2025-02-01 00:00:00,2025-06-23 06:00:00,28,2025-05-26,2025-06-22,2025-06-23 06:00:00,0.03571428571428571,-0.013654166666666669,0.9
2025-06-23 12:00:00,weekly2,2025-02-01 00:00:00,2025-06-23 12:00:00,28,2025-05-26,2025-06-22,2025-06-23 12:00:00,0.03571428571428571,-0.03895000000000003,0.9
2025-06-23 18:00:00,weekly2,2025-02-01 00:00:00,2025-06-23 18:00:00,28,2025-05-26,2025-06-22,2025-06-23 18:00:00,0.03571428571428571,-0.01836805555555554,0.9
2025-06-24 00:00:00,weekly2,2025-02-01 00:00:00,2025-06-24 00:00:00,28,2025-05-27,2025-06-23,2025-06-24 00:00:00,0.03571428571428571,0.0,0.9
2025-06-24 06:00:00,weekly2,2025-02-01 00:00:00,2025-06-24 06:00:00,28,2025-05-27,2025-06-23,2025-06-24 06:00:00,0.03571428571428571,-0.0039013888888888818,0.9
2025-06-24 12:00:00,weekly2,2025-02-01 00:00:00,2025-06-24 12:00:00,28,2025-05-27,2025-06-23,2025-06-24 12:00:00,0.03571428571428571,0.053738888888888905,0.9
2025-06-24 18:00:00,weekly2,2025-02-01 00:00:00,2025-06-24 18:00:00,28,2025-05-27,2025-06-23,2025-06-24 18:00:00,0.03571428571428571,0.016031944444444432,0.9
2025-06-25 00:00:00,weekly2,2025-02-01 00:00:00,2025-06-25 00:00:00,28,2025-05-28,2025-06-24,2025-06-25 00:00:00,0.03571428571428571,0.0,0.9
2025-06-25 06:00:00,weekly2,2025-02-01 00:00:00,2025-06-25 06:00:00,28,2025-05-28,2025-06-24,2025-06-25 06:00:00,0.03571428571428571,-0.013536111111111115,0.9
2025-06-25 12:00:00,weekly2,2025-02-01 00:00:00,2025-06-25 12:00:00,28,2025-05-28,2025-06-24,2025-06-25 12:00:00,0.03571428571428571,0.007536111111111086,0.9
2025-06-25 18:00:00,weekly2,2025-02-01 00:00:00,2025-06-25 18:00:00,28,2025-05-28,2025-06-24,2025-06-25 18:00:00,0.03571428571428571,-0.03239444444444441,0.9
2025-06-26 00:00:00,weekly2,2025-02-01 00:00:00,2025-06-26 00:00:00,28,2025-05-29,2025-06-25,2025-06-26 00:00:00,0.03571428571428571,0.0,0.9
2025-06-26 06:00:00,weekly2,2025-02-01 00:00:00,2025-06-26 06:00:00,28,2025-05-29,2025-06-25,2025-06-26 06:00:00,0.03571428571428571,-0.0043763888888888785,0.9
2025-06-26 12:00:00,weekly2,2025-02-01 00:00:00,2025-06-26 12:00:00,28,2025-05-29,2025-06-25,2025-06-26 12:00:00,0.03571428571428571,0.01200555555555557,0.9
2025-06-26 18:00:00,weekly2,2025-02-01 00:00:00,2025-06-26 18:00:00,28,2025-05-29,2025-06-25,2025-06-26 18:00:00,0.03571428571428571,-0.04035416666666668,0.9
2025-06-27 00:00:00,weekly2,2025-02-01 00:00:00,2025-06-27 00:00:00,28,2025-05-30,2025-06-26,2025-06-27 00:00:00,0.03571428571428571,0.0,0.9
2025-06-27 06:00:00,weekly2,2025-02-01 00:00:00,2025-06-27 06:00:00,28,2025-05-30,2025-06-26,2025-06-27 06:00:00,0.03571428571428571,0.002241666666666665,0.9
2025-06-27 12:00:00,weekly2,2025-02-01 00:00:00,2025-06-27 12:00:00,28,2025-05-30,2025-06-26,2025-06-27 12:00:00,0.03571428571428571,-0.05399722222222221,0.9
2025-06-27 18:00:00,weekly2,2025-02-01 00:00:00,2025-06-27 18:00:00,28,2025-05-30,2025-06-26,2025-06-27 18:00:00,0.03571428571428571,-0.033513888888888906,0.9
2025-06-28 00:00:00,weekly2,2025-02-01 00:00:00,2025-06-28 00:00:00,28,2025-05-31,2025-06-27,2025-06-28 00:00:00,0.03571428571428571,0.0,0.9
2025-06-28 06:00:00,weekly2,2025-02-01 00:00:00,2025-06-28 06:00:00,28,2025-05-31,2025-06-27,2025-06-28 06:00:00,0.03571428571428571,-0.0017305555555555546,0.9
2025-06-28 12:00:00,weekly2,2025-02-01 00:00:00,2025-06-28 12:00:00,28,2025-05-31,2025-06-27,2025-06-28 12:00:00,0.03571428571428571,0.01065138888888888,0.9
2025-06-28 18:00:00,weekly2,2025-02-01 00:00:00,2025-06-28 18:00:00,28,2025-05-31,2025-06-27,2025-06-28 18:00:00,0.03571428571428571,-0.00035416666666666854,0.9
2025-06-29 00:00:00,weekly2,2025-02-01 00:00:00,2025-06-29 00:00:00,28,2025-06-01,2025-06-28,2025-06-29 00:00:00,0.03571428571428571,0.0,0.9
2025-06-29 06:00:00,weekly2,2025-02-01 00:00:00,2025-06-29 06:00:00,28,2025-06-01,2025-06-28,2025-06-29 06:00:00,0.03571428571428571,-0.0012819444444444512,0.9
2025-06-29 12:00:00,weekly2,2025-02-01 00:00:00,2025-06-29 12:00:00,28,2025-06-01,2025-06-28,2025-06-29 12:00:00,0.03571428571428571,0.017644444444444442,0.9
2025-06-29 18:00:00,weekly2,2025-02-01 00:00:00,2025-06-29 18:00:00,28,2025-06-01,2025-06-28,2025-06-29 18:00:00,0.03571428571428571,-0.014411111111111104,0.9
2025-06-30 00:00:00,weekly2,2025-02-01 00:00:00,2025-06-30 00:00:00,28,2025-06-02,2025-06-29,2025-06-30 00:00:00,0.03571428571428571,0.0,0.9
2025-06-30 06:00:00,weekly2,2025-02-01 00:00:00,2025-06-30 06:00:00,28,2025-06-02,2025-06-29,2025-06-30 06:00:00,0.03571428571428571,-0.005829166666666667,0.9
2025-06-30 12:00:00,weekly2,2025-02-01 00:00:00,2025-06-30 12:00:00,28,2025-06-02,2025-06-29,2025-06-30 12:00:00,0.03571428571428571,0.023574999999999974,0.9
2025-06-30 18:00:00,weekly2,2025-02-01 00:00:00,2025-06-30 18:00:00,28,2025-06-02,2025-06-29,2025-06-30 18:00:00,0.03571428571428571,-0.02411944444444444,0.9
2025-07-01 00:00:00,weekly2,2025-02-01 00:00:00,2025-07-01 00:00:00,28,2025-06-03,2025-06-30,2025-07-01 00:00:00,0.03571428571428571,0.0,0.9
2025-07-01 06:00:00,weekly2,2025-02-01 00:00:00,2025-07-01 06:00:00,28,2025-06-03,2025-06-30,2025-07-01 06:00:00,0.03571428571428571,0.0478875,0.9
2025-07-01 12:00:00,weekly2,2025-02-01 00:00:00,2025-07-01 12:00:00,28,2025-06-03,2025-06-30,2025-07-01 12:00:00,0.03571428571428571,0.03129444444444449,0.9
2025-07-01 18:00:00,weekly2,2025-02-01 00:00:00,2025-07-01 18:00:00,28,2025-06-03,2025-06-30,2025-07-01 18:00:00,0.03571428571428571,0.012336111111111108,0.9
2025-07-02 00:00:00,weekly2,2025-02-01 00:00:00,2025-07-02 00:00:00,28,2025-06-04,2025-07-01,2025-07-02 00:00:00,0.03571428571428571,0.0,0.9
2025-07-02 06:00:00,weekly2,2025-02-01 00:00:00,2025-07-02 06:00:00,28,2025-06-04,2025-07-01,2025-07-02 06:00:00,0.03571428571428571,0.07068194444444445,0.9
2025-07-02 12:00:00,weekly2,2025-02-01 00:00:00,2025-07-02 12:00:00,28,2025-06-04,2025-07-01,2025-07-02 12:00:00,0.03571428571428571,-0.005300000000000007,0.9
2025-07-02 18:00:00,weekly2,2025-02-01 00:00:00,2025-07-02 18:00:00,28,2025-06-04,2025-07-01,2025-07-02 18:00:00,0.03571428571428571,0.02521527777777777,0.9
2025-07-03 00:00:00,weekly2,2025-02-01 00:00:00,2025-07-03 00:00:00,28,2025-06-05,2025-07-02,2025-07-03 00:00:00,0.03571428571428571,0.0,0.9
2025-07-03 06:00:00,weekly2,2025-02-01 00:00:00,2025-07-03 06:00:00,28,2025-06-05,2025-07-02,2025-07-03 06:00:00,0.03571428571428571,0.057745833333333337,0.9
2025-07-03 12:00:00,weekly2,2025-02-01 00:00:00,2025-07-03 12:00:00,28,2025-06-05,2025-07-02,2025-07-03 12:00:00,0.03571428571428571,0.07353749999999998,0.9
2025-07-03 18:00:00,weekly2,2025-02-01 00:00:00,2025-07-03 18:00:00,28,2025-06-05,2025-07-02,2025-07-03 18:00:00,0.03571428571428571,0.10291805555555555,0.9
2025-07-04 00:00:00,weekly2,2025-02-01 00:00:00,2025-07-04 00:00:00,28,2025-06-06,2025-07-03,2025-07-04 00:00:00,0.03571428571428571,0.0,0.9
2025-07-04 06:00:00,weekly2,2025-02-01 00:00:00,2025-07-04 06:00:00,28,2025-06-06,2025-07-03,2025-07-04 06:00:00,0.03571428571428571,0.06945277777777777,0.9
2025-07-04 12:00:00,weekly2,2025-02-01 00:00:00,2025-07-04 12:00:00,28,2025-06-06,2025-07-03,2025-07-04 12:00:00,0.03571428571428571,0.027204166666666668,0.9
2025-07-04 18:00:00,weekly2,2025-02-01 00:00:00,2025-07-04 18:00:00,28,2025-06-06,2025-07-03,2025-07-04 18:00:00,0.03571428571428571,0.06519583333333333,0.9
2025-07-05 00:00:00,weekly2,2025-02-01 00:00:00,2025-07-05 00:00:00,28,2025-06-07,2025-07-04,2025-07-05 00:00:00,0.03571428571428571,0.0,0.9
2025-07-05 06:00:00,weekly2,2025-02-01 00:00:00,2025-07-05 06:00:00,28,2025-06-07,2025-07-04,2025-07-05 06:00:00,0.03571428571428571,0.05096805555555555,0.9
2025-07-05 12:00:00,weekly2,2025-02-01 00:00:00,2025-07-05 12:00:00,28,2025-06-07,2025-07-04,2025-07-05 12:00:00,0.03571428571428571,0.027090277777777783,0.9
2025-07-05 18:00:00,weekly2,2025-02-01 00:00:00,2025-07-05 18:00:00,28,2025-06-07,2025-07-04,2025-07-05 18:00:00,0.03571428571428571,0.07107777777777775,0.9
2025-07-06 00:00:00,weekly2,2025-02-01 00:00:00,2025-07-06 00:00:00,28,2025-06-08,2025-07-05,2025-07-06 00:00:00,0.03571428571428571,0.0,0.9
2025-07-06 06:00:00,weekly2,2025-02-01 00:00:00,2025-07-06 06:00:00,28,2025-06-08,2025-07-05,2025-07-06 06:00:00,0.03571428571428571,0.06024722222222223,0.9
2025-07-06 12:00:00,weekly2,2025-02-01 00:00:00,2025-07-06 12:00:00,28,2025-06-08,2025-07-05,2025-07-06 12:00:00,0.03571428571428571,0.05737499999999998,0.9
2025-07-06 18:00:00,weekly2,2025-02-01 00:00:00,2025-07-06 18:00:00,28,2025-06-08,2025-07-05,2025-07-06 18:00:00,0.03571428571428571,0.08798194444444443,0.9
2025-07-07 00:00:00,weekly2,2025-02-01 00:00:00,2025-07-07 00:00:00,28,2025-06-09,2025-07-06,2025-07-07 00:00:00,0.03571428571428571,0.0,0.9
2025-07-07 06:00:00,weekly2,2025-02-01 00:00:00,2025-07-07 06:00:00,28,2025-06-09,2025-07-06,2025-07-07 06:00:00,0.03571428571428571,0.06639722222222222,0.9
2025-07-07 12:00:00,weekly2,2025-02-01 00:00:00,2025-07-07 12:00:00,28,2025-06-09,2025-07-06,2025-07-07 12:00:00,0.03571428571428571,0.02981805555555555,0.9
2025-07-07 18:00:00,weekly2,2025-02-01 00:00:00,2025-07-07 18:00:00,28,2025-06-09,2025-07-06,2025-07-07 18:00:00,0.03571428571428571,0.04344722222222222,0.9
2025-07-08 00:00:00,weekly2,2025-02-01 00:00:00,2025-07-08 00:00:00,28,2025-06-10,2025-07-07,2025-07-08 00:00:00,0.03571428571428571,0.0,0.9
2025-07-08 06:00:00,weekly2,2025-02-01 00:00:00,2025-07-08 06:00:00,28,2025-06-10,2025-07-07,2025-07-08 06:00:00,0.03571428571428571,0.029609722222222207,0.9
2025-07-08 12:00:00,weekly2,2025-02-01 00:00:00,2025-07-08 12:00:00,28,2025-06-10,2025-07-07,2025-07-08 12:00:00,0.03571428571428571,-0.028497222222222212,0.9
2025-07-08 18:00:00,weekly2,2025-02-01 00:00:00,2025-07-08 18:00:00,28,2025-06-10,2025-07-07,2025-07-08 18:00:00,0.03571428571428571,-0.0050972222222222035,0.9
2025-07-09 00:00:00,weekly2,2025-02-01 00:00:00,2025-07-09 00:00:00,28,2025-06-11,2025-07-08,2025-07-09 00:00:00,0.03571428571428571,0.0,0.9
2025-07-09 06:00:00,weekly2,2025-02-01 00:00:00,2025-07-09 06:00:00,28,2025-06-11,2025-07-08,2025-07-09 06:00:00,0.03571428571428571,0.034166666666666665,0.9
2025-07-09 12:00:00,weekly2,2025-02-01 00:00:00,2025-07-09 12:00:00,28,2025-06-11,2025-07-08,2025-07-09 12:00:00,0.03571428571428571,-0.009073611111111102,0.9
2025-07-09 18:00:00,weekly2,2025-02-01 00:00:00,2025-07-09 18:00:00,28,2025-06-11,2025-07-08,2025-07-09 18:00:00,0.03571428571428571,0.029718055555555553,0.9
2025-07-10 00:00:00,weekly2,2025-02-01 00:00:00,2025-07-10 00:00:00,28,2025-06-12,2025-07-09,2025-07-10 00:00:00,0.03571428571428571,0.0,0.9
2025-07-10 06:00:00,weekly2,2025-02-01 00:00:00,2025-07-10 06:00:00,28,2025-06-12,2025-07-09,2025-07-10 06:00:00,0.03571428571428571,0.037030555555555546,0.9
2025-07-10 12:00:00,weekly2,2025-02-01 00:00:00,2025-07-10 12:00:00,28,2025-06-12,2025-07-09,2025-07-10 12:00:00,0.03571428571428571,-0.03280000000000002,0.9
2025-07-10 18:00:00,weekly2,2025-02-01 00:00:00,2025-07-10 18:00:00,28,2025-06-12,2025-07-09,2025-07-10 18:00:00,0.03571428571428571,0.021034722222222205,0.9
2025-07-11 00:00:00,weekly2,2025-02-01 00:00:00,2025-07-11 00:00:00,28,2025-06-13,2025-07-10,2025-07-11 00:00:00,0.03571428571428571,0.0,0.9
2025-07-11 06:00:00,weekly2,2025-02-01 00:00:00,2025-07-11 06:00:00,28,2025-06-13,2025-07-10,2025-07-11 06:00:00,0.03571428571428571,0.02777222222222223,0.9
2025-07-11 12:00:00,weekly2,2025-02-01 00:00:00,2025-07-11 12:00:00,28,2025-06-13,2025-07-10,2025-07-11 12:00:00,0.03571428571428571,0.08975138888888888,0.9
2025-07-11 18:00:00,weekly2,2025-02-01 00:00:00,2025-07-11 18:00:00,28,2025-06-13,2025-07-10,2025-07-11 18:00:00,0.03571428571428571,0.03352777777777778,0.9
2025-07-12 00:00:00,weekly2,2025-02-01 00:00:00,2025-07-12 00:00:00,28,2025-06-14,2025-07-11,2025-07-12 00:00:00,0.03571428571428571,0.0,0.9
2025-07-12 06:00:00,weekly2,2025-02-01 00:00:00,2025-07-12 06:00:00,28,2025-06-14,2025-07-11,2025-07-12 06:00:00,0.03571428571428571,0.015605555555555551,0.9
2025-07-12 12:00:00,weekly2,2025-02-01 00:00:00,2025-07-12 12:00:00,28,2025-06-14,2025-07-11,2025-07-12 12:00:00,0.03571428571428571,0.039840277777777766,0.9
2025-07-12 18:00:00,weekly2,2025-02-01 00:00:00,2025-07-12 18:00:00,28,2025-06-14,2025-07-11,2025-07-12 18:00:00,0.03571428571428571,0.026700000000000022,0.9
2025-07-13 00:00:00,weekly2,2025-02-01 00:00:00,2025-07-13 00:00:00,28,2025-06-15,2025-07-12,2025-07-13 00:00:00,0.03571428571428571,0.0,0.9
2025-07-13 06:00:00,weekly2,2025-02-01 00:00:00,2025-07-13 06:00:00,28,2025-06-15,2025-07-12,2025-07-13 06:00:00,0.03571428571428571,0.021736111111111112,0.9
2025-07-13 12:00:00,weekly2,2025-02-01 00:00:00,2025-07-13 12:00:00,28,2025-06-15,2025-07-12,2025-07-13 12:00:00,0.03571428571428571,-0.02074027777777777,0.9
2025-07-13 18:00:00,weekly2,2025-02-01 00:00:00,2025-07-13 18:00:00,28,2025-06-15,2025-07-12,2025-07-13 18:00:00,0.03571428571428571,-0.06040138888888887,0.9
2025-07-14 00:00:00,weekly2,2025-02-01 00:00:00,2025-07-14 00:00:00,28,2025-06-16,2025-07-13,2025-07-14 00:00:00,0.03571428571428571,0.0,0.9
2025-07-14 06:00:00,weekly2,2025-02-01 00:00:00,2025-07-14 06:00:00,28,2025-06-16,2025-07-13,2025-07-14 06:00:00,0.03571428571428571,0.022575000000000008,0.9
2025-07-14 12:00:00,weekly2,2025-02-01 00:00:00,2025-07-14 12:00:00,28,2025-06-16,2025-07-13,2025-07-14 12:00:00,0.03571428571428571,0.003516666666666668,0.9
2025-07-14 18:00:00,weekly2,2025-02-01 00:00:00,2025-07-14 18:00:00,28,2025-06-16,2025-07-13,2025-07-14 18:00:00,0.03571428571428571,0.003422222222222223,0.9
2025-07-15 00:00:00,weekly2,2025-02-01 00:00:00,2025-07-15 00:00:00,28,2025-06-17,2025-07-14,2025-07-15 00:00:00,0.03571428571428571,0.0,0.9
2025-07-15 06:00:00,weekly2,2025-02-01 00:00:00,2025-07-15 06:00:00,28,2025-06-17,2025-07-14,2025-07-15 06:00:00,0.03571428571428571,-0.011426388888888903,0.9
2025-07-15 12:00:00,weekly2,2025-02-01 00:00:00,2025-07-15 12:00:00,28,2025-06-17,2025-07-14,2025-07-15 12:00:00,0.03571428571428571,-0.04300972222222223,0.9
2025-07-15 18:00:00,weekly2,2025-02-01 00:00:00,2025-07-15 18:00:00,28,2025-06-17,2025-07-14,2025-07-15 18:00:00,0.03571428571428571,0.0004875000000000018,0.9
2025-07-16 00:00:00,weekly2,2025-02-01 00:00:00,2025-07-16 00:00:00,28,2025-06-18,2025-07-15,2025-07-16 00:00:00,0.03571428571428571,0.0,0.9
2025-07-16 06:00:00,weekly2,2025-02-01 00:00:00,2025-07-16 06:00:00,28,2025-06-18,2025-07-15,2025-07-16 06:00:00,0.03571428571428571,-0.00884166666666667,0.9
2025-07-16 12:00:00,weekly2,2025-02-01 00:00:00,2025-07-16 12:00:00,28,2025-06-18,2025-07-15,2025-07-16 12:00:00,0.03571428571428571,-0.009975000000000008,0.9
2025-07-16 18:00:00,weekly2,2025-02-01 00:00:00,2025-07-16 18:00:00,28,2025-06-18,2025-07-15,2025-07-16 18:00:00,0.03571428571428571,0.012441666666666674,0.9
2025-07-17 00:00:00,weekly2,2025-02-01 00:00:00,2025-07-17 00:00:00,28,2025-06-19,2025-07-16,2025-07-17 00:00:00,0.03571428571428571,0.0,0.9
2025-07-17 06:00:00,weekly2,2025-02-01 00:00:00,2025-07-17 06:00:00,28,2025-06-19,2025-07-16,2025-07-17 06:00:00,0.03571428571428571,-0.0028569444444444445,0.9
2025-07-17 12:00:00,weekly2,2025-02-01 00:00:00,2025-07-17 12:00:00,28,2025-06-19,2025-07-16,2025-07-17 12:00:00,0.03571428571428571,-0.02209305555555555,0.9
2025-07-17 18:00:00,weekly2,2025-02-01 00:00:00,2025-07-17 18:00:00,28,2025-06-19,2025-07-16,2025-07-17 18:00:00,0.03571428571428571,-0.029338888888888907,0.9
2025-07-18 00:00:00,weekly2,2025-02-01 00:00:00,2025-07-18 00:00:00,28,2025-06-20,2025-07-17,2025-07-18 00:00:00,0.03571428571428571,0.0,0.9
2025-07-18 06:00:00,weekly2,2025-02-01 00:00:00,2025-07-18 06:00:00,28,2025-06-20,2025-07-17,2025-07-18 06:00:00,0.03571428571428571,-0.024418055555555544,0.9
2025-07-18 12:00:00,weekly2,2025-02-01 00:00:00,2025-07-18 12:00:00,28,2025-06-20,2025-07-17,2025-07-18 12:00:00,0.03571428571428571,0.0105,0.9
2025-07-18 18:00:00,weekly2,2025-02-01 00:00:00,2025-07-18 18:00:00,28,2025-06-20,2025-07-17,2025-07-18 18:00:00,0.03571428571428571,0.006570833333333325,0.9
2025-07-19 00:00:00,weekly2,2025-02-01 00:00:00,2025-07-19 00:00:00,28,2025-06-21,2025-07-18,2025-07-19 00:00:00,0.03571428571428571,0.0,0.9
2025-07-19 06:00:00,weekly2,2025-02-01 00:00:00,2025-07-19 06:00:00,28,2025-06-21,2025-07-18,2025-07-19 06:00:00,0.03571428571428571,-0.0014597222222222312,0.9
2025-07-19 12:00:00,weekly2,2025-02-01 00:00:00,2025-07-19 12:00:00,28,2025-06-21,2025-07-18,2025-07-19 12:00:00,0.03571428571428571,-0.009456944444444447,0.9
2025-07-19 18:00:00,weekly2,2025-02-01 00:00:00,2025-07-19 18:00:00,28,2025-06-21,2025-07-18,2025-07-19 18:00:00,0.03571428571428571,-0.031058333333333323,0.9
2025-07-20 00:00:00,weekly2,2025-02-01 00:00:00,2025-07-20 00:00:00,28,2025-06-22,2025-07-19,2025-07-20 00:00:00,0.03571428571428571,0.0,0.9
2025-07-20 06:00:00,weekly2,2025-02-01 00:00:00,2025-07-20 06:00:00,28,2025-06-22,2025-07-19,2025-07-20 06:00:00,0.03571428571428571,-0.0025777777777777917,0.9
2025-07-20 12:00:00,weekly2,2025-02-01 00:00:00,2025-07-20 12:00:00,28,2025-06-22,2025-07-19,2025-07-20 12:00:00,0.03571428571428571,-0.0014722222222222205,0.9
2025-07-20 18:00:00,weekly2,2025-02-01 00:00:00,2025-07-20 18:00:00,28,2025-06-22,2025-07-19,2025-07-20 18:00:00,0.03571428571428571,-0.025612500000000017,0.9
2025-07-21 00:00:00,weekly2,2025-02-01 00:00:00,2025-07-21 00:00:00,28,2025-06-23,2025-07-20,2025-07-21 00:00:00,0.03571428571428571,0.0,0.9
2025-07-21 06:00:00,weekly2,2025-02-01 00:00:00,2025-07-21 06:00:00,28,2025-06-23,2025-07-20,2025-07-21 06:00:00,0.03571428571428571,0.0017736111111111147,0.9
2025-07-21 12:00:00,weekly2,2025-02-01 00:00:00,2025-07-21 12:00:00,28,2025-06-23,2025-07-20,2025-07-21 12:00:00,0.03571428571428571,-0.0049000000000000155,0.9
2025-07-21 18:00:00,weekly2,2025-02-01 00:00:00,2025-07-21 18:00:00,28,2025-06-23,2025-07-20,2025-07-21 18:00:00,0.03571428571428571,0.022294444444444457,0.9
2025-07-22 00:00:00,weekly2,2025-02-01 00:00:00,2025-07-22 00:00:00,28,2025-06-24,2025-07-21,2025-07-22 00:00:00,0.03571428571428571,0.0,0.9
2025-07-22 06:00:00,weekly2,2025-02-01 00:00:00,2025-07-22 06:00:00,28,2025-06-24,2025-07-21,2025-07-22 06:00:00,0.03571428571428571,0.004506944444444446,0.9
2025-07-22 12:00:00,weekly2,2025-02-01 00:00:00,2025-07-22 12:00:00,28,2025-06-24,2025-07-21,2025-07-22 12:00:00,0.03571428571428571,-0.0079625,0.9
2025-07-22 18:00:00,weekly2,2025-02-01 00:00:00,2025-07-22 18:00:00,28,2025-06-24,2025-07-21,2025-07-22 18:00:00,0.03571428571428571,-0.010565277777777786,0.9
2025-07-23 00:00:00,weekly2,2025-02-01 00:00:00,2025-07-23 00:00:00,28,2025-06-25,2025-07-22,2025-07-23 00:00:00,0.03571428571428571,0.0,0.9
2025-07-23 06:00:00,weekly2,2025-02-01 00:00:00,2025-07-23 06:00:00,28,2025-06-25,2025-07-22,2025-07-23 06:00:00,0.03571428571428571,-0.00381111111111112,0.9
2025-07-23 12:00:00,weekly2,2025-02-01 00:00:00,2025-07-23 12:00:00,28,2025-06-25,2025-07-22,2025-07-23 12:00:00,0.03571428571428571,0.025508333333333286,0.9
2025-07-23 18:00:00,weekly2,2025-02-01 00:00:00,2025-07-23 18:00:00,28,2025-06-25,2025-07-22,2025-07-23 18:00:00,0.03571428571428571,-0.01286805555555556,0.9
2025-07-24 00:00:00,weekly2,2025-02-01 00:00:00,2025-07-24 00:00:00,28,2025-06-26,2025-07-23,2025-07-24 00:00:00,0.03571428571428571,0.0,0.9
2025-07-24 06:00:00,weekly2,2025-02-01 00:00:00,2025-07-24 06:00:00,28,2025-06-26,2025-07-23,2025-07-24 06:00:00,0.03571428571428571,-0.0031444444444444575,0.9
2025-07-24 12:00:00,weekly2,2025-02-01 00:00:00,2025-07-24 12:00:00,28,2025-06-26,2025-07-23,2025-07-24 12:00:00,0.03571428571428571,-0.013076388888888882,0.9
2025-07-24 18:00:00,weekly2,2025-02-01 00:00:00,2025-07-24 18:00:00,28,2025-06-26,2025-07-23,2025-07-24 18:00:00,0.03571428571428571,0.03126944444444445,0.9
2025-07-25 00:00:00,weekly2,2025-02-01 00:00:00,2025-07-25 00:00:00,28,2025-06-27,2025-07-24,2025-07-25 00:00:00,0.03571428571428571,0.0,0.9
2025-07-25 06:00:00,weekly2,2025-02-01 00:00:00,2025-07-25 06:00:00,28,2025-06-27,2025-07-24,2025-07-25 06:00:00,0.03571428571428571,-0.010554166666666663,0.9
2025-07-25 12:00:00,weekly2,2025-02-01 00:00:00,2025-07-25 12:00:00,28,2025-06-27,2025-07-24,2025-07-25 12:00:00,0.03571428571428571,-0.048069444444444435,0.9
2025-07-25 18:00:00,weekly2,2025-02-01 00:00:00,2025-07-25 18:00:00,28,2025-06-27,2025-07-24,2025-07-25 18:00:00,0.03571428571428571,-0.025702777777777786,0.9
2025-07-26 00:00:00,weekly2,2025-02-01 00:00:00,2025-07-26 00:00:00,28,2025-06-28,2025-07-25,2025-07-26 00:00:00,0.03571428571428571,0.0,0.9
2025-07-26 06:00:00,weekly2,2025-02-01 00:00:00,2025-07-26 06:00:00,28,2025-06-28,2025-07-25,2025-07-26 06:00:00,0.03571428571428571,0.005387499999999997,0.9
2025-07-26 12:00:00,weekly2,2025-02-01 00:00:00,2025-07-26 12:00:00,28,2025-06-28,2025-07-25,2025-07-26 12:00:00,0.03571428571428571,-0.004097222222222216,0.9
2025-07-26 18:00:00,weekly2,2025-02-01 00:00:00,2025-07-26 18:00:00,28,2025-06-28,2025-07-25,2025-07-26 18:00:00,0.03571428571428571,0.008209722222222209,0.9
2025-07-27 00:00:00,weekly2,2025-02-01 00:00:00,2025-07-27 00:00:00,28,2025-06-29,2025-07-26,2025-07-27 00:00:00,0.03571428571428571,0.0,0.9
2025-07-27 06:00:00,weekly2,2025-02-01 00:00:00,2025-07-27 06:00:00,28,2025-06-29,2025-07-26,2025-07-27 06:00:00,0.03571428571428571,0.003804166666666669,0.9
2025-07-27 12:00:00,weekly2,2025-02-01 00:00:00,2025-07-27 12:00:00,28,2025-06-29,2025-07-26,2025-07-27 12:00:00,0.03571428571428571,0.017262499999999993,0.9
2025-07-27 18:00:00,weekly2,2025-02-01 00:00:00,2025-07-27 18:00:00,28,2025-06-29,2025-07-26,2025-07-27 18:00:00,0.03571428571428571,0.03413611111111112,0.9
2025-07-28 00:00:00,weekly2,2025-02-01 00:00:00,2025-07-28 00:00:00,28,2025-06-30,2025-07-27,2025-07-28 00:00:00,0.03571428571428571,0.0,0.9
2025-07-28 06:00:00,weekly2,2025-02-01 00:00:00,2025-07-28 06:00:00,28,2025-06-30,2025-07-27,2025-07-28 06:00:00,0.03571428571428571,-0.01865416666666667,0.9
2025-07-28 12:00:00,weekly2,2025-02-01 00:00:00,2025-07-28 12:00:00,28,2025-06-30,2025-07-27,2025-07-28 12:00:00,0.03571428571428571,0.034551388888888895,0.9
2025-07-28 18:00:00,weekly2,2025-02-01 00:00:00,2025-07-28 18:00:00,28,2025-06-30,2025-07-27,2025-07-28 18:00:00,0.03571428571428571,0.03785555555555556,0.9
2025-07-29 00:00:00,weekly2,2025-02-01 00:00:00,2025-07-29 00:00:00,28,2025-07-01,2025-07-28,2025-07-29 00:00:00,0.03571428571428571,0.0,0.9
2025-07-29 06:00:00,weekly2,2025-02-01 00:00:00,2025-07-29 06:00:00,28,2025-07-01,2025-07-28,2025-07-29 06:00:00,0.03571428571428571,0.00335416666666666,0.9
2025-07-29 12:00:00,weekly2,2025-02-01 00:00:00,2025-07-29 12:00:00,28,2025-07-01,2025-07-28,2025-07-29 12:00:00,0.03571428571428571,0.03733055555555555,0.9
2025-07-29 18:00:00,weekly2,2025-02-01 00:00:00,2025-07-29 18:00:00,28,2025-07-01,2025-07-28,2025-07-29 18:00:00,0.03571428571428571,0.00445694444444445,0.9
2025-07-30 00:00:00,weekly2,2025-02-01 00:00:00,2025-07-30 00:00:00,28,2025-07-02,2025-07-29,2025-07-30 00:00:00,0.03571428571428571,0.0,0.9
2025-07-30 06:00:00,weekly2,2025-02-01 00:00:00,2025-07-30 06:00:00,28,2025-07-02,2025-07-29,2025-07-30 06:00:00,0.03571428571428571,0.00536111111111111,0.9
2025-07-30 12:00:00,weekly2,2025-02-01 00:00:00,2025-07-30 12:00:00,28,2025-07-02,2025-07-29,2025-07-30 12:00:00,0.03571428571428571,0.02456944444444446,0.9
2025-07-30 18:00:00,weekly2,2025-02-01 00:00:00,2025-07-30 18:00:00,28,2025-07-02,2025-07-29,2025-07-30 18:00:00,0.03571428571428571,-0.02010138888888888,0.9
2025-07-31 00:00:00,weekly2,2025-02-01 00:00:00,2025-07-31 00:00:00,28,2025-07-03,2025-07-30,2025-07-31 00:00:00,0.03571428571428571,0.0,0.9
2025-07-31 06:00:00,weekly2,2025-02-01 00:00:00,2025-07-31 06:00:00,28,2025-07-03,2025-07-30,2025-07-31 06:00:00,0.03571428571428571,-0.005487499999999997,0.9
2025-07-31 12:00:00,weekly2,2025-02-01 00:00:00,2025-07-31 12:00:00,28,2025-07-03,2025-07-30,2025-07-31 12:00:00,0.03571428571428571,0.02549166666666665,0.9
2025-07-31 18:00:00,weekly2,2025-02-01 00:00:00,2025-07-31 18:00:00,28,2025-07-03,2025-07-30,2025-07-31 18:00:00,0.03571428571428571,0.004913888888888889,0.9
2025-08-01 00:00:00,weekly2,2025-02-01 00:00:00,2025-08-01 00:00:00,28,2025-07-04,2025-07-31,2025-08-01 00:00:00,0.03571428571428571,0.0,0.9
2025-08-01 06:00:00,weekly2,2025-02-01 00:00:00,2025-08-01 06:00:00,28,2025-07-04,2025-07-31,2025-08-01 06:00:00,0.03571428571428571,0.01302777777777777,0.9
2025-08-01 12:00:00,weekly2,2025-02-01 00:00:00,2025-08-01 12:00:00,28,2025-07-04,2025-07-31,2025-08-01 12:00:00,0.03571428571428571,-0.036431944444444433,0.9
2025-08-01 18:00:00,weekly2,2025-02-01 00:00:00,2025-08-01 18:00:00,28,2025-07-04,2025-07-31,2025-08-01 18:00:00,0.03571428571428571,-0.04720833333333334,0.9
2025-08-02 00:00:00,weekly2,2025-02-01 00:00:00,2025-08-02 00:00:00,28,2025-07-05,2025-08-01,2025-08-02 00:00:00,0.03571428571428571,0.0,0.9
2025-08-02 06:00:00,weekly2,2025-02-01 00:00:00,2025-08-02 06:00:00,28,2025-07-05,2025-08-01,2025-08-02 06:00:00,0.03571428571428571,-0.008631944444444447,0.9
2025-08-02 12:00:00,weekly2,2025-02-01 00:00:00,2025-08-02 12:00:00,28,2025-07-05,2025-08-01,2025-08-02 12:00:00,0.03571428571428571,-0.04296666666666667,0.9
2025-08-02 18:00:00,weekly2,2025-02-01 00:00:00,2025-08-02 18:00:00,28,2025-07-05,2025-08-01,2025-08-02 18:00:00,0.03571428571428571,-0.02707916666666666,0.9
2025-08-03 00:00:00,weekly2,2025-02-01 00:00:00,2025-08-03 00:00:00,28,2025-07-06,2025-08-02,2025-08-03 00:00:00,0.03571428571428571,0.0,0.9
2025-08-03 06:00:00,weekly2,2025-02-01 00:00:00,2025-08-03 06:00:00,28,2025-07-06,2025-08-02,2025-08-03 06:00:00,0.03571428571428571,-0.010956944444444446,0.9
2025-08-03 12:00:00,weekly2,2025-02-01 00:00:00,2025-08-03 12:00:00,28,2025-07-06,2025-08-02,2025-08-03 12:00:00,0.03571428571428571,-0.065175,0.9
2025-08-03 18:00:00,weekly2,2025-02-01 00:00:00,2025-08-03 18:00:00,28,2025-07-06,2025-08-02,2025-08-03 18:00:00,0.03571428571428571,-0.07197777777777777,0.9
2025-08-04 00:00:00,weekly2,2025-02-01 00:00:00,2025-08-04 00:00:00,28,2025-07-07,2025-08-03,2025-08-04 00:00:00,0.03571428571428571,0.0,0.9
2025-08-04 06:00:00,weekly2,2025-02-01 00:00:00,2025-08-04 06:00:00,28,2025-07-07,2025-08-03,2025-08-04 06:00:00,0.03571428571428571,-0.0074041666666666665,0.9
2025-08-04 12:00:00,weekly2,2025-02-01 00:00:00,2025-08-04 12:00:00,28,2025-07-07,2025-08-03,2025-08-04 12:00:00,0.03571428571428571,-0.06049305555555556,0.9
2025-08-04 18:00:00,weekly2,2025-02-01 00:00:00,2025-08-04 18:00:00,28,2025-07-07,2025-08-03,2025-08-04 18:00:00,0.03571428571428571,-0.06760694444444443,0.9
2025-08-05 00:00:00,weekly2,2025-02-01 00:00:00,2025-08-05 00:00:00,28,2025-07-08,2025-08-04,2025-08-05 00:00:00,0.03571428571428571,0.0,0.9
2025-08-05 06:00:00,weekly2,2025-02-01 00:00:00,2025-08-05 06:00:00,28,2025-07-08,2025-08-04,2025-08-05 06:00:00,0.03571428571428571,-0.002351388888888872,0.9
2025-08-05 12:00:00,weekly2,2025-02-01 00:00:00,2025-08-05 12:00:00,28,2025-07-08,2025-08-04,2025-08-05 12:00:00,0.03571428571428571,-0.0506986111111111,0.9
2025-08-05 18:00:00,weekly2,2025-02-01 00:00:00,2025-08-05 18:00:00,28,2025-07-08,2025-08-04,2025-08-05 18:00:00,0.03571428571428571,-0.07697638888888886,0.9
2025-08-06 00:00:00,weekly2,2025-02-01 00:00:00,2025-08-06 00:00:00,28,2025-07-09,2025-08-05,2025-08-06 00:00:00,0.03571428571428571,0.0,0.9
2025-08-06 06:00:00,weekly2,2025-02-01 00:00:00,2025-08-06 06:00:00,28,2025-07-09,2025-08-05,2025-08-06 06:00:00,0.03571428571428571,-0.006484722222222213,0.9
2025-08-06 12:00:00,weekly2,2025-02-01 00:00:00,2025-08-06 12:00:00,28,2025-07-09,2025-08-05,2025-08-06 12:00:00,0.03571428571428571,-0.06907638888888885,0.9
2025-08-06 18:00:00,weekly2,2025-02-01 00:00:00,2025-08-06 18:00:00,28,2025-07-09,2025-08-05,2025-08-06 18:00:00,0.03571428571428571,-0.0043527777777777705,0.9
2025-08-07 00:00:00,weekly2,2025-02-01 00:00:00,2025-08-07 00:00:00,28,2025-07-10,2025-08-06,2025-08-07 00:00:00,0.03571428571428571,0.0,0.9
2025-08-07 06:00:00,weekly2,2025-02-01 00:00:00,2025-08-07 06:00:00,28,2025-07-10,2025-08-06,2025-08-07 06:00:00,0.03571428571428571,-0.0039194444444444415,0.9
2025-08-07 12:00:00,weekly2,2025-02-01 00:00:00,2025-08-07 12:00:00,28,2025-07-10,2025-08-06,2025-08-07 12:00:00,0.03571428571428571,-0.05077499999999999,0.9
2025-08-07 18:00:00,weekly2,2025-02-01 00:00:00,2025-08-07 18:00:00,28,2025-07-10,2025-08-06,2025-08-07 18:00:00,0.03571428571428571,-0.09790972222222223,0.9
2025-08-08 00:00:00,weekly2,2025-02-01 00:00:00,2025-08-08 00:00:00,28,2025-07-11,2025-08-07,2025-08-08 00:00:00,0.03571428571428571,0.0,0.9
2025-08-08 06:00:00,weekly2,2025-02-01 00:00:00,2025-08-08 06:00:00,28,2025-07-11,2025-08-07,2025-08-08 06:00:00,0.03571428571428571,-0.01883333333333333,0.9
2025-08-08 12:00:00,weekly2,2025-02-01 00:00:00,2025-08-08 12:00:00,28,2025-07-11,2025-08-07,2025-08-08 12:00:00,0.03571428571428571,-0.03297361111111113,0.9
2025-08-08 18:00:00,weekly2,2025-02-01 00:00:00,2025-08-08 18:00:00,28,2025-07-11,2025-08-07,2025-08-08 18:00:00,0.03571428571428571,-0.0724847222222222,0.9
2025-08-09 00:00:00,weekly2,2025-02-01 00:00:00,2025-08-09 00:00:00,28,2025-07-12,2025-08-08,2025-08-09 00:00:00,0.03571428571428571,0.0,0.9
2025-08-09 06:00:00,weekly2,2025-02-01 00:00:00,2025-08-09 06:00:00,28,2025-07-12,2025-08-08,2025-08-09 06:00:00,0.03571428571428571,-0.010766666666666654,0.9
2025-08-09 12:00:00,weekly2,2025-02-01 00:00:00,2025-08-09 12:00:00,28,2025-07-12,2025-08-08,2025-08-09 12:00:00,0.03571428571428571,-0.0354625,0.9
2025-08-09 18:00:00,weekly2,2025-02-01 00:00:00,2025-08-09 18:00:00,28,2025-07-12,2025-08-08,2025-08-09 18:00:00,0.03571428571428571,-0.04310555555555556,0.9
2025-08-10 00:00:00,weekly2,2025-02-01 00:00:00,2025-08-10 00:00:00,28,2025-07-13,2025-08-09,2025-08-10 00:00:00,0.03571428571428571,0.0,0.9
2025-08-10 06:00:00,weekly2,2025-02-01 00:00:00,2025-08-10 06:00:00,28,2025-07-13,2025-08-09,2025-08-10 06:00:00,0.03571428571428571,0.004759722222222211,0.9
2025-08-10 12:00:00,weekly2,2025-02-01 00:00:00,2025-08-10 12:00:00,28,2025-07-13,2025-08-09,2025-08-10 12:00:00,0.03571428571428571,-0.03912361111111113,0.9
2025-08-10 18:00:00,weekly2,2025-02-01 00:00:00,2025-08-10 18:00:00,28,2025-07-13,2025-08-09,2025-08-10 18:00:00,0.03571428571428571,0.011140277777777765,0.9
2025-08-11 00:00:00,weekly2,2025-02-01 00:00:00,2025-08-11 00:00:00,28,2025-07-14,2025-08-10,2025-08-11 00:00:00,0.03571428571428571,0.0,0.9
2025-08-11 06:00:00,weekly2,2025-02-01 00:00:00,2025-08-11 06:00:00,28,2025-07-14,2025-08-10,2025-08-11 06:00:00,0.03571428571428571,-0.015572222222222225,0.9
2025-08-11 12:00:00,weekly2,2025-02-01 00:00:00,2025-08-11 12:00:00,28,2025-07-14,2025-08-10,2025-08-11 12:00:00,0.03571428571428571,-0.03833055555555556,0.9
2025-08-11 18:00:00,weekly2,2025-02-01 00:00:00,2025-08-11 18:00:00,28,2025-07-14,2025-08-10,2025-08-11 18:00:00,0.03571428571428571,-0.05654305555555556,0.9
2025-08-12 00:00:00,weekly2,2025-02-01 00:00:00,2025-08-12 00:00:00,28,2025-07-15,2025-08-11,2025-08-12 00:00:00,0.03571428571428571,0.0,0.9
2025-08-12 06:00:00,weekly2,2025-02-01 00:00:00,2025-08-12 06:00:00,28,2025-07-15,2025-08-11,2025-08-12 06:00:00,0.03571428571428571,-0.009704166666666684,0.9
2025-08-12 12:00:00,weekly2,2025-02-01 00:00:00,2025-08-12 12:00:00,28,2025-07-15,2025-08-11,2025-08-12 12:00:00,0.03571428571428571,-0.029548611111111105,0.9
2025-08-12 18:00:00,weekly2,2025-02-01 00:00:00,2025-08-12 18:00:00,28,2025-07-15,2025-08-11,2025-08-12 18:00:00,0.03571428571428571,0.015629166666666652,0.9
2025-08-13 00:00:00,weekly2,2025-02-01 00:00:00,2025-08-13 00:00:00,28,2025-07-16,2025-08-12,2025-08-13 00:00:00,0.03571428571428571,0.0,0.9
2025-08-13 06:00:00,weekly2,2025-02-01 00:00:00,2025-08-13 06:00:00,28,2025-07-16,2025-08-12,2025-08-13 06:00:00,0.03571428571428571,0.0005333333333333331,0.9
2025-08-13 12:00:00,weekly2,2025-02-01 00:00:00,2025-08-13 12:00:00,28,2025-07-16,2025-08-12,2025-08-13 12:00:00,0.03571428571428571,-0.00573333333333332,0.9
2025-08-13 18:00:00,weekly2,2025-02-01 00:00:00,2025-08-13 18:00:00,28,2025-07-16,2025-08-12,2025-08-13 18:00:00,0.03571428571428571,-0.0374541666666667,0.9
2025-08-14 00:00:00,weekly2,2025-02-01 00:00:00,2025-08-14 00:00:00,28,2025-07-17,2025-08-13,2025-08-14 00:00:00,0.03571428571428571,0.0,0.9
2025-08-14 06:00:00,weekly2,2025-02-01 00:00:00,2025-08-14 06:00:00,28,2025-07-17,2025-08-13,2025-08-14 06:00:00,0.03571428571428571,-0.00011249999999998606,0.9
2025-08-14 12:00:00,weekly2,2025-02-01 00:00:00,2025-08-14 12:00:00,28,2025-07-17,2025-08-13,2025-08-14 12:00:00,0.03571428571428571,-0.010913888888888883,0.9
2025-08-14 18:00:00,weekly2,2025-02-01 00:00:00,2025-08-14 18:00:00,28,2025-07-17,2025-08-13,2025-08-14 18:00:00,0.03571428571428571,-0.026655555555555543,0.9
2025-08-15 00:00:00,weekly2,2025-02-01 00:00:00,2025-08-15 00:00:00,28,2025-07-18,2025-08-14,2025-08-15 00:00:00,0.03571428571428571,0.0,0.9
2025-08-15 06:00:00,weekly2,2025-02-01 00:00:00,2025-08-15 06:00:00,28,2025-07-18,2025-08-14,2025-08-15 06:00:00,0.03571428571428571,-0.004329166666666672,0.9
2025-08-15 12:00:00,weekly2,2025-02-01 00:00:00,2025-08-15 12:00:00,28,2025-07-18,2025-08-14,2025-08-15 12:00:00,0.03571428571428571,-0.023273611111111123,0.9
2025-08-15 18:00:00,weekly2,2025-02-01 00:00:00,2025-08-15 18:00:00,28,2025-07-18,2025-08-14,2025-08-15 18:00:00,0.03571428571428571,0.008980555555555547,0.9
2025-08-16 00:00:00,weekly2,2025-02-01 00:00:00,2025-08-16 00:00:00,28,2025-07-19,2025-08-15,2025-08-16 00:00:00,0.03571428571428571,0.0,0.9
2025-08-16 06:00:00,weekly2,2025-02-01 00:00:00,2025-08-16 06:00:00,28,2025-07-19,2025-08-15,2025-08-16 06:00:00,0.03571428571428571,0.0055069444444444515,0.9
2025-08-16 12:00:00,weekly2,2025-02-01 00:00:00,2025-08-16 12:00:00,28,2025-07-19,2025-08-15,2025-08-16 12:00:00,0.03571428571428571,-0.03550416666666667,0.9
2025-08-16 18:00:00,weekly2,2025-02-01 00:00:00,2025-08-16 18:00:00,28,2025-07-19,2025-08-15,2025-08-16 18:00:00,0.03571428571428571,-0.01071111111111112,0.9
2025-08-17 00:00:00,weekly2,2025-02-01 00:00:00,2025-08-17 00:00:00,28,2025-07-20,2025-08-16,2025-08-17 00:00:00,0.03571428571428571,0.0,0.9
2025-08-17 06:00:00,weekly2,2025-02-01 00:00:00,2025-08-17 06:00:00,28,2025-07-20,2025-08-16,2025-08-17 06:00:00,0.03571428571428571,-0.017043055555555537,0.9
2025-08-17 12:00:00,weekly2,2025-02-01 00:00:00,2025-08-17 12:00:00,28,2025-07-20,2025-08-16,2025-08-17 12:00:00,0.03571428571428571,0.0010902777777778026,0.9
2025-08-17 18:00:00,weekly2,2025-02-01 00:00:00,2025-08-17 18:00:00,28,2025-07-20,2025-08-16,2025-08-17 18:00:00,0.03571428571428571,0.005209722222222248,0.9
2025-08-18 00:00:00,weekly2,2025-02-01 00:00:00,2025-08-18 00:00:00,28,2025-07-21,2025-08-17,2025-08-18 00:00:00,0.03571428571428571,0.0,0.9
2025-08-18 06:00:00,weekly2,2025-02-01 00:00:00,2025-08-18 06:00:00,28,2025-07-21,2025-08-17,2025-08-18 06:00:00,0.03571428571428571,0.024204166666666676,0.9
2025-08-18 12:00:00,weekly2,2025-02-01 00:00:00,2025-08-18 12:00:00,28,2025-07-21,2025-08-17,2025-08-18 12:00:00,0.03571428571428571,-0.006188888888888881,0.9
2025-08-18 18:00:00,weekly2,2025-02-01 00:00:00,2025-08-18 18:00:00,28,2025-07-21,2025-08-17,2025-08-18 18:00:00,0.03571428571428571,0.009556944444444437,0.9
2025-08-19 00:00:00,weekly2,2025-02-01 00:00:00,2025-08-19 00:00:00,28,2025-07-22,2025-08-18,2025-08-19 00:00:00,0.03571428571428571,0.0,0.9
2025-08-19 06:00:00,weekly2,2025-02-01 00:00:00,2025-08-19 06:00:00,28,2025-07-22,2025-08-18,2025-08-19 06:00:00,0.03571428571428571,0.003198611111111112,0.9
2025-08-19 12:00:00,weekly2,2025-02-01 00:00:00,2025-08-19 12:00:00,28,2025-07-22,2025-08-18,2025-08-19 12:00:00,0.03571428571428571,-0.02021527777777777,0.9
2025-08-19 18:00:00,weekly2,2025-02-01 00:00:00,2025-08-19 18:00:00,28,2025-07-22,2025-08-18,2025-08-19 18:00:00,0.03571428571428571,-0.011908333333333344,0.9
2025-08-20 00:00:00,weekly2,2025-02-01 00:00:00,2025-08-20 00:00:00,28,2025-07-23,2025-08-19,2025-08-20 00:00:00,0.03571428571428571,0.0,0.9
2025-08-20 06:00:00,weekly2,2025-02-01 00:00:00,2025-08-20 06:00:00,28,2025-07-23,2025-08-19,2025-08-20 06:00:00,0.03571428571428571,-0.0010611111111111084,0.9
2025-08-20 12:00:00,weekly2,2025-02-01 00:00:00,2025-08-20 12:00:00,28,2025-07-23,2025-08-19,2025-08-20 12:00:00,0.03571428571428571,0.03972222222222223,0.9
2025-08-20 18:00:00,weekly2,2025-02-01 00:00:00,2025-08-20 18:00:00,28,2025-07-23,2025-08-19,2025-08-20 18:00:00,0.03571428571428571,-0.005225000000000021,0.9
2025-08-21 00:00:00,weekly2,2025-02-01 00:00:00,2025-08-21 00:00:00,28,2025-07-24,2025-08-20,2025-08-21 00:00:00,0.03571428571428571,0.0,0.9
2025-08-21 06:00:00,weekly2,2025-02-01 00:00:00,2025-08-21 06:00:00,28,2025-07-24,2025-08-20,2025-08-21 06:00:00,0.03571428571428571,-0.00789861111111111,0.9
2025-08-21 12:00:00,weekly2,2025-02-01 00:00:00,2025-08-21 12:00:00,28,2025-07-24,2025-08-20,2025-08-21 12:00:00,0.03571428571428571,-0.009227777777777795,0.9
2025-08-21 18:00:00,weekly2,2025-02-01 00:00:00,2025-08-21 18:00:00,28,2025-07-24,2025-08-20,2025-08-21 18:00:00,0.03571428571428571,0.028884722222222197,0.9
2025-08-22 00:00:00,weekly2,2025-02-01 00:00:00,2025-08-22 00:00:00,28,2025-07-25,2025-08-21,2025-08-22 00:00:00,0.03571428571428571,0.0,0.9
2025-08-22 06:00:00,weekly2,2025-02-01 00:00:00,2025-08-22 06:00:00,28,2025-07-25,2025-08-21,2025-08-22 06:00:00,0.03571428571428571,0.022211111111111112,0.9
2025-08-22 12:00:00,weekly2,2025-02-01 00:00:00,2025-08-22 12:00:00,28,2025-07-25,2025-08-21,2025-08-22 12:00:00,0.03571428571428571,0.0012583333333333498,0.9
2025-08-22 18:00:00,weekly2,2025-02-01 00:00:00,2025-08-22 18:00:00,28,2025-07-25,2025-08-21,2025-08-22 18:00:00,0.03571428571428571,0.05279722222222221,0.9
2025-08-23 00:00:00,weekly2,2025-02-01 00:00:00,2025-08-23 00:00:00,28,2025-07-26,2025-08-22,2025-08-23 00:00:00,0.03571428571428571,0.0,0.9
2025-08-23 06:00:00,weekly2,2025-02-01 00:00:00,2025-08-23 06:00:00,28,2025-07-26,2025-08-22,2025-08-23 06:00:00,0.03571428571428571,-0.008223611111111107,0.9
2025-08-23 12:00:00,weekly2,2025-02-01 00:00:00,2025-08-23 12:00:00,28,2025-07-26,2025-08-22,2025-08-23 12:00:00,0.03571428571428571,0.044081944444444444,0.9
2025-08-23 18:00:00,weekly2,2025-02-01 00:00:00,2025-08-23 18:00:00,28,2025-07-26,2025-08-22,2025-08-23 18:00:00,0.03571428571428571,0.011615277777777775,0.9
2025-08-24 00:00:00,weekly2,2025-02-01 00:00:00,2025-08-24 00:00:00,28,2025-07-27,2025-08-23,2025-08-24 00:00:00,0.03571428571428571,0.0,0.9
2025-08-24 06:00:00,weekly2,2025-02-01 00:00:00,2025-08-24 06:00:00,28,2025-07-27,2025-08-23,2025-08-24 06:00:00,0.03571428571428571,6.250000000001008e-05,0.9
2025-08-24 12:00:00,weekly2,2025-02-01 00:00:00,2025-08-24 12:00:00,28,2025-07-27,2025-08-23,2025-08-24 12:00:00,0.03571428571428571,0.00487638888888889,0.9
2025-08-24 18:00:00,weekly2,2025-02-01 00:00:00,2025-08-24 18:00:00,28,2025-07-27,2025-08-23,2025-08-24 18:00:00,0.03571428571428571,-0.013361111111111101,0.9
2025-08-25 00:00:00,weekly2,2025-02-01 00:00:00,2025-08-25 00:00:00,28,2025-07-28,2025-08-24,2025-08-25 00:00:00,0.03571428571428571,0.0,0.9
2025-08-25 06:00:00,weekly2,2025-02-01 00:00:00,2025-08-25 06:00:00,28,2025-07-28,2025-08-24,2025-08-25 06:00:00,0.03571428571428571,-0.0006652777777777785,0.9
2025-08-25 12:00:00,weekly2,2025-02-01 00:00:00,2025-08-25 12:00:00,28,2025-07-28,2025-08-24,2025-08-25 12:00:00,0.03571428571428571,0.023418055555555543,0.9
2025-08-25 18:00:00,weekly2,2025-02-01 00:00:00,2025-08-25 18:00:00,28,2025-07-28,2025-08-24,2025-08-25 18:00:00,0.03571428571428571,0.047470833333333344,0.9
2025-08-26 00:00:00,weekly2,2025-02-01 00:00:00,2025-08-26 00:00:00,28,2025-07-29,2025-08-25,2025-08-26 00:00:00,0.03571428571428571,0.0,0.9
2025-08-26 06:00:00,weekly2,2025-02-01 00:00:00,2025-08-26 06:00:00,28,2025-07-29,2025-08-25,2025-08-26 06:00:00,0.03571428571428571,-0.01893472222222222,0.9
2025-08-26 12:00:00,weekly2,2025-02-01 00:00:00,2025-08-26 12:00:00,28,2025-07-29,2025-08-25,2025-08-26 12:00:00,0.03571428571428571,7.777777777776922e-05,0.9
2025-08-26 18:00:00,weekly2,2025-02-01 00:00:00,2025-08-26 18:00:00,28,2025-07-29,2025-08-25,2025-08-26 18:00:00,0.03571428571428571,0.002393055555555545,0.9
2025-08-27 00:00:00,weekly2,2025-02-01 00:00:00,2025-08-27 00:00:00,28,2025-07-30,2025-08-26,2025-08-27 00:00:00,0.03571428571428571,0.0,0.9
2025-08-27 06:00:00,weekly2,2025-02-01 00:00:00,2025-08-27 06:00:00,28,2025-07-30,2025-08-26,2025-08-27 06:00:00,0.03571428571428571,-0.02226666666666667,0.9
2025-08-27 12:00:00,weekly2,2025-02-01 00:00:00,2025-08-27 12:00:00,28,2025-07-30,2025-08-26,2025-08-27 12:00:00,0.03571428571428571,-0.015980555555555567,0.9
2025-08-27 18:00:00,weekly2,2025-02-01 00:00:00,2025-08-27 18:00:00,28,2025-07-30,2025-08-26,2025-08-27 18:00:00,0.03571428571428571,0.0169611111111111,0.9
2025-08-28 00:00:00,weekly2,2025-02-01 00:00:00,2025-08-28 00:00:00,28,2025-07-31,2025-08-27,2025-08-28 00:00:00,0.03571428571428571,0.0,0.9
2025-08-28 06:00:00,weekly2,2025-02-01 00:00:00,2025-08-28 06:00:00,28,2025-07-31,2025-08-27,2025-08-28 06:00:00,0.03571428571428571,-0.010788888888888898,0.9
2025-08-28 12:00:00,weekly2,2025-02-01 00:00:00,2025-08-28 12:00:00,28,2025-07-31,2025-08-27,2025-08-28 12:00:00,0.03571428571428571,0.06822916666666666,0.9
2025-08-28 18:00:00,weekly2,2025-02-01 00:00:00,2025-08-28 18:00:00,28,2025-07-31,2025-08-27,2025-08-28 18:00:00,0.03571428571428571,0.004048611111111108,0.9
2025-08-29 00:00:00,weekly2,2025-02-01 00:00:00,2025-08-29 00:00:00,28,2025-08-01,2025-08-28,2025-08-29 00:00:00,0.03571428571428571,0.0,0.9
2025-08-29 06:00:00,weekly2,2025-02-01 00:00:00,2025-08-29 06:00:00,28,2025-08-01,2025-08-28,2025-08-29 06:00:00,0.03571428571428571,-0.006306944444444445,0.9
2025-08-29 12:00:00,weekly2,2025-02-01 00:00:00,2025-08-29 12:00:00,28,2025-08-01,2025-08-28,2025-08-29 12:00:00,0.03571428571428571,0.045001388888888896,0.9
2025-08-29 18:00:00,weekly2,2025-02-01 00:00:00,2025-08-29 18:00:00,28,2025-08-01,2025-08-28,2025-08-29 18:00:00,0.03571428571428571,0.008972222222222211,0.9
2025-08-30 00:00:00,weekly2,2025-02-01 00:00:00,2025-08-30 00:00:00,28,2025-08-02,2025-08-29,2025-08-30 00:00:00,0.03571428571428571,0.0,0.9
2025-08-30 06:00:00,weekly2,2025-02-01 00:00:00,2025-08-30 06:00:00,28,2025-08-02,2025-08-29,2025-08-30 06:00:00,0.03571428571428571,0.0038333333333333414,0.9
2025-08-30 12:00:00,weekly2,2025-02-01 00:00:00,2025-08-30 12:00:00,28,2025-08-02,2025-08-29,2025-08-30 12:00:00,0.03571428571428571,-0.030733333333333335,0.9
2025-08-30 18:00:00,weekly2,2025-02-01 00:00:00,2025-08-30 18:00:00,28,2025-08-02,2025-08-29,2025-08-30 18:00:00,0.03571428571428571,0.02455416666666667,0.9
2025-08-31 00:00:00,weekly2,2025-02-01 00:00:00,2025-08-31 00:00:00,28,2025-08-03,2025-08-30,2025-08-31 00:00:00,0.03571428571428571,0.0,0.9
2025-08-31 06:00:00,weekly2,2025-02-01 00:00:00,2025-08-31 06:00:00,28,2025-08-03,2025-08-30,2025-08-31 06:00:00,0.03571428571428571,-0.01311805555555556,0.9
2025-08-31 12:00:00,weekly2,2025-02-01 00:00:00,2025-08-31 12:00:00,28,2025-08-03,2025-08-30,2025-08-31 12:00:00,0.03571428571428571,0.032930555555555546,0.9
2025-08-31 18:00:00,weekly2,2025-02-01 00:00:00,2025-08-31 18:00:00,28,2025-08-03,2025-08-30,2025-08-31 18:00:00,0.03571428571428571,0.02492222222222222,0.9
2025-09-01 00:00:00,weekly2,2025-02-01 00:00:00,2025-09-01 00:00:00,28,2025-08-04,2025-08-31,2025-09-01 00:00:00,0.03571428571428571,0.0,0.9
2025-09-01 06:00:00,weekly2,2025-02-01 00:00:00,2025-09-01 06:00:00,28,2025-08-04,2025-08-31,2025-09-01 06:00:00,0.03571428571428571,-0.06435972222222222,0.9
2025-09-01 12:00:00,weekly2,2025-02-01 00:00:00,2025-09-01 12:00:00,28,2025-08-04,2025-08-31,2025-09-01 12:00:00,0.03571428571428571,-0.046505555555555564,0.9
2025-09-01 18:00:00,weekly2,2025-02-01 00:00:00,2025-09-01 18:00:00,28,2025-08-04,2025-08-31,2025-09-01 18:00:00,0.03571428571428571,-0.12515416666666668,0.9
2025-09-02 00:00:00,weekly2,2025-02-01 00:00:00,2025-09-02 00:00:00,28,2025-08-05,2025-09-01,2025-09-02 00:00:00,0.03571428571428571,0.0,0.9
2025-09-02 06:00:00,weekly2,2025-02-01 00:00:00,2025-09-02 06:00:00,28,2025-08-05,2025-09-01,2025-09-02 06:00:00,0.03571428571428571,-0.05244166666666666,0.9
2025-09-02 12:00:00,weekly2,2025-02-01 00:00:00,2025-09-02 12:00:00,28,2025-08-05,2025-09-01,2025-09-02 12:00:00,0.03571428571428571,-0.033215277777777795,0.9
2025-09-02 18:00:00,weekly2,2025-02-01 00:00:00,2025-09-02 18:00:00,28,2025-08-05,2025-09-01,2025-09-02 18:00:00,0.03571428571428571,-0.10584583333333332,0.9
2025-09-03 00:00:00,weekly2,2025-02-01 00:00:00,2025-09-03 00:00:00,28,2025-08-06,2025-09-02,2025-09-03 00:00:00,0.03571428571428571,0.0,0.9
2025-09-03 06:00:00,weekly2,2025-02-01 00:00:00,2025-09-03 06:00:00,28,2025-08-06,2025-09-02,2025-09-03 06:00:00,0.03571428571428571,-0.056005555555555565,0.9
2025-09-03 12:00:00,weekly2,2025-02-01 00:00:00,2025-09-03 12:00:00,28,2025-08-06,2025-09-02,2025-09-03 12:00:00,0.03571428571428571,-0.09786944444444444,0.9
2025-09-03 18:00:00,weekly2,2025-02-01 00:00:00,2025-09-03 18:00:00,28,2025-08-06,2025-09-02,2025-09-03 18:00:00,0.03571428571428571,-0.0855111111111111,0.9
2025-09-04 00:00:00,weekly2,2025-02-01 00:00:00,2025-09-04 00:00:00,28,2025-08-07,2025-09-03,2025-09-04 00:00:00,0.03571428571428571,0.0,0.9
2025-09-04 06:00:00,weekly2,2025-02-01 00:00:00,2025-09-04 06:00:00,28,2025-08-07,2025-09-03,2025-09-04 06:00:00,0.03571428571428571,-0.06263194444444446,0.9
2025-09-04 12:00:00,weekly2,2025-02-01 00:00:00,2025-09-04 12:00:00,28,2025-08-07,2025-09-03,2025-09-04 12:00:00,0.03571428571428571,-0.09246249999999999,0.9
2025-09-04 18:00:00,weekly2,2025-02-01 00:00:00,2025-09-04 18:00:00,28,2025-08-07,2025-09-03,2025-09-04 18:00:00,0.03571428571428571,-0.0838333333333333,0.9
2025-09-05 00:00:00,weekly2,2025-02-01 00:00:00,2025-09-05 00:00:00,28,2025-08-08,2025-09-04,2025-09-05 00:00:00,0.03571428571428571,0.0,0.9
2025-09-05 06:00:00,weekly2,2025-02-01 00:00:00,2025-09-05 06:00:00,28,2025-08-08,2025-09-04,2025-09-05 06:00:00,0.03571428571428571,-0.06267916666666667,0.9
2025-09-05 12:00:00,weekly2,2025-02-01 00:00:00,2025-09-05 12:00:00,28,2025-08-08,2025-09-04,2025-09-05 12:00:00,0.03571428571428571,-0.08361805555555557,0.9
2025-09-05 18:00:00,weekly2,2025-02-01 00:00:00,2025-09-05 18:00:00,28,2025-08-08,2025-09-04,2025-09-05 18:00:00,0.03571428571428571,-0.11675694444444441,0.9
2025-09-06 00:00:00,weekly2,2025-02-01 00:00:00,2025-09-06 00:00:00,28,2025-08-09,2025-09-05,2025-09-06 00:00:00,0.03571428571428571,0.0,0.9
2025-09-06 06:00:00,weekly2,2025-02-01 00:00:00,2025-09-06 06:00:00,28,2025-08-09,2025-09-05,2025-09-06 06:00:00,0.03571428571428571,-0.05305694444444445,0.9
2025-09-06 12:00:00,weekly2,2025-02-01 00:00:00,2025-09-06 12:00:00,28,2025-08-09,2025-09-05,2025-09-06 12:00:00,0.03571428571428571,-0.019562499999999997,0.9
2025-09-06 18:00:00,weekly2,2025-02-01 00:00:00,2025-09-06 18:00:00,28,2025-08-09,2025-09-05,2025-09-06 18:00:00,0.03571428571428571,-0.13530972222222223,0.9
2025-09-07 00:00:00,weekly2,2025-02-01 00:00:00,2025-09-07 00:00:00,28,2025-08-10,2025-09-06,2025-09-07 00:00:00,0.03571428571428571,0.0,0.9
2025-09-07 06:00:00,weekly2,2025-02-01 00:00:00,2025-09-07 06:00:00,28,2025-08-10,2025-09-06,2025-09-07 06:00:00,0.03571428571428571,-0.06152222222222221,0.9
2025-09-07 12:00:00,weekly2,2025-02-01 00:00:00,2025-09-07 12:00:00,28,2025-08-10,2025-09-06,2025-09-07 12:00:00,0.03571428571428571,-0.03514861111111112,0.9
2025-09-07 18:00:00,weekly2,2025-02-01 00:00:00,2025-09-07 18:00:00,28,2025-08-10,2025-09-06,2025-09-07 18:00:00,0.03571428571428571,-0.08203333333333335,0.9
2025-09-08 00:00:00,weekly2,2025-02-01 00:00:00,2025-09-08 00:00:00,28,2025-08-11,2025-09-07,2025-09-08 00:00:00,0.03571428571428571,0.0,0.9
2025-09-08 06:00:00,weekly2,2025-02-01 00:00:00,2025-09-08 06:00:00,28,2025-08-11,2025-09-07,2025-09-08 06:00:00,0.03571428571428571,-0.028231944444444435,0.9
2025-09-08 12:00:00,weekly2,2025-02-01 00:00:00,2025-09-08 12:00:00,28,2025-08-11,2025-09-07,2025-09-08 12:00:00,0.03571428571428571,-0.015101388888888885,0.9
2025-09-08 18:00:00,weekly2,2025-02-01 00:00:00,2025-09-08 18:00:00,28,2025-08-11,2025-09-07,2025-09-08 18:00:00,0.03571428571428571,-0.006312500000000016,0.9
2025-09-09 00:00:00,weekly2,2025-02-01 00:00:00,2025-09-09 00:00:00,28,2025-08-12,2025-09-08,2025-09-09 00:00:00,0.03571428571428571,0.0,0.9
2025-09-09 06:00:00,weekly2,2025-02-01 00:00:00,2025-09-09 06:00:00,28,2025-08-12,2025-09-08,2025-09-09 06:00:00,0.03571428571428571,-0.028723611111111116,0.9
2025-09-09 12:00:00,weekly2,2025-02-01 00:00:00,2025-09-09 12:00:00,28,2025-08-12,2025-09-08,2025-09-09 12:00:00,0.03571428571428571,-0.04379027777777775,0.9
2025-09-09 18:00:00,weekly2,2025-02-01 00:00:00,2025-09-09 18:00:00,28,2025-08-12,2025-09-08,2025-09-09 18:00:00,0.03571428571428571,-0.03701250000000001,0.9
2025-09-10 00:00:00,weekly2,2025-02-01 00:00:00,2025-09-10 00:00:00,28,2025-08-13,2025-09-09,2025-09-10 00:00:00,0.03571428571428571,0.0,0.9
2025-09-10 06:00:00,weekly2,2025-02-01 00:00:00,2025-09-10 06:00:00,28,2025-08-13,2025-09-09,2025-09-10 06:00:00,0.03571428571428571,-0.016463888888888892,0.9
2025-09-10 12:00:00,weekly2,2025-02-01 00:00:00,2025-09-10 12:00:00,28,2025-08-13,2025-09-09,2025-09-10 12:00:00,0.03571428571428571,0.013248611111111126,0.9
2025-09-10 18:00:00,weekly2,2025-02-01 00:00:00,2025-09-10 18:00:00,28,2025-08-13,2025-09-09,2025-09-10 18:00:00,0.03571428571428571,-0.007887499999999999,0.9
2025-09-11 00:00:00,weekly2,2025-02-01 00:00:00,2025-09-11 00:00:00,28,2025-08-14,2025-09-10,2025-09-11 00:00:00,0.03571428571428571,0.0,0.9
2025-09-11 06:00:00,weekly2,2025-02-01 00:00:00,2025-09-11 06:00:00,28,2025-08-14,2025-09-10,2025-09-11 06:00:00,0.03571428571428571,-0.02000833333333333,0.9
2025-09-11 12:00:00,weekly2,2025-02-01 00:00:00,2025-09-11 12:00:00,28,2025-08-14,2025-09-10,2025-09-11 12:00:00,0.03571428571428571,-0.04719999999999999,0.9
2025-09-11 18:00:00,weekly2,2025-02-01 00:00:00,2025-09-11 18:00:00,28,2025-08-14,2025-09-10,2025-09-11 18:00:00,0.03571428571428571,-0.07875694444444446,0.9
2025-09-12 00:00:00,weekly2,2025-02-01 00:00:00,2025-09-12 00:00:00,28,2025-08-15,2025-09-11,2025-09-12 00:00:00,0.03571428571428571,0.0,0.9
2025-09-12 06:00:00,weekly2,2025-02-01 00:00:00,2025-09-12 06:00:00,28,2025-08-15,2025-09-11,2025-09-12 06:00:00,0.03571428571428571,-0.031156944444444452,0.9
2025-09-12 12:00:00,weekly2,2025-02-01 00:00:00,2025-09-12 12:00:00,28,2025-08-15,2025-09-11,2025-09-12 12:00:00,0.03571428571428571,-0.008673611111111118,0.9
2025-09-12 18:00:00,weekly2,2025-02-01 00:00:00,2025-09-12 18:00:00,28,2025-08-15,2025-09-11,2025-09-12 18:00:00,0.03571428571428571,-0.030870833333333323,0.9
2025-09-13 00:00:00,weekly2,2025-02-01 00:00:00,2025-09-13 00:00:00,28,2025-08-16,2025-09-12,2025-09-13 00:00:00,0.03571428571428571,0.0,0.9
2025-09-13 06:00:00,weekly2,2025-02-01 00:00:00,2025-09-13 06:00:00,28,2025-08-16,2025-09-12,2025-09-13 06:00:00,0.03571428571428571,-0.030023611111111112,0.9
2025-09-13 12:00:00,weekly2,2025-02-01 00:00:00,2025-09-13 12:00:00,28,2025-08-16,2025-09-12,2025-09-13 12:00:00,0.03571428571428571,-0.03535138888888889,0.9
2025-09-13 18:00:00,weekly2,2025-02-01 00:00:00,2025-09-13 18:00:00,28,2025-08-16,2025-09-12,2025-09-13 18:00:00,0.03571428571428571,-0.020090277777777776,0.9
2025-09-14 00:00:00,weekly2,2025-02-01 00:00:00,2025-09-14 00:00:00,28,2025-08-17,2025-09-13,2025-09-14 00:00:00,0.03571428571428571,0.0,0.9
2025-09-14 06:00:00,weekly2,2025-02-01 00:00:00,2025-09-14 06:00:00,28,2025-08-17,2025-09-13,2025-09-14 06:00:00,0.03571428571428571,-0.009820833333333338,0.9
2025-09-14 12:00:00,weekly2,2025-02-01 00:00:00,2025-09-14 12:00:00,28,2025-08-17,2025-09-13,2025-09-14 12:00:00,0.03571428571428571,-0.0019388888888888867,0.9
2025-09-14 18:00:00,weekly2,2025-02-01 00:00:00,2025-09-14 18:00:00,28,2025-08-17,2025-09-13,2025-09-14 18:00:00,0.03571428571428571,-0.01735555555555556,0.9
2025-09-15 00:00:00,weekly2,2025-02-01 00:00:00,2025-09-15 00:00:00,28,2025-08-18,2025-09-14,2025-09-15 00:00:00,0.03571428571428571,0.0,0.9
2025-09-15 06:00:00,weekly2,2025-02-01 00:00:00,2025-09-15 06:00:00,28,2025-08-18,2025-09-14,2025-09-15 06:00:00,0.03571428571428571,0.011986111111111109,0.9
2025-09-15 12:00:00,weekly2,2025-02-01 00:00:00,2025-09-15 12:00:00,28,2025-08-18,2025-09-14,2025-09-15 12:00:00,0.03571428571428571,-0.012870833333333331,0.9
2025-09-15 18:00:00,weekly2,2025-02-01 00:00:00,2025-09-15 18:00:00,28,2025-08-18,2025-09-14,2025-09-15 18:00:00,0.03571428571428571,-0.008766666666666676,0.9
2025-09-16 00:00:00,weekly2,2025-02-01 00:00:00,2025-09-16 00:00:00,28,2025-08-19,2025-09-15,2025-09-16 00:00:00,0.03571428571428571,0.0,0.9
2025-09-16 06:00:00,weekly2,2025-02-01 00:00:00,2025-09-16 06:00:00,28,2025-08-19,2025-09-15,2025-09-16 06:00:00,0.03571428571428571,0.002911111111111119,0.9
2025-09-16 12:00:00,weekly2,2025-02-01 00:00:00,2025-09-16 12:00:00,28,2025-08-19,2025-09-15,2025-09-16 12:00:00,0.03571428571428571,0.03449583333333331,0.9
2025-09-16 18:00:00,weekly2,2025-02-01 00:00:00,2025-09-16 18:00:00,28,2025-08-19,2025-09-15,2025-09-16 18:00:00,0.03571428571428571,0.04700833333333335,0.9
2025-09-17 00:00:00,weekly2,2025-02-01 00:00:00,2025-09-17 00:00:00,28,2025-08-20,2025-09-16,2025-09-17 00:00:00,0.03571428571428571,0.0,0.9
2025-09-17 06:00:00,weekly2,2025-02-01 00:00:00,2025-09-17 06:00:00,28,2025-08-20,2025-09-16,2025-09-17 06:00:00,0.03571428571428571,0.0015611111111111242,0.9
2025-09-17 12:00:00,weekly2,2025-02-01 00:00:00,2025-09-17 12:00:00,28,2025-08-20,2025-09-16,2025-09-17 12:00:00,0.03571428571428571,0.04326805555555555,0.9
2025-09-17 18:00:00,weekly2,2025-02-01 00:00:00,2025-09-17 18:00:00,28,2025-08-20,2025-09-16,2025-09-17 18:00:00,0.03571428571428571,-0.016158333333333344,0.9
2025-09-18 00:00:00,weekly2,2025-02-01 00:00:00,2025-09-18 00:00:00,28,2025-08-21,2025-09-17,2025-09-18 00:00:00,0.03571428571428571,0.0,0.9
2025-09-18 06:00:00,weekly2,2025-02-01 00:00:00,2025-09-18 06:00:00,28,2025-08-21,2025-09-17,2025-09-18 06:00:00,0.03571428571428571,-0.0017805555555555584,0.9
2025-09-18 12:00:00,weekly2,2025-02-01 00:00:00,2025-09-18 12:00:00,28,2025-08-21,2025-09-17,2025-09-18 12:00:00,0.03571428571428571,0.040754166666666675,0.9
2025-09-18 18:00:00,weekly2,2025-02-01 00:00:00,2025-09-18 18:00:00,28,2025-08-21,2025-09-17,2025-09-18 18:00:00,0.03571428571428571,0.015941666666666673,0.9
2025-09-19 00:00:00,weekly2,2025-02-01 00:00:00,2025-09-19 00:00:00,28,2025-08-22,2025-09-18,2025-09-19 00:00:00,0.03571428571428571,0.0,0.9
2025-09-19 06:00:00,weekly2,2025-02-01 00:00:00,2025-09-19 06:00:00,28,2025-08-22,2025-09-18,2025-09-19 06:00:00,0.03571428571428571,0.003802777777777774,0.9
2025-09-19 12:00:00,weekly2,2025-02-01 00:00:00,2025-09-19 12:00:00,28,2025-08-22,2025-09-18,2025-09-19 12:00:00,0.03571428571428571,0.058273611111111116,0.9
2025-09-19 18:00:00,weekly2,2025-02-01 00:00:00,2025-09-19 18:00:00,28,2025-08-22,2025-09-18,2025-09-19 18:00:00,0.03571428571428571,0.0427375,0.9
2025-09-20 00:00:00,weekly2,2025-02-01 00:00:00,2025-09-20 00:00:00,28,2025-08-23,2025-09-19,2025-09-20 00:00:00,0.03571428571428571,0.0,0.9
2025-09-20 06:00:00,weekly2,2025-02-01 00:00:00,2025-09-20 06:00:00,28,2025-08-23,2025-09-19,2025-09-20 06:00:00,0.03571428571428571,-0.012913888888888883,0.9
2025-09-20 12:00:00,weekly2,2025-02-01 00:00:00,2025-09-20 12:00:00,28,2025-08-23,2025-09-19,2025-09-20 12:00:00,0.03571428571428571,0.04868472222222221,0.9
2025-09-20 18:00:00,weekly2,2025-02-01 00:00:00,2025-09-20 18:00:00,28,2025-08-23,2025-09-19,2025-09-20 18:00:00,0.03571428571428571,0.054594444444444445,0.9
2025-09-21 00:00:00,weekly2,2025-02-01 00:00:00,2025-09-21 00:00:00,28,2025-08-24,2025-09-20,2025-09-21 00:00:00,0.03571428571428571,0.0,0.9
2025-09-21 06:00:00,weekly2,2025-02-01 00:00:00,2025-09-21 06:00:00,28,2025-08-24,2025-09-20,2025-09-21 06:00:00,0.03571428571428571,0.010636111111111107,0.9
2025-09-21 12:00:00,weekly2,2025-02-01 00:00:00,2025-09-21 12:00:00,28,2025-08-24,2025-09-20,2025-09-21 12:00:00,0.03571428571428571,0.004740277777777763,0.9
2025-09-21 18:00:00,weekly2,2025-02-01 00:00:00,2025-09-21 18:00:00,28,2025-08-24,2025-09-20,2025-09-21 18:00:00,0.03571428571428571,0.011279166666666679,0.9
2025-09-22 00:00:00,weekly2,2025-02-01 00:00:00,2025-09-22 00:00:00,28,2025-08-25,2025-09-21,2025-09-22 00:00:00,0.03571428571428571,0.0,0.9
2025-09-22 06:00:00,weekly2,2025-02-01 00:00:00,2025-09-22 06:00:00,28,2025-08-25,2025-09-21,2025-09-22 06:00:00,0.03571428571428571,0.001084722222222223,0.9
2025-09-22 12:00:00,weekly2,2025-02-01 00:00:00,2025-09-22 12:00:00,28,2025-08-25,2025-09-21,2025-09-22 12:00:00,0.03571428571428571,0.03326805555555554,0.9
2025-09-22 18:00:00,weekly2,2025-02-01 00:00:00,2025-09-22 18:00:00,28,2025-08-25,2025-09-21,2025-09-22 18:00:00,0.03571428571428571,0.017906944444444437,0.9
2025-09-23 00:00:00,weekly2,2025-02-01 00:00:00,2025-09-23 00:00:00,28,2025-08-26,2025-09-22,2025-09-23 00:00:00,0.03571428571428571,0.0,0.9
2025-09-23 06:00:00,weekly2,2025-02-01 00:00:00,2025-09-23 06:00:00,28,2025-08-26,2025-09-22,2025-09-23 06:00:00,0.03571428571428571,-0.001581944444444446,0.9
2025-09-23 12:00:00,weekly2,2025-02-01 00:00:00,2025-09-23 12:00:00,28,2025-08-26,2025-09-22,2025-09-23 12:00:00,0.03571428571428571,0.040004166666666674,0.9
2025-09-23 18:00:00,weekly2,2025-02-01 00:00:00,2025-09-23 18:00:00,28,2025-08-26,2025-09-22,2025-09-23 18:00:00,0.03571428571428571,0.031290277777777764,0.9
2025-09-24 00:00:00,weekly2,2025-02-01 00:00:00,2025-09-24 00:00:00,28,2025-08-27,2025-09-23,2025-09-24 00:00:00,0.03571428571428571,0.0,0.9
2025-09-24 06:00:00,weekly2,2025-02-01 00:00:00,2025-09-24 06:00:00,28,2025-08-27,2025-09-23,2025-09-24 06:00:00,0.03571428571428571,-0.010709722222222225,0.9
2025-09-24 12:00:00,weekly2,2025-02-01 00:00:00,2025-09-24 12:00:00,28,2025-08-27,2025-09-23,2025-09-24 12:00:00,0.03571428571428571,0.005005555555555547,0.9
2025-09-24 18:00:00,weekly2,2025-02-01 00:00:00,2025-09-24 18:00:00,28,2025-08-27,2025-09-23,2025-09-24 18:00:00,0.03571428571428571,-0.015038888888888872,0.9
2025-09-25 00:00:00,weekly2,2025-02-01 00:00:00,2025-09-25 00:00:00,28,2025-08-28,2025-09-24,2025-09-25 00:00:00,0.03571428571428571,0.0,0.9
2025-09-25 06:00:00,weekly2,2025-02-01 00:00:00,2025-09-25 06:00:00,28,2025-08-28,2025-09-24,2025-09-25 06:00:00,0.03571428571428571,0.004669444444444438,0.9
2025-09-25 12:00:00,weekly2,2025-02-01 00:00:00,2025-09-25 12:00:00,28,2025-08-28,2025-09-24,2025-09-25 12:00:00,0.03571428571428571,0.02088750000000001,0.9
2025-09-25 18:00:00,weekly2,2025-02-01 00:00:00,2025-09-25 18:00:00,28,2025-08-28,2025-09-24,2025-09-25 18:00:00,0.03571428571428571,0.038494444444444456,0.9
2025-09-26 00:00:00,weekly2,2025-02-01 00:00:00,2025-09-26 00:00:00,28,2025-08-29,2025-09-25,2025-09-26 00:00:00,0.03571428571428571,0.0,0.9
2025-09-26 06:00:00,weekly2,2025-02-01 00:00:00,2025-09-26 06:00:00,28,2025-08-29,2025-09-25,2025-09-26 06:00:00,0.03571428571428571,-0.006061111111111111,0.9
2025-09-26 12:00:00,weekly2,2025-02-01 00:00:00,2025-09-26 12:00:00,28,2025-08-29,2025-09-25,2025-09-26 12:00:00,0.03571428571428571,0.039844444444444446,0.9
2025-09-26 18:00:00,weekly2,2025-02-01 00:00:00,2025-09-26 18:00:00,28,2025-08-29,2025-09-25,2025-09-26 18:00:00,0.03571428571428571,0.014343055555555546,0.9
2025-09-27 00:00:00,weekly2,2025-02-01 00:00:00,2025-09-27 00:00:00,28,2025-08-30,2025-09-26,2025-09-27 00:00:00,0.03571428571428571,0.0,0.9
2025-09-27 06:00:00,weekly2,2025-02-01 00:00:00,2025-09-27 06:00:00,28,2025-08-30,2025-09-26,2025-09-27 06:00:00,0.03571428571428571,0.010220833333333339,0.9
2025-09-27 12:00:00,weekly2,2025-02-01 00:00:00,2025-09-27 12:00:00,28,2025-08-30,2025-09-26,2025-09-27 12:00:00,0.03571428571428571,0.021440277777777784,0.9
2025-09-27 18:00:00,weekly2,2025-02-01 00:00:00,2025-09-27 18:00:00,28,2025-08-30,2025-09-26,2025-09-27 18:00:00,0.03571428571428571,0.044636111111111126,0.9
2025-09-28 00:00:00,weekly2,2025-02-01 00:00:00,2025-09-28 00:00:00,28,2025-08-31,2025-09-27,2025-09-28 00:00:00,0.03571428571428571,0.0,0.9
2025-09-28 06:00:00,weekly2,2025-02-01 00:00:00,2025-09-28 06:00:00,28,2025-08-31,2025-09-27,2025-09-28 06:00:00,0.03571428571428571,-0.0029597222222222186,0.9
2025-09-28 12:00:00,weekly2,2025-02-01 00:00:00,2025-09-28 12:00:00,28,2025-08-31,2025-09-27,2025-09-28 12:00:00,0.03571428571428571,0.03551944444444444,0.9
2025-09-28 18:00:00,weekly2,2025-02-01 00:00:00,2025-09-28 18:00:00,28,2025-08-31,2025-09-27,2025-09-28 18:00:00,0.03571428571428571,0.025641666666666653,0.9
2025-09-29 00:00:00,weekly2,2025-02-01 00:00:00,2025-09-29 00:00:00,28,2025-09-01,2025-09-28,2025-09-29 00:00:00,0.03571428571428571,0.0,0.9
2025-09-29 06:00:00,weekly2,2025-02-01 00:00:00,2025-09-29 06:00:00,28,2025-09-01,2025-09-28,2025-09-29 06:00:00,0.03571428571428571,-0.0024041666666666716,0.9
2025-09-29 12:00:00,weekly2,2025-02-01 00:00:00,2025-09-29 12:00:00,28,2025-09-01,2025-09-28,2025-09-29 12:00:00,0.03571428571428571,0.04338333333333334,0.9
2025-09-29 18:00:00,weekly2,2025-02-01 00:00:00,2025-09-29 18:00:00,28,2025-09-01,2025-09-28,2025-09-29 18:00:00,0.03571428571428571,0.029106944444444435,0.9
2025-09-30 00:00:00,weekly2,2025-02-01 00:00:00,2025-09-30 00:00:00,28,2025-09-02,2025-09-29,2025-09-30 00:00:00,0.03571428571428571,0.0,0.9
2025-09-30 06:00:00,weekly2,2025-02-01 00:00:00,2025-09-30 06:00:00,28,2025-09-02,2025-09-29,2025-09-30 06:00:00,0.03571428571428571,-0.009555555555555557,0.9
2025-09-30 12:00:00,weekly2,2025-02-01 00:00:00,2025-09-30 12:00:00,28,2025-09-02,2025-09-29,2025-09-30 12:00:00,0.03571428571428571,0.058838888888888885,0.9
2025-09-30 18:00:00,weekly2,2025-02-01 00:00:00,2025-09-30 18:00:00,28,2025-09-02,2025-09-29,2025-09-30 18:00:00,0.03571428571428571,0.022765277777777752,0.9
2025-10-01 00:00:00,weekly2,2025-02-01 00:00:00,2025-10-01 00:00:00,28,2025-09-03,2025-09-30,2025-10-01 00:00:00,0.03571428571428571,0.0,0.9
2025-10-01 06:00:00,weekly2,2025-02-01 00:00:00,2025-10-01 06:00:00,28,2025-09-03,2025-09-30,2025-10-01 06:00:00,0.03571428571428571,0.0026694444444444417,0.9
2025-10-01 12:00:00,weekly2,2025-02-01 00:00:00,2025-10-01 12:00:00,28,2025-09-03,2025-09-30,2025-10-01 12:00:00,0.03571428571428571,-0.07751250000000001,0.9
2025-10-01 18:00:00,weekly2,2025-02-01 00:00:00,2025-10-01 18:00:00,28,2025-09-03,2025-09-30,2025-10-01 18:00:00,0.03571428571428571,-0.028436111111111106,0.9
2025-10-02 00:00:00,weekly2,2025-02-01 00:00:00,2025-10-02 00:00:00,28,2025-09-04,2025-10-01,2025-10-02 00:00:00,0.03571428571428571,0.0,0.9
2025-10-02 06:00:00,weekly2,2025-02-01 00:00:00,2025-10-02 06:00:00,28,2025-09-04,2025-10-01,2025-10-02 06:00:00,0.03571428571428571,-0.003213888888888879,0.9
2025-10-02 12:00:00,weekly2,2025-02-01 00:00:00,2025-10-02 12:00:00,28,2025-09-04,2025-10-01,2025-10-02 12:00:00,0.03571428571428571,-0.02704722222222222,0.9
2025-10-02 18:00:00,weekly2,2025-02-01 00:00:00,2025-10-02 18:00:00,28,2025-09-04,2025-10-01,2025-10-02 18:00:00,0.03571428571428571,-0.05199583333333331,0.9
2025-10-03 00:00:00,weekly2,2025-02-01 00:00:00,2025-10-03 00:00:00,28,2025-09-05,2025-10-02,2025-10-03 00:00:00,0.03571428571428571,0.0,0.9
2025-10-03 06:00:00,weekly2,2025-02-01 00:00:00,2025-10-03 06:00:00,28,2025-09-05,2025-10-02,2025-10-03 06:00:00,0.03571428571428571,-0.0023458333333333295,0.9
2025-10-03 12:00:00,weekly2,2025-02-01 00:00:00,2025-10-03 12:00:00,28,2025-09-05,2025-10-02,2025-10-03 12:00:00,0.03571428571428571,-0.051537500000000014,0.9
2025-10-03 18:00:00,weekly2,2025-02-01 00:00:00,2025-10-03 18:00:00,28,2025-09-05,2025-10-02,2025-10-03 18:00:00,0.03571428571428571,-0.045355555555555545,0.9
2025-10-04 00:00:00,weekly2,2025-02-01 00:00:00,2025-10-04 00:00:00,28,2025-09-06,2025-10-03,2025-10-04 00:00:00,0.03571428571428571,0.0,0.9
2025-10-04 06:00:00,weekly2,2025-02-01 00:00:00,2025-10-04 06:00:00,28,2025-09-06,2025-10-03,2025-10-04 06:00:00,0.03571428571428571,0.0031208333333333275,0.9
2025-10-04 12:00:00,weekly2,2025-02-01 00:00:00,2025-10-04 12:00:00,28,2025-09-06,2025-10-03,2025-10-04 12:00:00,0.03571428571428571,0.02616111111111111,0.9
2025-10-04 18:00:00,weekly2,2025-02-01 00:00:00,2025-10-04 18:00:00,28,2025-09-06,2025-10-03,2025-10-04 18:00:00,0.03571428571428571,-0.02595694444444445,0.9
2025-10-05 00:00:00,weekly2,2025-02-01 00:00:00,2025-10-05 00:00:00,28,2025-09-07,2025-10-04,2025-10-05 00:00:00,0.03571428571428571,0.0,0.9
2025-10-05 06:00:00,weekly2,2025-02-01 00:00:00,2025-10-05 06:00:00,28,2025-09-07,2025-10-04,2025-10-05 06:00:00,0.03571428571428571,0.0006138888888888891,0.9
2025-10-05 12:00:00,weekly2,2025-02-01 00:00:00,2025-10-05 12:00:00,28,2025-09-07,2025-10-04,2025-10-05 12:00:00,0.03571428571428571,-0.02673611111111111,0.9
2025-10-05 18:00:00,weekly2,2025-02-01 00:00:00,2025-10-05 18:00:00,28,2025-09-07,2025-10-04,2025-10-05 18:00:00,0.03571428571428571,-0.046547222222222205,0.9
2025-10-06 00:00:00,weekly2,2025-02-01 00:00:00,2025-10-06 00:00:00,28,2025-09-08,2025-10-05,2025-10-06 00:00:00,0.03571428571428571,0.0,0.9
2025-10-06 06:00:00,weekly2,2025-02-01 00:00:00,2025-10-06 06:00:00,28,2025-09-08,2025-10-05,2025-10-06 06:00:00,0.03571428571428571,0.010601388888888893,0.9
2025-10-06 12:00:00,weekly2,2025-02-01 00:00:00,2025-10-06 12:00:00,28,2025-09-08,2025-10-05,2025-10-06 12:00:00,0.03571428571428571,-0.012943055555555538,0.9
2025-10-06 18:00:00,weekly2,2025-02-01 00:00:00,2025-10-06 18:00:00,28,2025-09-08,2025-10-05,2025-10-06 18:00:00,0.03571428571428571,-0.021929166666666652,0.9
2025-10-07 00:00:00,weekly2,2025-02-01 00:00:00,2025-10-07 00:00:00,28,2025-09-09,2025-10-06,2025-10-07 00:00:00,0.03571428571428571,0.0,0.9
2025-10-07 06:00:00,weekly2,2025-02-01 00:00:00,2025-10-07 06:00:00,28,2025-09-09,2025-10-06,2025-10-07 06:00:00,0.03571428571428571,0.009716666666666662,0.9
2025-10-07 12:00:00,weekly2,2025-02-01 00:00:00,2025-10-07 12:00:00,28,2025-09-09,2025-10-06,2025-10-07 12:00:00,0.03571428571428571,-0.018819444444444427,0.9
2025-10-07 18:00:00,weekly2,2025-02-01 00:00:00,2025-10-07 18:00:00,28,2025-09-09,2025-10-06,2025-10-07 18:00:00,0.03571428571428571,-0.04109722222222226,0.9
2025-10-08 00:00:00,weekly2,2025-02-01 00:00:00,2025-10-08 00:00:00,28,2025-09-10,2025-10-07,2025-10-08 00:00:00,0.03571428571428571,0.0,0.9
2025-10-08 06:00:00,weekly2,2025-02-01 00:00:00,2025-10-08 06:00:00,28,2025-09-10,2025-10-07,2025-10-08 06:00:00,0.03571428571428571,0.0025305555555555576,0.9
2025-10-08 12:00:00,weekly2,2025-02-01 00:00:00,2025-10-08 12:00:00,28,2025-09-10,2025-10-07,2025-10-08 12:00:00,0.03571428571428571,0.028897222222222217,0.9
2025-10-08 18:00:00,weekly2,2025-02-01 00:00:00,2025-10-08 18:00:00,28,2025-09-10,2025-10-07,2025-10-08 18:00:00,0.03571428571428571,0.007541666666666679,0.9
2025-10-09 00:00:00,weekly2,2025-02-01 00:00:00,2025-10-09 00:00:00,28,2025-09-11,2025-10-08,2025-10-09 00:00:00,0.03571428571428571,0.0,0.9
2025-10-09 06:00:00,weekly2,2025-02-01 00:00:00,2025-10-09 06:00:00,28,2025-09-11,2025-10-08,2025-10-09 06:00:00,0.03571428571428571,0.012401388888888889,0.9
2025-10-09 12:00:00,weekly2,2025-02-01 00:00:00,2025-10-09 12:00:00,28,2025-09-11,2025-10-08,2025-10-09 12:00:00,0.03571428571428571,0.01676666666666669,0.9
2025-10-09 18:00:00,weekly2,2025-02-01 00:00:00,2025-10-09 18:00:00,28,2025-09-11,2025-10-08,2025-10-09 18:00:00,0.03571428571428571,-0.008201388888888892,0.9
2025-10-10 00:00:00,weekly2,2025-02-01 00:00:00,2025-10-10 00:00:00,28,2025-09-12,2025-10-09,2025-10-10 00:00:00,0.03571428571428571,0.0,0.9
2025-10-10 06:00:00,weekly2,2025-02-01 00:00:00,2025-10-10 06:00:00,28,2025-09-12,2025-10-09,2025-10-10 06:00:00,0.03571428571428571,0.001287500000000003,0.9
2025-10-10 12:00:00,weekly2,2025-02-01 00:00:00,2025-10-10 12:00:00,28,2025-09-12,2025-10-09,2025-10-10 12:00:00,0.03571428571428571,-0.020804166666666665,0.9
2025-10-10 18:00:00,weekly2,2025-02-01 00:00:00,2025-10-10 18:00:00,28,2025-09-12,2025-10-09,2025-10-10 18:00:00,0.03571428571428571,-0.028374999999999997,0.9
2025-10-11 00:00:00,weekly2,2025-02-01 00:00:00,2025-10-11 00:00:00,28,2025-09-13,2025-10-10,2025-10-11 00:00:00,0.03571428571428571,0.0,0.9
2025-10-11 06:00:00,weekly2,2025-02-01 00:00:00,2025-10-11 06:00:00,28,2025-09-13,2025-10-10,2025-10-11 06:00:00,0.03571428571428571,-0.0004305555555555513,0.9
2025-10-11 12:00:00,weekly2,2025-02-01 00:00:00,2025-10-11 12:00:00,28,2025-09-13,2025-10-10,2025-10-11 12:00:00,0.03571428571428571,0.018952777777777777,0.9
2025-10-11 18:00:00,weekly2,2025-02-01 00:00:00,2025-10-11 18:00:00,28,2025-09-13,2025-10-10,2025-10-11 18:00:00,0.03571428571428571,-0.03201388888888889,0.9
2025-10-12 00:00:00,weekly2,2025-02-01 00:00:00,2025-10-12 00:00:00,28,2025-09-14,2025-10-11,2025-10-12 00:00:00,0.03571428571428571,0.0,0.9
2025-10-12 06:00:00,weekly2,2025-02-01 00:00:00,2025-10-12 06:00:00,28,2025-09-14,2025-10-11,2025-10-12 06:00:00,0.03571428571428571,-0.015791666666666673,0.9
2025-10-12 12:00:00,weekly2,2025-02-01 00:00:00,2025-10-12 12:00:00,28,2025-09-14,2025-10-11,2025-10-12 12:00:00,0.03571428571428571,0.011922222222222214,0.9
2025-10-12 18:00:00,weekly2,2025-02-01 00:00:00,2025-10-12 18:00:00,28,2025-09-14,2025-10-11,2025-10-12 18:00:00,0.03571428571428571,0.0029874999999999884,0.9
2025-10-13 00:00:00,weekly2,2025-02-01 00:00:00,2025-10-13 00:00:00,28,2025-09-15,2025-10-12,2025-10-13 00:00:00,0.03571428571428571,0.0,0.9
2025-10-13 06:00:00,weekly2,2025-02-01 00:00:00,2025-10-13 06:00:00,28,2025-09-15,2025-10-12,2025-10-13 06:00:00,0.03571428571428571,-0.005636111111111104,0.9
2025-10-13 12:00:00,weekly2,2025-02-01 00:00:00,2025-10-13 12:00:00,28,2025-09-15,2025-10-12,2025-10-13 12:00:00,0.03571428571428571,-0.008220833333333358,0.9
2025-10-13 18:00:00,weekly2,2025-02-01 00:00:00,2025-10-13 18:00:00,28,2025-09-15,2025-10-12,2025-10-13 18:00:00,0.03571428571428571,-0.015719444444444435,0.9
2025-10-14 00:00:00,weekly2,2025-02-01 00:00:00,2025-10-14 00:00:00,28,2025-09-16,2025-10-13,2025-10-14 00:00:00,0.03571428571428571,0.0,0.9
2025-10-14 06:00:00,weekly2,2025-02-01 00:00:00,2025-10-14 06:00:00,28,2025-09-16,2025-10-13,2025-10-14 06:00:00,0.03571428571428571,0.006183333333333337,0.9
2025-10-14 12:00:00,weekly2,2025-02-01 00:00:00,2025-10-14 12:00:00,28,2025-09-16,2025-10-13,2025-10-14 12:00:00,0.03571428571428571,-0.0012833333333333492,0.9
2025-10-14 18:00:00,weekly2,2025-02-01 00:00:00,2025-10-14 18:00:00,28,2025-09-16,2025-10-13,2025-10-14 18:00:00,0.03571428571428571,-0.01214305555555554,0.9
2025-10-15 00:00:00,weekly2,2025-02-01 00:00:00,2025-10-15 00:00:00,28,2025-09-17,2025-10-14,2025-10-15 00:00:00,0.03571428571428571,0.0,0.9
2025-10-15 06:00:00,weekly2,2025-02-01 00:00:00,2025-10-15 06:00:00,28,2025-09-17,2025-10-14,2025-10-15 06:00:00,0.03571428571428571,0.009312499999999994,0.9
2025-10-15 12:00:00,weekly2,2025-02-01 00:00:00,2025-10-15 12:00:00,28,2025-09-17,2025-10-14,2025-10-15 12:00:00,0.03571428571428571,0.059394444444444444,0.9
2025-10-15 18:00:00,weekly2,2025-02-01 00:00:00,2025-10-15 18:00:00,28,2025-09-17,2025-10-14,2025-10-15 18:00:00,0.03571428571428571,0.03743333333333334,0.9
2025-10-16 00:00:00,weekly2,2025-02-01 00:00:00,2025-10-16 00:00:00,28,2025-09-18,2025-10-15,2025-10-16 00:00:00,0.03571428571428571,0.0,0.9
2025-10-16 06:00:00,weekly2,2025-02-01 00:00:00,2025-10-16 06:00:00,28,2025-09-18,2025-10-15,2025-10-16 06:00:00,0.03571428571428571,-0.009416666666666674,0.9
2025-10-16 12:00:00,weekly2,2025-02-01 00:00:00,2025-10-16 12:00:00,28,2025-09-18,2025-10-15,2025-10-16 12:00:00,0.03571428571428571,0.041170833333333316,0.9
2025-10-16 18:00:00,weekly2,2025-02-01 00:00:00,2025-10-16 18:00:00,28,2025-09-18,2025-10-15,2025-10-16 18:00:00,0.03571428571428571,0.09750416666666667,0.9
2025-10-17 00:00:00,weekly2,2025-02-01 00:00:00,2025-10-17 00:00:00,28,2025-09-19,2025-10-16,2025-10-17 00:00:00,0.03571428571428571,0.0,0.9
2025-10-17 06:00:00,weekly2,2025-02-01 00:00:00,2025-10-17 06:00:00,28,2025-09-19,2025-10-16,2025-10-17 06:00:00,0.03571428571428571,-0.0002291666666666661,0.9
2025-10-17 12:00:00,weekly2,2025-02-01 00:00:00,2025-10-17 12:00:00,28,2025-09-19,2025-10-16,2025-10-17 12:00:00,0.03571428571428571,0.03999999999999999,0.9
2025-10-17 18:00:00,weekly2,2025-02-01 00:00:00,2025-10-17 18:00:00,28,2025-09-19,2025-10-16,2025-10-17 18:00:00,0.03571428571428571,0.062363888888888885,0.9
2025-10-18 00:00:00,weekly2,2025-02-01 00:00:00,2025-10-18 00:00:00,28,2025-09-20,2025-10-17,2025-10-18 00:00:00,0.03571428571428571,0.0,0.9
2025-10-18 06:00:00,weekly2,2025-02-01 00:00:00,2025-10-18 06:00:00,28,2025-09-20,2025-10-17,2025-10-18 06:00:00,0.03571428571428571,-0.0070527777777777785,0.9
2025-10-18 12:00:00,weekly2,2025-02-01 00:00:00,2025-10-18 12:00:00,28,2025-09-20,2025-10-17,2025-10-18 12:00:00,0.03571428571428571,-0.020645833333333332,0.9
2025-10-18 18:00:00,weekly2,2025-02-01 00:00:00,2025-10-18 18:00:00,28,2025-09-20,2025-10-17,2025-10-18 18:00:00,0.03571428571428571,0.028201388888888883,0.9
2025-10-19 00:00:00,weekly2,2025-02-01 00:00:00,2025-10-19 00:00:00,28,2025-09-21,2025-10-18,2025-10-19 00:00:00,0.03571428571428571,0.0,0.9
2025-10-19 06:00:00,weekly2,2025-02-01 00:00:00,2025-10-19 06:00:00,28,2025-09-21,2025-10-18,2025-10-19 06:00:00,0.03571428571428571,0.002518055555555551,0.9
2025-10-19 12:00:00,weekly2,2025-02-01 00:00:00,2025-10-19 12:00:00,28,2025-09-21,2025-10-18,2025-10-19 12:00:00,0.03571428571428571,0.03564444444444444,0.9
2025-10-19 18:00:00,weekly2,2025-02-01 00:00:00,2025-10-19 18:00:00,28,2025-09-21,2025-10-18,2025-10-19 18:00:00,0.03571428571428571,0.07046805555555556,0.9
2025-10-20 00:00:00,weekly2,2025-02-01 00:00:00,2025-10-20 00:00:00,28,2025-09-22,2025-10-19,2025-10-20 00:00:00,0.03571428571428571,0.0,0.9
2025-10-20 06:00:00,weekly2,2025-02-01 00:00:00,2025-10-20 06:00:00,28,2025-09-22,2025-10-19,2025-10-20 06:00:00,0.03571428571428571,-0.00826805555555556,0.9
2025-10-20 12:00:00,weekly2,2025-02-01 00:00:00,2025-10-20 12:00:00,28,2025-09-22,2025-10-19,2025-10-20 12:00:00,0.03571428571428571,0.05530138888888889,0.9
2025-10-20 18:00:00,weekly2,2025-02-01 00:00:00,2025-10-20 18:00:00,28,2025-09-22,2025-10-19,2025-10-20 18:00:00,0.03571428571428571,0.03388611111111109,0.9
2025-10-21 00:00:00,weekly2,2025-02-01 00:00:00,2025-10-21 00:00:00,28,2025-09-23,2025-10-20,2025-10-21 00:00:00,0.03571428571428571,0.0,0.9
2025-10-21 06:00:00,weekly2,2025-02-01 00:00:00,2025-10-21 06:00:00,28,2025-09-23,2025-10-20,2025-10-21 06:00:00,0.03571428571428571,-0.0044611111111111,0.9
2025-10-21 12:00:00,weekly2,2025-02-01 00:00:00,2025-10-21 12:00:00,28,2025-09-23,2025-10-20,2025-10-21 12:00:00,0.03571428571428571,0.05307083333333333,0.9
2025-10-21 18:00:00,weekly2,2025-02-01 00:00:00,2025-10-21 18:00:00,28,2025-09-23,2025-10-20,2025-10-21 18:00:00,0.03571428571428571,0.058172222222222215,0.9
2025-10-22 00:00:00,weekly2,2025-02-01 00:00:00,2025-10-22 00:00:00,28,2025-09-24,2025-10-21,2025-10-22 00:00:00,0.03571428571428571,0.0,0.9
2025-10-22 06:00:00,weekly2,2025-02-01 00:00:00,2025-10-22 06:00:00,28,2025-09-24,2025-10-21,2025-10-22 06:00:00,0.03571428571428571,-0.008661111111111107,0.9
2025-10-22 12:00:00,weekly2,2025-02-01 00:00:00,2025-10-22 12:00:00,28,2025-09-24,2025-10-21,2025-10-22 12:00:00,0.03571428571428571,0.0727888888888889,0.9
2025-10-22 18:00:00,weekly2,2025-02-01 00:00:00,2025-10-22 18:00:00,28,2025-09-24,2025-10-21,2025-10-22 18:00:00,0.03571428571428571,0.02930000000000001,0.9
2025-10-23 00:00:00,weekly2,2025-02-01 00:00:00,2025-10-23 00:00:00,28,2025-09-25,2025-10-22,2025-10-23 00:00:00,0.03571428571428571,0.0,0.9
2025-10-23 06:00:00,weekly2,2025-02-01 00:00:00,2025-10-23 06:00:00,28,2025-09-25,2025-10-22,2025-10-23 06:00:00,0.03571428571428571,-0.00898333333333333,0.9
2025-10-23 12:00:00,weekly2,2025-02-01 00:00:00,2025-10-23 12:00:00,28,2025-09-25,2025-10-22,2025-10-23 12:00:00,0.03571428571428571,0.028208333333333335,0.9
2025-10-23 18:00:00,weekly2,2025-02-01 00:00:00,2025-10-23 18:00:00,28,2025-09-25,2025-10-22,2025-10-23 18:00:00,0.03571428571428571,0.027445833333333343,0.9
2025-10-24 00:00:00,weekly2,2025-02-01 00:00:00,2025-10-24 00:00:00,28,2025-09-26,2025-10-23,2025-10-24 00:00:00,0.03571428571428571,0.0,0.9
2025-10-24 06:00:00,weekly2,2025-02-01 00:00:00,2025-10-24 06:00:00,28,2025-09-26,2025-10-23,2025-10-24 06:00:00,0.03571428571428571,0.003766666666666668,0.9
2025-10-24 12:00:00,weekly2,2025-02-01 00:00:00,2025-10-24 12:00:00,28,2025-09-26,2025-10-23,2025-10-24 12:00:00,0.03571428571428571,0.044470833333333334,0.9
2025-10-24 18:00:00,weekly2,2025-02-01 00:00:00,2025-10-24 18:00:00,28,2025-09-26,2025-10-23,2025-10-24 18:00:00,0.03571428571428571,0.05125277777777778,0.9
2025-10-25 00:00:00,weekly2,2025-02-01 00:00:00,2025-10-25 00:00:00,28,2025-09-27,2025-10-24,2025-10-25 00:00:00,0.03571428571428571,0.0,0.9
2025-10-25 06:00:00,weekly2,2025-02-01 00:00:00,2025-10-25 06:00:00,28,2025-09-27,2025-10-24,2025-10-25 06:00:00,0.03571428571428571,0.016049999999999995,0.9
2025-10-25 12:00:00,weekly2,2025-02-01 00:00:00,2025-10-25 12:00:00,28,2025-09-27,2025-10-24,2025-10-25 12:00:00,0.03571428571428571,0.022197222222222215,0.9
2025-10-25 18:00:00,weekly2,2025-02-01 00:00:00,2025-10-25 18:00:00,28,2025-09-27,2025-10-24,2025-10-25 18:00:00,0.03571428571428571,0.032977777777777766,0.9
2025-10-26 00:00:00,weekly2,2025-02-01 00:00:00,2025-10-26 00:00:00,28,2025-09-28,2025-10-25,2025-10-26 00:00:00,0.03571428571428571,0.0,0.9
2025-10-26 06:00:00,weekly2,2025-02-01 00:00:00,2025-10-26 06:00:00,28,2025-09-28,2025-10-25,2025-10-26 06:00:00,0.03571428571428571,0.010488888888888886,0.9
2025-10-26 12:00:00,weekly2,2025-02-01 00:00:00,2025-10-26 12:00:00,28,2025-09-28,2025-10-25,2025-10-26 12:00:00,0.03571428571428571,0.016363888888888893,0.9
2025-10-26 18:00:00,weekly2,2025-02-01 00:00:00,2025-10-26 18:00:00,28,2025-09-28,2025-10-25,2025-10-26 18:00:00,0.03571428571428571,0.0193097222222222,0.9
2025-10-27 00:00:00,weekly2,2025-02-01 00:00:00,2025-10-27 00:00:00,28,2025-09-29,2025-10-26,2025-10-27 00:00:00,0.03571428571428571,0.0,0.9
2025-10-27 06:00:00,weekly2,2025-02-01 00:00:00,2025-10-27 06:00:00,28,2025-09-29,2025-10-26,2025-10-27 06:00:00,0.03571428571428571,-0.009711111111111106,0.9
2025-10-27 12:00:00,weekly2,2025-02-01 00:00:00,2025-10-27 12:00:00,28,2025-09-29,2025-10-26,2025-10-27 12:00:00,0.03571428571428571,-0.0010833333333333344,0.9
2025-10-27 18:00:00,weekly2,2025-02-01 00:00:00,2025-10-27 18:00:00,28,2025-09-29,2025-10-26,2025-10-27 18:00:00,0.03571428571428571,0.0339236111111111,0.9
2025-10-28 00:00:00,weekly2,2025-02-01 00:00:00,2025-10-28 00:00:00,28,2025-09-30,2025-10-27,2025-10-28 00:00:00,0.03571428571428571,0.0,0.9
2025-10-28 06:00:00,weekly2,2025-02-01 00:00:00,2025-10-28 06:00:00,28,2025-09-30,2025-10-27,2025-10-28 06:00:00,0.03571428571428571,-0.0020152777777777903,0.9
2025-10-28 12:00:00,weekly2,2025-02-01 00:00:00,2025-10-28 12:00:00,28,2025-09-30,2025-10-27,2025-10-28 12:00:00,0.03571428571428571,-0.006099999999999988,0.9
2025-10-28 18:00:00,weekly2,2025-02-01 00:00:00,2025-10-28 18:00:00,28,2025-09-30,2025-10-27,2025-10-28 18:00:00,0.03571428571428571,0.031898611111111135,0.9
2025-10-29 00:00:00,weekly2,2025-02-01 00:00:00,2025-10-29 00:00:00,28,2025-10-01,2025-10-28,2025-10-29 00:00:00,0.03571428571428571,0.0,0.9
2025-10-29 06:00:00,weekly2,2025-02-01 00:00:00,2025-10-29 06:00:00,28,2025-10-01,2025-10-28,2025-10-29 06:00:00,0.03571428571428571,-0.004465277777777775,0.9
2025-10-29 12:00:00,weekly2,2025-02-01 00:00:00,2025-10-29 12:00:00,28,2025-10-01,2025-10-28,2025-10-29 12:00:00,0.03571428571428571,0.039427777777777784,0.9
2025-10-29 18:00:00,weekly2,2025-02-01 00:00:00,2025-10-29 18:00:00,28,2025-10-01,2025-10-28,2025-10-29 18:00:00,0.03571428571428571,0.04846944444444444,0.9
2025-10-30 00:00:00,weekly2,2025-02-01 00:00:00,2025-10-30 00:00:00,28,2025-10-02,2025-10-29,2025-10-30 00:00:00,0.03571428571428571,0.0,0.9
2025-10-30 06:00:00,weekly2,2025-02-01 00:00:00,2025-10-30 06:00:00,28,2025-10-02,2025-10-29,2025-10-30 06:00:00,0.03571428571428571,0.005495833333333331,0.9
2025-10-30 12:00:00,weekly2,2025-02-01 00:00:00,2025-10-30 12:00:00,28,2025-10-02,2025-10-29,2025-10-30 12:00:00,0.03571428571428571,0.011351388888888895,0.9
2025-10-30 18:00:00,weekly2,2025-02-01 00:00:00,2025-10-30 18:00:00,28,2025-10-02,2025-10-29,2025-10-30 18:00:00,0.03571428571428571,0.01276250000000001,0.9
2025-10-31 00:00:00,weekly2,2025-02-01 00:00:00,2025-10-31 00:00:00,28,2025-10-03,2025-10-30,2025-10-31 00:00:00,0.03571428571428571,0.0,0.9
2025-10-31 06:00:00,weekly2,2025-02-01 00:00:00,2025-10-31 06:00:00,28,2025-10-03,2025-10-30,2025-10-31 06:00:00,0.03571428571428571,0.0005986111111111115,0.9
2025-10-31 12:00:00,weekly2,2025-02-01 00:00:00,2025-10-31 12:00:00,28,2025-10-03,2025-10-30,2025-10-31 12:00:00,0.03571428571428571,0.05599166666666669,0.9
2025-10-31 18:00:00,weekly2,2025-02-01 00:00:00,2025-10-31 18:00:00,28,2025-10-03,2025-10-30,2025-10-31 18:00:00,0.03571428571428571,0.04127777777777778,0.9
2025-11-01 00:00:00,weekly2,2025-02-01 00:00:00,2025-11-01 00:00:00,28,2025-10-04,2025-10-31,2025-11-01 00:00:00,0.03571428571428571,0.0,0.9
2025-11-01 06:00:00,weekly2,2025-02-01 00:00:00,2025-11-01 06:00:00,28,2025-10-04,2025-10-31,2025-11-01 06:00:00,0.03571428571428571,-0.010922222222222222,0.9
2025-11-01 12:00:00,weekly2,2025-02-01 00:00:00,2025-11-01 12:00:00,28,2025-10-04,2025-10-31,2025-11-01 12:00:00,0.03571428571428571,0.023083333333333338,0.9
2025-11-01 18:00:00,weekly2,2025-02-01 00:00:00,2025-11-01 18:00:00,28,2025-10-04,2025-10-31,2025-11-01 18:00:00,0.03571428571428571,0.042598611111111115,0.9
2025-11-02 00:00:00,weekly2,2025-02-01 00:00:00,2025-11-02 00:00:00,28,2025-10-05,2025-11-01,2025-11-02 00:00:00,0.03571428571428571,0.0,0.9
2025-11-02 06:00:00,weekly2,2025-02-01 00:00:00,2025-11-02 06:00:00,28,2025-10-05,2025-11-01,2025-11-02 06:00:00,0.03571428571428571,0.008626388888888899,0.9
2025-11-02 12:00:00,weekly2,2025-02-01 00:00:00,2025-11-02 12:00:00,28,2025-10-05,2025-11-01,2025-11-02 12:00:00,0.03571428571428571,0.03556527777777778,0.9
2025-11-02 18:00:00,weekly2,2025-02-01 00:00:00,2025-11-02 18:00:00,28,2025-10-05,2025-11-01,2025-11-02 18:00:00,0.03571428571428571,0.015440277777777789,0.9
2025-11-03 00:00:00,weekly2,2025-02-01 00:00:00,2025-11-03 00:00:00,28,2025-10-06,2025-11-02,2025-11-03 00:00:00,0.03571428571428571,0.0,0.9
2025-11-03 06:00:00,weekly2,2025-02-01 00:00:00,2025-11-03 06:00:00,28,2025-10-06,2025-11-02,2025-11-03 06:00:00,0.03571428571428571,0.004794444444444447,0.9
2025-11-03 12:00:00,weekly2,2025-02-01 00:00:00,2025-11-03 12:00:00,28,2025-10-06,2025-11-02,2025-11-03 12:00:00,0.03571428571428571,0.03970833333333333,0.9
2025-11-03 18:00:00,weekly2,2025-02-01 00:00:00,2025-11-03 18:00:00,28,2025-10-06,2025-11-02,2025-11-03 18:00:00,0.03571428571428571,0.03319444444444446,0.9
2025-11-04 00:00:00,weekly2,2025-02-01 00:00:00,2025-11-04 00:00:00,28,2025-10-07,2025-11-03,2025-11-04 00:00:00,0.03571428571428571,0.0,0.9
2025-11-04 06:00:00,weekly2,2025-02-01 00:00:00,2025-11-04 06:00:00,28,2025-10-07,2025-11-03,2025-11-04 06:00:00,0.03571428571428571,-0.010059722222222216,0.9
2025-11-04 12:00:00,weekly2,2025-02-01 00:00:00,2025-11-04 12:00:00,28,2025-10-07,2025-11-03,2025-11-04 12:00:00,0.03571428571428571,0.015698611111111115,0.9
2025-11-04 18:00:00,weekly2,2025-02-01 00:00:00,2025-11-04 18:00:00,28,2025-10-07,2025-11-03,2025-11-04 18:00:00,0.03571428571428571,-0.000406944444444432,0.9
2025-11-05 00:00:00,weekly2,2025-02-01 00:00:00,2025-11-05 00:00:00,28,2025-10-08,2025-11-04,2025-11-05 00:00:00,0.03571428571428571,0.0,0.9
2025-11-05 06:00:00,weekly2,2025-02-01 00:00:00,2025-11-05 06:00:00,28,2025-10-08,2025-11-04,2025-11-05 06:00:00,0.03571428571428571,-0.00035138888888889647,0.9
2025-11-05 12:00:00,weekly2,2025-02-01 00:00:00,2025-11-05 12:00:00,28,2025-10-08,2025-11-04,2025-11-05 12:00:00,0.03571428571428571,0.009059722222222236,0.9
2025-11-05 18:00:00,weekly2,2025-02-01 00:00:00,2025-11-05 18:00:00,28,2025-10-08,2025-11-04,2025-11-05 18:00:00,0.03571428571428571,0.0266388888888889,0.9
2025-11-06 00:00:00,weekly2,2025-02-01 00:00:00,2025-11-06 00:00:00,28,2025-10-09,2025-11-05,2025-11-06 00:00:00,0.03571428571428571,0.0,0.9
2025-11-06 06:00:00,weekly2,2025-02-01 00:00:00,2025-11-06 06:00:00,28,2025-10-09,2025-11-05,2025-11-06 06:00:00,0.03571428571428571,0.0073805555555555525,0.9
2025-11-06 12:00:00,weekly2,2025-02-01 00:00:00,2025-11-06 12:00:00,28,2025-10-09,2025-11-05,2025-11-06 12:00:00,0.03571428571428571,0.06884583333333334,0.9
2025-11-06 18:00:00,weekly2,2025-02-01 00:00:00,2025-11-06 18:00:00,28,2025-10-09,2025-11-05,2025-11-06 18:00:00,0.03571428571428571,0.02868750000000002,0.9
2025-11-07 00:00:00,weekly2,2025-02-01 00:00:00,2025-11-07 00:00:00,28,2025-10-10,2025-11-06,2025-11-07 00:00:00,0.03571428571428571,0.0,0.9
2025-11-07 06:00:00,weekly2,2025-02-01 00:00:00,2025-11-07 06:00:00,28,2025-10-10,2025-11-06,2025-11-07 06:00:00,0.03571428571428571,0.00459722222222222,0.9
2025-11-07 12:00:00,weekly2,2025-02-01 00:00:00,2025-11-07 12:00:00,28,2025-10-10,2025-11-06,2025-11-07 12:00:00,0.03571428571428571,0.03766111111111108,0.9
2025-11-07 18:00:00,weekly2,2025-02-01 00:00:00,2025-11-07 18:00:00,28,2025-10-10,2025-11-06,2025-11-07 18:00:00,0.03571428571428571,-0.012529166666666662,0.9
2025-11-08 00:00:00,weekly2,2025-02-01 00:00:00,2025-11-08 00:00:00,28,2025-10-11,2025-11-07,2025-11-08 00:00:00,0.03571428571428571,0.0,0.9
2025-11-08 06:00:00,weekly2,2025-02-01 00:00:00,2025-11-08 06:00:00,28,2025-10-11,2025-11-07,2025-11-08 06:00:00,0.03571428571428571,-0.00986527777777778,0.9
2025-11-08 12:00:00,weekly2,2025-02-01 00:00:00,2025-11-08 12:00:00,28,2025-10-11,2025-11-07,2025-11-08 12:00:00,0.03571428571428571,0.04820694444444445,0.9
2025-11-08 18:00:00,weekly2,2025-02-01 00:00:00,2025-11-08 18:00:00,28,2025-10-11,2025-11-07,2025-11-08 18:00:00,0.03571428571428571,0.006055555555555536,0.9
2025-11-09 00:00:00,weekly2,2025-02-01 00:00:00,2025-11-09 00:00:00,28,2025-10-12,2025-11-08,2025-11-09 00:00:00,0.03571428571428571,0.0,0.9
2025-11-09 06:00:00,weekly2,2025-02-01 00:00:00,2025-11-09 06:00:00,28,2025-10-12,2025-11-08,2025-11-09 06:00:00,0.03571428571428571,-0.011441666666666664,0.9
2025-11-09 12:00:00,weekly2,2025-02-01 00:00:00,2025-11-09 12:00:00,28,2025-10-12,2025-11-08,2025-11-09 12:00:00,0.03571428571428571,0.04315416666666669,0.9
2025-11-09 18:00:00,weekly2,2025-02-01 00:00:00,2025-11-09 18:00:00,28,2025-10-12,2025-11-08,2025-11-09 18:00:00,0.03571428571428571,0.025431944444444448,0.9
2025-11-10 00:00:00,weekly2,2025-02-01 00:00:00,2025-11-10 00:00:00,28,2025-10-13,2025-11-09,2025-11-10 00:00:00,0.03571428571428571,0.0,0.9
2025-11-10 06:00:00,weekly2,2025-02-01 00:00:00,2025-11-10 06:00:00,28,2025-10-13,2025-11-09,2025-11-10 06:00:00,0.03571428571428571,0.005659722222222217,0.9
2025-11-10 12:00:00,weekly2,2025-02-01 00:00:00,2025-11-10 12:00:00,28,2025-10-13,2025-11-09,2025-11-10 12:00:00,0.03571428571428571,0.06587777777777781,0.9
2025-11-10 18:00:00,weekly2,2025-02-01 00:00:00,2025-11-10 18:00:00,28,2025-10-13,2025-11-09,2025-11-10 18:00:00,0.03571428571428571,0.03560555555555558,0.9
2025-11-11 00:00:00,weekly2,2025-02-01 00:00:00,2025-11-11 00:00:00,28,2025-10-14,2025-11-10,2025-11-11 00:00:00,0.03571428571428571,0.0,0.9
2025-11-11 06:00:00,weekly2,2025-02-01 00:00:00,2025-11-11 06:00:00,28,2025-10-14,2025-11-10,2025-11-11 06:00:00,0.03571428571428571,0.008251388888888891,0.9
2025-11-11 12:00:00,weekly2,2025-02-01 00:00:00,2025-11-11 12:00:00,28,2025-10-14,2025-11-10,2025-11-11 12:00:00,0.03571428571428571,0.05159444444444443,0.9
2025-11-11 18:00:00,weekly2,2025-02-01 00:00:00,2025-11-11 18:00:00,28,2025-10-14,2025-11-10,2025-11-11 18:00:00,0.03571428571428571,0.014434722222222196,0.9
2025-11-12 00:00:00,weekly2,2025-02-01 00:00:00,2025-11-12 00:00:00,28,2025-10-15,2025-11-11,2025-11-12 00:00:00,0.03571428571428571,0.0,0.9
2025-11-12 06:00:00,weekly2,2025-02-01 00:00:00,2025-11-12 06:00:00,28,2025-10-15,2025-11-11,2025-11-12 06:00:00,0.03571428571428571,0.007369444444444447,0.9
2025-11-12 12:00:00,weekly2,2025-02-01 00:00:00,2025-11-12 12:00:00,28,2025-10-15,2025-11-11,2025-11-12 12:00:00,0.03571428571428571,0.012834722222222213,0.9
2025-11-12 18:00:00,weekly2,2025-02-01 00:00:00,2025-11-12 18:00:00,28,2025-10-15,2025-11-11,2025-11-12 18:00:00,0.03571428571428571,0.008098611111111098,0.9
2025-11-13 00:00:00,weekly2,2025-02-01 00:00:00,2025-11-13 00:00:00,28,2025-10-16,2025-11-12,2025-11-13 00:00:00,0.03571428571428571,0.0,0.9
2025-11-13 06:00:00,weekly2,2025-02-01 00:00:00,2025-11-13 06:00:00,28,2025-10-16,2025-11-12,2025-11-13 06:00:00,0.03571428571428571,0.0028124999999999956,0.9
2025-11-13 12:00:00,weekly2,2025-02-01 00:00:00,2025-11-13 12:00:00,28,2025-10-16,2025-11-12,2025-11-13 12:00:00,0.03571428571428571,0.016769444444444434,0.9
2025-11-13 18:00:00,weekly2,2025-02-01 00:00:00,2025-11-13 18:00:00,28,2025-10-16,2025-11-12,2025-11-13 18:00:00,0.03571428571428571,0.04347638888888889,0.9
2025-11-14 00:00:00,weekly2,2025-02-01 00:00:00,2025-11-14 00:00:00,28,2025-10-17,2025-11-13,2025-11-14 00:00:00,0.03571428571428571,0.0,0.9
2025-11-14 06:00:00,weekly2,2025-02-01 00:00:00,2025-11-14 06:00:00,28,2025-10-17,2025-11-13,2025-11-14 06:00:00,0.03571428571428571,0.003052777777777781,0.9
2025-11-14 12:00:00,weekly2,2025-02-01 00:00:00,2025-11-14 12:00:00,28,2025-10-17,2025-11-13,2025-11-14 12:00:00,0.03571428571428571,0.01896805555555556,0.9
2025-11-14 18:00:00,weekly2,2025-02-01 00:00:00,2025-11-14 18:00:00,28,2025-10-17,2025-11-13,2025-11-14 18:00:00,0.03571428571428571,0.03498055555555556,0.9
2025-11-15 00:00:00,weekly2,2025-02-01 00:00:00,2025-11-15 00:00:00,28,2025-10-18,2025-11-14,2025-11-15 00:00:00,0.03571428571428571,0.0,0.9
2025-11-15 06:00:00,weekly2,2025-02-01 00:00:00,2025-11-15 06:00:00,28,2025-10-18,2025-11-14,2025-11-15 06:00:00,0.03571428571428571,0.019225000000000006,0.9
2025-11-15 12:00:00,weekly2,2025-02-01 00:00:00,2025-11-15 12:00:00,28,2025-10-18,2025-11-14,2025-11-15 12:00:00,0.03571428571428571,0.032970833333333345,0.9
2025-11-15 18:00:00,weekly2,2025-02-01 00:00:00,2025-11-15 18:00:00,28,2025-10-18,2025-11-14,2025-11-15 18:00:00,0.03571428571428571,0.021030555555555563,0.9
2025-11-16 00:00:00,weekly2,2025-02-01 00:00:00,2025-11-16 00:00:00,28,2025-10-19,2025-11-15,2025-11-16 00:00:00,0.03571428571428571,0.0,0.9
2025-11-16 06:00:00,weekly2,2025-02-01 00:00:00,2025-11-16 06:00:00,28,2025-10-19,2025-11-15,2025-11-16 06:00:00,0.03571428571428571,-0.002393055555555556,0.9
2025-11-16 12:00:00,weekly2,2025-02-01 00:00:00,2025-11-16 12:00:00,28,2025-10-19,2025-11-15,2025-11-16 12:00:00,0.03571428571428571,0.04015694444444446,0.9
2025-11-16 18:00:00,weekly2,2025-02-01 00:00:00,2025-11-16 18:00:00,28,2025-10-19,2025-11-15,2025-11-16 18:00:00,0.03571428571428571,0.01759027777777776,0.9
2025-11-17 00:00:00,weekly2,2025-02-01 00:00:00,2025-11-17 00:00:00,28,2025-10-20,2025-11-16,2025-11-17 00:00:00,0.03571428571428571,0.0,0.9
2025-11-17 06:00:00,weekly2,2025-02-01 00:00:00,2025-11-17 06:00:00,28,2025-10-20,2025-11-16,2025-11-17 06:00:00,0.03571428571428571,0.0017486111111111081,0.9
2025-11-17 12:00:00,weekly2,2025-02-01 00:00:00,2025-11-17 12:00:00,28,2025-10-20,2025-11-16,2025-11-17 12:00:00,0.03571428571428571,0.024531944444444453,0.9
2025-11-17 18:00:00,weekly2,2025-02-01 00:00:00,2025-11-17 18:00:00,28,2025-10-20,2025-11-16,2025-11-17 18:00:00,0.03571428571428571,-0.014123611111111132,0.9
2025-11-18 00:00:00,weekly2,2025-02-01 00:00:00,2025-11-18 00:00:00,28,2025-10-21,2025-11-17,2025-11-18 00:00:00,0.03571428571428571,0.0,0.9
2025-11-18 06:00:00,weekly2,2025-02-01 00:00:00,2025-11-18 06:00:00,28,2025-10-21,2025-11-17,2025-11-18 06:00:00,0.03571428571428571,0.0005236111111111136,0.9
2025-11-18 12:00:00,weekly2,2025-02-01 00:00:00,2025-11-18 12:00:00,28,2025-10-21,2025-11-17,2025-11-18 12:00:00,0.03571428571428571,0.022913888888888907,0.9
2025-11-18 18:00:00,weekly2,2025-02-01 00:00:00,2025-11-18 18:00:00,28,2025-10-21,2025-11-17,2025-11-18 18:00:00,0.03571428571428571,0.05699583333333336,0.9
2025-11-19 00:00:00,weekly2,2025-02-01 00:00:00,2025-11-19 00:00:00,28,2025-10-22,2025-11-18,2025-11-19 00:00:00,0.03571428571428571,0.0,0.9
2025-11-19 06:00:00,weekly2,2025-02-01 00:00:00,2025-11-19 06:00:00,28,2025-10-22,2025-11-18,2025-11-19 06:00:00,0.03571428571428571,0.015302777777777773,0.9
2025-11-19 12:00:00,weekly2,2025-02-01 00:00:00,2025-11-19 12:00:00,28,2025-10-22,2025-11-18,2025-11-19 12:00:00,0.03571428571428571,0.028002777777777772,0.9
2025-11-19 18:00:00,weekly2,2025-02-01 00:00:00,2025-11-19 18:00:00,28,2025-10-22,2025-11-18,2025-11-19 18:00:00,0.03571428571428571,0.02432083333333335,0.9
2025-11-20 00:00:00,weekly2,2025-02-01 00:00:00,2025-11-20 00:00:00,28,2025-10-23,2025-11-19,2025-11-20 00:00:00,0.03571428571428571,0.0,0.9
2025-11-20 06:00:00,weekly2,2025-02-01 00:00:00,2025-11-20 06:00:00,28,2025-10-23,2025-11-19,2025-11-20 06:00:00,0.03571428571428571,-0.0057986111111111216,0.9
2025-11-20 12:00:00,weekly2,2025-02-01 00:00:00,2025-11-20 12:00:00,28,2025-10-23,2025-11-19,2025-11-20 12:00:00,0.03571428571428571,-0.0032138888888888772,0.9
2025-11-20 18:00:00,weekly2,2025-02-01 00:00:00,2025-11-20 18:00:00,28,2025-10-23,2025-11-19,2025-11-20 18:00:00,0.03571428571428571,0.0281222222222222,0.9
2025-11-21 00:00:00,weekly2,2025-02-01 00:00:00,2025-11-21 00:00:00,28,2025-10-24,2025-11-20,2025-11-21 00:00:00,0.03571428571428571,0.0,0.9
2025-11-21 06:00:00,weekly2,2025-02-01 00:00:00,2025-11-21 06:00:00,28,2025-10-24,2025-11-20,2025-11-21 06:00:00,0.03571428571428571,-0.000488888888888889,0.9
2025-11-21 12:00:00,weekly2,2025-02-01 00:00:00,2025-11-21 12:00:00,28,2025-10-24,2025-11-20,2025-11-21 12:00:00,0.03571428571428571,0.00503194444444445,0.9
2025-11-21 18:00:00,weekly2,2025-02-01 00:00:00,2025-11-21 18:00:00,28,2025-10-24,2025-11-20,2025-11-21 18:00:00,0.03571428571428571,0.03974166666666666,0.9
2025-11-22 00:00:00,weekly2,2025-02-01 00:00:00,2025-11-22 00:00:00,28,2025-10-25,2025-11-21,2025-11-22 00:00:00,0.03571428571428571,0.0,0.9
2025-11-22 06:00:00,weekly2,2025-02-01 00:00:00,2025-11-22 06:00:00,28,2025-10-25,2025-11-21,2025-11-22 06:00:00,0.03571428571428571,-0.0032458333333333336,0.9
2025-11-22 12:00:00,weekly2,2025-02-01 00:00:00,2025-11-22 12:00:00,28,2025-10-25,2025-11-21,2025-11-22 12:00:00,0.03571428571428571,0.029531944444444465,0.9
2025-11-22 18:00:00,weekly2,2025-02-01 00:00:00,2025-11-22 18:00:00,28,2025-10-25,2025-11-21,2025-11-22 18:00:00,0.03571428571428571,0.03119166666666668,0.9
2025-11-23 00:00:00,weekly2,2025-02-01 00:00:00,2025-11-23 00:00:00,28,2025-10-26,2025-11-22,2025-11-23 00:00:00,0.03571428571428571,0.0,0.9
2025-11-23 06:00:00,weekly2,2025-02-01 00:00:00,2025-11-23 06:00:00,28,2025-10-26,2025-11-22,2025-11-23 06:00:00,0.03571428571428571,0.01620555555555556,0.9
2025-11-23 12:00:00,weekly2,2025-02-01 00:00:00,2025-11-23 12:00:00,28,2025-10-26,2025-11-22,2025-11-23 12:00:00,0.03571428571428571,0.03355694444444446,0.9
2025-11-23 18:00:00,weekly2,2025-02-01 00:00:00,2025-11-23 18:00:00,28,2025-10-26,2025-11-22,2025-11-23 18:00:00,0.03571428571428571,-0.0055055555555555725,0.9
2025-11-24 00:00:00,weekly2,2025-02-01 00:00:00,2025-11-24 00:00:00,28,2025-10-27,2025-11-23,2025-11-24 00:00:00,0.03571428571428571,0.0,0.9
2025-11-24 06:00:00,weekly2,2025-02-01 00:00:00,2025-11-24 06:00:00,28,2025-10-27,2025-11-23,2025-11-24 06:00:00,0.03571428571428571,-0.0004888888888888906,0.9
2025-11-24 12:00:00,weekly2,2025-02-01 00:00:00,2025-11-24 12:00:00,28,2025-10-27,2025-11-23,2025-11-24 12:00:00,0.03571428571428571,-0.017195833333333348,0.9
2025-11-24 18:00:00,weekly2,2025-02-01 00:00:00,2025-11-24 18:00:00,28,2025-10-27,2025-11-23,2025-11-24 18:00:00,0.03571428571428571,0.013355555555555556,0.9
2025-11-25 00:00:00,weekly2,2025-02-01 00:00:00,2025-11-25 00:00:00,28,2025-10-28,2025-11-24,2025-11-25 00:00:00,0.03571428571428571,0.0,0.9
2025-11-25 06:00:00,weekly2,2025-02-01 00:00:00,2025-11-25 06:00:00,28,2025-10-28,2025-11-24,2025-11-25 06:00:00,0.03571428571428571,0.002315277777777782,0.9
2025-11-25 12:00:00,weekly2,2025-02-01 00:00:00,2025-11-25 12:00:00,28,2025-10-28,2025-11-24,2025-11-25 12:00:00,0.03571428571428571,0.018138888888888913,0.9
2025-11-25 18:00:00,weekly2,2025-02-01 00:00:00,2025-11-25 18:00:00,28,2025-10-28,2025-11-24,2025-11-25 18:00:00,0.03571428571428571,0.008409722222222221,0.9
2025-11-26 00:00:00,weekly2,2025-02-01 00:00:00,2025-11-26 00:00:00,28,2025-10-29,2025-11-25,2025-11-26 00:00:00,0.03571428571428571,0.0,0.9
2025-11-26 06:00:00,weekly2,2025-02-01 00:00:00,2025-11-26 06:00:00,28,2025-10-29,2025-11-25,2025-11-26 06:00:00,0.03571428571428571,-0.023062500000000014,0.9
2025-11-26 12:00:00,weekly2,2025-02-01 00:00:00,2025-11-26 12:00:00,28,2025-10-29,2025-11-25,2025-11-26 12:00:00,0.03571428571428571,0.026866666666666664,0.9
2025-11-26 18:00:00,weekly2,2025-02-01 00:00:00,2025-11-26 18:00:00,28,2025-10-29,2025-11-25,2025-11-26 18:00:00,0.03571428571428571,0.03670000000000001,0.9
2025-11-27 00:00:00,weekly2,2025-02-01 00:00:00,2025-11-27 00:00:00,28,2025-10-30,2025-11-26,2025-11-27 00:00:00,0.03571428571428571,0.0,0.9
2025-11-27 06:00:00,weekly2,2025-02-01 00:00:00,2025-11-27 06:00:00,28,2025-10-30,2025-11-26,2025-11-27 06:00:00,0.03571428571428571,-0.002354166666666659,0.9
2025-11-27 12:00:00,weekly2,2025-02-01 00:00:00,2025-11-27 12:00:00,28,2025-10-30,2025-11-26,2025-11-27 12:00:00,0.03571428571428571,0.026981944444444458,0.9
2025-11-27 18:00:00,weekly2,2025-02-01 00:00:00,2025-11-27 18:00:00,28,2025-10-30,2025-11-26,2025-11-27 18:00:00,0.03571428571428571,0.01702777777777777,0.9
2025-11-28 00:00:00,weekly2,2025-02-01 00:00:00,2025-11-28 00:00:00,28,2025-10-31,2025-11-27,2025-11-28 00:00:00,0.03571428571428571,0.0,0.9
2025-11-28 06:00:00,weekly2,2025-02-01 00:00:00,2025-11-28 06:00:00,28,2025-10-31,2025-11-27,2025-11-28 06:00:00,0.03571428571428571,-0.007816666666666666,0.9
2025-11-28 12:00:00,weekly2,2025-02-01 00:00:00,2025-11-28 12:00:00,28,2025-10-31,2025-11-27,2025-11-28 12:00:00,0.03571428571428571,0.015969444444444456,0.9
2025-11-28 18:00:00,weekly2,2025-02-01 00:00:00,2025-11-28 18:00:00,28,2025-10-31,2025-11-27,2025-11-28 18:00:00,0.03571428571428571,0.00519444444444444,0.9
2025-11-29 00:00:00,weekly2,2025-02-01 00:00:00,2025-11-29 00:00:00,28,2025-11-01,2025-11-28,2025-11-29 00:00:00,0.03571428571428571,0.0,0.9
2025-11-29 06:00:00,weekly2,2025-02-01 00:00:00,2025-11-29 06:00:00,28,2025-11-01,2025-11-28,2025-11-29 06:00:00,0.03571428571428571,-0.01170694444444445,0.9
2025-11-29 12:00:00,weekly2,2025-02-01 00:00:00,2025-11-29 12:00:00,28,2025-11-01,2025-11-28,2025-11-29 12:00:00,0.03571428571428571,0.04489027777777779,0.9
2025-11-29 18:00:00,weekly2,2025-02-01 00:00:00,2025-11-29 18:00:00,28,2025-11-01,2025-11-28,2025-11-29 18:00:00,0.03571428571428571,0.040977777777777766,0.9
2025-11-30 00:00:00,weekly2,2025-02-01 00:00:00,2025-11-30 00:00:00,28,2025-11-02,2025-11-29,2025-11-30 00:00:00,0.03571428571428571,0.0,0.9
2025-11-30 06:00:00,weekly2,2025-02-01 00:00:00,2025-11-30 06:00:00,28,2025-11-02,2025-11-29,2025-11-30 06:00:00,0.03571428571428571,-0.012677777777777774,0.9
2025-11-30 12:00:00,weekly2,2025-02-01 00:00:00,2025-11-30 12:00:00,28,2025-11-02,2025-11-29,2025-11-30 12:00:00,0.03571428571428571,0.02827500000000002,0.9
2025-11-30 18:00:00,weekly2,2025-02-01 00:00:00,2025-11-30 18:00:00,28,2025-11-02,2025-11-29,2025-11-30 18:00:00,0.03571428571428571,0.047972222222222215,0.9
2025-12-01 00:00:00,weekly2,2025-02-01 00:00:00,2025-12-01 00:00:00,28,2025-11-03,2025-11-30,2025-12-01 00:00:00,0.03571428571428571,0.0,0.9
2025-12-01 06:00:00,weekly2,2025-02-01 00:00:00,2025-12-01 06:00:00,28,2025-11-03,2025-11-30,2025-12-01 06:00:00,0.03571428571428571,0.04021111111111112,0.9
2025-12-01 12:00:00,weekly2,2025-02-01 00:00:00,2025-12-01 12:00:00,28,2025-11-03,2025-11-30,2025-12-01 12:00:00,0.03571428571428571,0.13354444444444444,0.9
2025-12-01 18:00:00,weekly2,2025-02-01 00:00:00,2025-12-01 18:00:00,28,2025-11-03,2025-11-30,2025-12-01 18:00:00,0.03571428571428571,0.10626111111111113,0.9
2025-12-02 00:00:00,weekly2,2025-02-01 00:00:00,2025-12-02 00:00:00,28,2025-11-04,2025-12-01,2025-12-02 00:00:00,0.03571428571428571,0.0,0.9
2025-12-02 06:00:00,weekly2,2025-02-01 00:00:00,2025-12-02 06:00:00,28,2025-11-04,2025-12-01,2025-12-02 06:00:00,0.03571428571428571,0.04005138888888889,0.9
2025-12-02 12:00:00,weekly2,2025-02-01 00:00:00,2025-12-02 12:00:00,28,2025-11-04,2025-12-01,2025-12-02 12:00:00,0.03571428571428571,0.13437083333333336,0.9
2025-12-02 18:00:00,weekly2,2025-02-01 00:00:00,2025-12-02 18:00:00,28,2025-11-04,2025-12-01,2025-12-02 18:00:00,0.03571428571428571,0.08884583333333335,0.9
2025-12-03 00:00:00,weekly2,2025-02-01 00:00:00,2025-12-03 00:00:00,28,2025-11-05,2025-12-02,2025-12-03 00:00:00,0.03571428571428571,0.0,0.9
2025-12-03 06:00:00,weekly2,2025-02-01 00:00:00,2025-12-03 06:00:00,28,2025-11-05,2025-12-02,2025-12-03 06:00:00,0.03571428571428571,0.04249861111111111,0.9
2025-12-03 12:00:00,weekly2,2025-02-01 00:00:00,2025-12-03 12:00:00,28,2025-11-05,2025-12-02,2025-12-03 12:00:00,0.03571428571428571,0.10619305555555554,0.9
2025-12-03 18:00:00,weekly2,2025-02-01 00:00:00,2025-12-03 18:00:00,28,2025-11-05,2025-12-02,2025-12-03 18:00:00,0.03571428571428571,0.0964763888888889,0.9
2025-12-04 00:00:00,weekly2,2025-02-01 00:00:00,2025-12-04 00:00:00,28,2025-11-06,2025-12-03,2025-12-04 00:00:00,0.03571428571428571,0.0,0.9
2025-12-04 06:00:00,weekly2,2025-02-01 00:00:00,2025-12-04 06:00:00,28,2025-11-06,2025-12-03,2025-12-04 06:00:00,0.03571428571428571,0.04292222222222222,0.9
2025-12-04 12:00:00,weekly2,2025-02-01 00:00:00,2025-12-04 12:00:00,28,2025-11-06,2025-12-03,2025-12-04 12:00:00,0.03571428571428571,0.12735555555555556,0.9
2025-12-04 18:00:00,weekly2,2025-02-01 00:00:00,2025-12-04 18:00:00,28,2025-11-06,2025-12-03,2025-12-04 18:00:00,0.03571428571428571,0.06624166666666666,0.9
2025-12-05 00:00:00,weekly2,2025-02-01 00:00:00,2025-12-05 00:00:00,28,2025-11-07,2025-12-04,2025-12-05 00:00:00,0.03571428571428571,0.0,0.9
2025-12-05 06:00:00,weekly2,2025-02-01 00:00:00,2025-12-05 06:00:00,28,2025-11-07,2025-12-04,2025-12-05 06:00:00,0.03571428571428571,0.03535416666666666,0.9
2025-12-05 12:00:00,weekly2,2025-02-01 00:00:00,2025-12-05 12:00:00,28,2025-11-07,2025-12-04,2025-12-05 12:00:00,0.03571428571428571,0.12213472222222224,0.9
2025-12-05 18:00:00,weekly2,2025-02-01 00:00:00,2025-12-05 18:00:00,28,2025-11-07,2025-12-04,2025-12-05 18:00:00,0.03571428571428571,0.095775,0.9
2025-12-06 00:00:00,weekly2,2025-02-01 00:00:00,2025-12-06 00:00:00,28,2025-11-08,2025-12-05,2025-12-06 00:00:00,0.03571428571428571,0.0,0.9
2025-12-06 06:00:00,weekly2,2025-02-01 00:00:00,2025-12-06 06:00:00,28,2025-11-08,2025-12-05,2025-12-06 06:00:00,0.03571428571428571,0.03905277777777779,0.9
2025-12-06 12:00:00,weekly2,2025-02-01 00:00:00,2025-12-06 12:00:00,28,2025-11-08,2025-12-05,2025-12-06 12:00:00,0.03571428571428571,0.13007083333333333,0.9
2025-12-06 18:00:00,weekly2,2025-02-01 00:00:00,2025-12-06 18:00:00,28,2025-11-08,2025-12-05,2025-12-06 18:00:00,0.03571428571428571,0.08081666666666669,0.9
2025-12-07 00:00:00,weekly2,2025-02-01 00:00:00,2025-12-07 00:00:00,28,2025-11-09,2025-12-06,2025-12-07 00:00:00,0.03571428571428571,0.0,0.9
2025-12-07 06:00:00,weekly2,2025-02-01 00:00:00,2025-12-07 06:00:00,28,2025-11-09,2025-12-06,2025-12-07 06:00:00,0.03571428571428571,0.029273611111111104,0.9
2025-12-07 12:00:00,weekly2,2025-02-01 00:00:00,2025-12-07 12:00:00,28,2025-11-09,2025-12-06,2025-12-07 12:00:00,0.03571428571428571,0.08328194444444444,0.9
2025-12-07 18:00:00,weekly2,2025-02-01 00:00:00,2025-12-07 18:00:00,28,2025-11-09,2025-12-06,2025-12-07 18:00:00,0.03571428571428571,0.10418194444444445,0.9
2025-12-08 00:00:00,weekly2,2025-02-01 00:00:00,2025-12-08 00:00:00,28,2025-11-10,2025-12-07,2025-12-08 00:00:00,0.03571428571428571,0.0,0.9
2025-12-08 06:00:00,weekly2,2025-02-01 00:00:00,2025-12-08 06:00:00,28,2025-11-10,2025-12-07,2025-12-08 06:00:00,0.03571428571428571,0.02054444444444444,0.9
2025-12-08 12:00:00,weekly2,2025-02-01 00:00:00,2025-12-08 12:00:00,28,2025-11-10,2025-12-07,2025-12-08 12:00:00,0.03571428571428571,0.06563472222222225,0.9
2025-12-08 18:00:00,weekly2,2025-02-01 00:00:00,2025-12-08 18:00:00,28,2025-11-10,2025-12-07,2025-12-08 18:00:00,0.03571428571428571,0.059920833333333326,0.9
2025-12-09 00:00:00,weekly2,2025-02-01 00:00:00,2025-12-09 00:00:00,28,2025-11-11,2025-12-08,2025-12-09 00:00:00,0.03571428571428571,0.0,0.9
2025-12-09 06:00:00,weekly2,2025-02-01 00:00:00,2025-12-09 06:00:00,28,2025-11-11,2025-12-08,2025-12-09 06:00:00,0.03571428571428571,0.011124999999999996,0.9
2025-12-09 12:00:00,weekly2,2025-02-01 00:00:00,2025-12-09 12:00:00,28,2025-11-11,2025-12-08,2025-12-09 12:00:00,0.03571428571428571,0.0523736111111111,0.9
2025-12-09 18:00:00,weekly2,2025-02-01 00:00:00,2025-12-09 18:00:00,28,2025-11-11,2025-12-08,2025-12-09 18:00:00,0.03571428571428571,0.053270833333333316,0.9
2025-12-10 00:00:00,weekly2,2025-02-01 00:00:00,2025-12-10 00:00:00,28,2025-11-12,2025-12-09,2025-12-10 00:00:00,0.03571428571428571,0.0,0.9
2025-12-10 06:00:00,weekly2,2025-02-01 00:00:00,2025-12-10 06:00:00,28,2025-11-12,2025-12-09,2025-12-10 06:00:00,0.03571428571428571,0.017725000000000005,0.9
2025-12-10 12:00:00,weekly2,2025-02-01 00:00:00,2025-12-10 12:00:00,28,2025-11-12,2025-12-09,2025-12-10 12:00:00,0.03571428571428571,0.05724027777777777,0.9
2025-12-10 18:00:00,weekly2,2025-02-01 00:00:00,2025-12-10 18:00:00,28,2025-11-12,2025-12-09,2025-12-10 18:00:00,0.03571428571428571,0.057912500000000006,0.9
2025-12-11 00:00:00,weekly2,2025-02-01 00:00:00,2025-12-11 00:00:00,28,2025-11-13,2025-12-10,2025-12-11 00:00:00,0.03571428571428571,0.0,0.9
2025-12-11 06:00:00,weekly2,2025-02-01 00:00:00,2025-12-11 06:00:00,28,2025-11-13,2025-12-10,2025-12-11 06:00:00,0.03571428571428571,0.0034249999999999945,0.9
2025-12-11 12:00:00,weekly2,2025-02-01 00:00:00,2025-12-11 12:00:00,28,2025-11-13,2025-12-10,2025-12-11 12:00:00,0.03571428571428571,0.05591666666666663,0.9
2025-12-11 18:00:00,weekly2,2025-02-01 00:00:00,2025-12-11 18:00:00,28,2025-11-13,2025-12-10,2025-12-11 18:00:00,0.03571428571428571,0.02653194444444446,0.9
2025-12-12 00:00:00,weekly2,2025-02-01 00:00:00,2025-12-12 00:00:00,28,2025-11-14,2025-12-11,2025-12-12 00:00:00,0.03571428571428571,0.0,0.9
2025-12-12 06:00:00,weekly2,2025-02-01 00:00:00,2025-12-12 06:00:00,28,2025-11-14,2025-12-11,2025-12-12 06:00:00,0.03571428571428571,0.010894444444444457,0.9
2025-12-12 12:00:00,weekly2,2025-02-01 00:00:00,2025-12-12 12:00:00,28,2025-11-14,2025-12-11,2025-12-12 12:00:00,0.03571428571428571,0.07415416666666669,0.9
2025-12-12 18:00:00,weekly2,2025-02-01 00:00:00,2025-12-12 18:00:00,28,2025-11-14,2025-12-11,2025-12-12 18:00:00,0.03571428571428571,0.06035972222222222,0.9
2025-12-13 00:00:00,weekly2,2025-02-01 00:00:00,2025-12-13 00:00:00,28,2025-11-15,2025-12-12,2025-12-13 00:00:00,0.03571428571428571,0.0,0.9
2025-12-13 06:00:00,weekly2,2025-02-01 00:00:00,2025-12-13 06:00:00,28,2025-11-15,2025-12-12,2025-12-13 06:00:00,0.03571428571428571,0.027484722222222216,0.9
2025-12-13 12:00:00,weekly2,2025-02-01 00:00:00,2025-12-13 12:00:00,28,2025-11-15,2025-12-12,2025-12-13 12:00:00,0.03571428571428571,0.0376263888888889,0.9
2025-12-13 18:00:00,weekly2,2025-02-01 00:00:00,2025-12-13 18:00:00,28,2025-11-15,2025-12-12,2025-12-13 18:00:00,0.03571428571428571,0.050386111111111104,0.9
2025-12-14 00:00:00,weekly2,2025-02-01 00:00:00,2025-12-14 00:00:00,28,2025-11-16,2025-12-13,2025-12-14 00:00:00,0.03571428571428571,0.0,0.9
2025-12-14 06:00:00,weekly2,2025-02-01 00:00:00,2025-12-14 06:00:00,28,2025-11-16,2025-12-13,2025-12-14 06:00:00,0.03571428571428571,0.020188888888888895,0.9
2025-12-14 12:00:00,weekly2,2025-02-01 00:00:00,2025-12-14 12:00:00,28,2025-11-16,2025-12-13,2025-12-14 12:00:00,0.03571428571428571,0.07092916666666668,0.9
2025-12-14 18:00:00,weekly2,2025-02-01 00:00:00,2025-12-14 18:00:00,28,2025-11-16,2025-12-13,2025-12-14 18:00:00,0.03571428571428571,0.04743194444444448,0.9
2025-12-15 00:00:00,weekly2,2025-02-01 00:00:00,2025-12-15 00:00:00,28,2025-11-17,2025-12-14,2025-12-15 00:00:00,0.03571428571428571,0.0,0.9
2025-12-15 06:00:00,weekly2,2025-02-01 00:00:00,2025-12-15 06:00:00,28,2025-11-17,2025-12-14,2025-12-15 06:00:00,0.03571428571428571,-0.016941666666666674,0.9
2025-12-15 12:00:00,weekly2,2025-02-01 00:00:00,2025-12-15 12:00:00,28,2025-11-17,2025-12-14,2025-12-15 12:00:00,0.03571428571428571,0.024861111111111108,0.9
2025-12-15 18:00:00,weekly2,2025-02-01 00:00:00,2025-12-15 18:00:00,28,2025-11-17,2025-12-14,2025-12-15 18:00:00,0.03571428571428571,0.0191611111111111,0.9
2025-12-16 00:00:00,weekly2,2025-02-01 00:00:00,2025-12-16 00:00:00,28,2025-11-18,2025-12-15,2025-12-16 00:00:00,0.03571428571428571,0.0,0.9
2025-12-16 06:00:00,weekly2,2025-02-01 00:00:00,2025-12-16 06:00:00,28,2025-11-18,2025-12-15,2025-12-16 06:00:00,0.03571428571428571,-0.004322222222222235,0.9
2025-12-16 12:00:00,weekly2,2025-02-01 00:00:00,2025-12-16 12:00:00,28,2025-11-18,2025-12-15,2025-12-16 12:00:00,0.03571428571428571,0.0068763888888888625,0.9
2025-12-16 18:00:00,weekly2,2025-02-01 00:00:00,2025-12-16 18:00:00,28,2025-11-18,2025-12-15,2025-12-16 18:00:00,0.03571428571428571,0.006463888888888892,0.9
2025-12-17 00:00:00,weekly2,2025-02-01 00:00:00,2025-12-17 00:00:00,28,2025-11-19,2025-12-16,2025-12-17 00:00:00,0.03571428571428571,0.0,0.9
2025-12-17 06:00:00,weekly2,2025-02-01 00:00:00,2025-12-17 06:00:00,28,2025-11-19,2025-12-16,2025-12-17 06:00:00,0.03571428571428571,-0.00038333333333332814,0.9
2025-12-17 12:00:00,weekly2,2025-02-01 00:00:00,2025-12-17 12:00:00,28,2025-11-19,2025-12-16,2025-12-17 12:00:00,0.03571428571428571,0.0043027777777778,0.9
2025-12-17 18:00:00,weekly2,2025-02-01 00:00:00,2025-12-17 18:00:00,28,2025-11-19,2025-12-16,2025-12-17 18:00:00,0.03571428571428571,-0.011087500000000016,0.9
2025-12-18 00:00:00,weekly2,2025-02-01 00:00:00,2025-12-18 00:00:00,28,2025-11-20,2025-12-17,2025-12-18 00:00:00,0.03571428571428571,0.0,0.9
2025-12-18 06:00:00,weekly2,2025-02-01 00:00:00,2025-12-18 06:00:00,28,2025-11-20,2025-12-17,2025-12-18 06:00:00,0.03571428571428571,0.0062361111111111055,0.9
2025-12-18 12:00:00,weekly2,2025-02-01 00:00:00,2025-12-18 12:00:00,28,2025-11-20,2025-12-17,2025-12-18 12:00:00,0.03571428571428571,0.017308333333333318,0.9
2025-12-18 18:00:00,weekly2,2025-02-01 00:00:00,2025-12-18 18:00:00,28,2025-11-20,2025-12-17,2025-12-18 18:00:00,0.03571428571428571,0.004083333333333346,0.9
2025-12-19 00:00:00,weekly2,2025-02-01 00:00:00,2025-12-19 00:00:00,28,2025-11-21,2025-12-18,2025-12-19 00:00:00,0.03571428571428571,0.0,0.9
2025-12-19 06:00:00,weekly2,2025-02-01 00:00:00,2025-12-19 06:00:00,28,2025-11-21,2025-12-18,2025-12-19 06:00:00,0.03571428571428571,0.005000000000000006,0.9
2025-12-19 12:00:00,weekly2,2025-02-01 00:00:00,2025-12-19 12:00:00,28,2025-11-21,2025-12-18,2025-12-19 12:00:00,0.03571428571428571,0.0040972222222222165,0.9
2025-12-19 18:00:00,weekly2,2025-02-01 00:00:00,2025-12-19 18:00:00,28,2025-11-21,2025-12-18,2025-12-19 18:00:00,0.03571428571428571,0.00315416666666664,0.9
2025-12-20 00:00:00,weekly2,2025-02-01 00:00:00,2025-12-20 00:00:00,28,2025-11-22,2025-12-19,2025-12-20 00:00:00,0.03571428571428571,0.0,0.9
2025-12-20 06:00:00,weekly2,2025-02-01 00:00:00,2025-12-20 06:00:00,28,2025-11-22,2025-12-19,2025-12-20 06:00:00,0.03571428571428571,0.004204166666666668,0.9
2025-12-20 12:00:00,weekly2,2025-02-01 00:00:00,2025-12-20 12:00:00,28,2025-11-22,2025-12-19,2025-12-20 12:00:00,0.03571428571428571,-0.005422222222222229,0.9
2025-12-20 18:00:00,weekly2,2025-02-01 00:00:00,2025-12-20 18:00:00,28,2025-11-22,2025-12-19,2025-12-20 18:00:00,0.03571428571428571,-0.027863888888888886,0.9
2025-12-21 00:00:00,weekly2,2025-02-01 00:00:00,2025-12-21 00:00:00,28,2025-11-23,2025-12-20,2025-12-21 00:00:00,0.03571428571428571,0.0,0.9
2025-12-21 06:00:00,weekly2,2025-02-01 00:00:00,2025-12-21 06:00:00,28,2025-11-23,2025-12-20,2025-12-21 06:00:00,0.03571428571428571,-0.0018277777777777847,0.9
2025-12-21 12:00:00,weekly2,2025-02-01 00:00:00,2025-12-21 12:00:00,28,2025-11-23,2025-12-20,2025-12-21 12:00:00,0.03571428571428571,0.009494444444444463,0.9
2025-12-21 18:00:00,weekly2,2025-02-01 00:00:00,2025-12-21 18:00:00,28,2025-11-23,2025-12-20,2025-12-21 18:00:00,0.03571428571428571,-0.016311111111111123,0.9
2025-12-22 00:00:00,weekly2,2025-02-01 00:00:00,2025-12-22 00:00:00,28,2025-11-24,2025-12-21,2025-12-22 00:00:00,0.03571428571428571,0.0,0.9
2025-12-22 06:00:00,weekly2,2025-02-01 00:00:00,2025-12-22 06:00:00,28,2025-11-24,2025-12-21,2025-12-22 06:00:00,0.03571428571428571,0.010955555555555562,0.9
2025-12-22 12:00:00,weekly2,2025-02-01 00:00:00,2025-12-22 12:00:00,28,2025-11-24,2025-12-21,2025-12-22 12:00:00,0.03571428571428571,-0.001076388888888906,0.9
2025-12-22 18:00:00,weekly2,2025-02-01 00:00:00,2025-12-22 18:00:00,28,2025-11-24,2025-12-21,2025-12-22 18:00:00,0.03571428571428571,0.011648611111111115,0.9
2025-12-23 00:00:00,weekly2,2025-02-01 00:00:00,2025-12-23 00:00:00,28,2025-11-25,2025-12-22,2025-12-23 00:00:00,0.03571428571428571,0.0,0.9
2025-12-23 06:00:00,weekly2,2025-02-01 00:00:00,2025-12-23 06:00:00,28,2025-11-25,2025-12-22,2025-12-23 06:00:00,0.03571428571428571,0.010625,0.9
2025-12-23 12:00:00,weekly2,2025-02-01 00:00:00,2025-12-23 12:00:00,28,2025-11-25,2025-12-22,2025-12-23 12:00:00,0.03571428571428571,0.000444444444444451,0.9
2025-12-23 18:00:00,weekly2,2025-02-01 00:00:00,2025-12-23 18:00:00,28,2025-11-25,2025-12-22,2025-12-23 18:00:00,0.03571428571428571,-0.004468055555555535,0.9
2025-12-24 00:00:00,weekly2,2025-02-01 00:00:00,2025-12-24 00:00:00,28,2025-11-26,2025-12-23,2025-12-24 00:00:00,0.03571428571428571,0.0,0.9
2025-12-24 06:00:00,weekly2,2025-02-01 00:00:00,2025-12-24 06:00:00,28,2025-11-26,2025-12-23,2025-12-24 06:00:00,0.03571428571428571,-0.0043180555555555515,0.9
2025-12-24 12:00:00,weekly2,2025-02-01 00:00:00,2025-12-24 12:00:00,28,2025-11-26,2025-12-23,2025-12-24 12:00:00,0.03571428571428571,-0.011183333333333304,0.9
2025-12-24 18:00:00,weekly2,2025-02-01 00:00:00,2025-12-24 18:00:00,28,2025-11-26,2025-12-23,2025-12-24 18:00:00,0.03571428571428571,-0.004008333333333324,0.9
2025-12-25 00:00:00,weekly2,2025-02-01 00:00:00,2025-12-25 00:00:00,28,2025-11-27,2025-12-24,2025-12-25 00:00:00,0.03571428571428571,0.0,0.9
2025-12-25 06:00:00,weekly2,2025-02-01 00:00:00,2025-12-25 06:00:00,28,2025-11-27,2025-12-24,2025-12-25 06:00:00,0.03571428571428571,0.0005486111111110985,0.9
2025-12-25 12:00:00,weekly2,2025-02-01 00:00:00,2025-12-25 12:00:00,28,2025-11-27,2025-12-24,2025-12-25 12:00:00,0.03571428571428571,0.01883333333333332,0.9
2025-12-25 18:00:00,weekly2,2025-02-01 00:00:00,2025-12-25 18:00:00,28,2025-11-27,2025-12-24,2025-12-25 18:00:00,0.03571428571428571,0.015037499999999997,0.9
2025-12-26 00:00:00,weekly2,2025-02-01 00:00:00,2025-12-26 00:00:00,28,2025-11-28,2025-12-25,2025-12-26 00:00:00,0.03571428571428571,0.0,0.9
2025-12-26 06:00:00,weekly2,2025-02-01 00:00:00,2025-12-26 06:00:00,28,2025-11-28,2025-12-25,2025-12-26 06:00:00,0.03571428571428571,0.010076388888888878,0.9
2025-12-26 12:00:00,weekly2,2025-02-01 00:00:00,2025-12-26 12:00:00,28,2025-11-28,2025-12-25,2025-12-26 12:00:00,0.03571428571428571,-0.01499583333333332,0.9
2025-12-26 18:00:00,weekly2,2025-02-01 00:00:00,2025-12-26 18:00:00,28,2025-11-28,2025-12-25,2025-12-26 18:00:00,0.03571428571428571,0.010954166666666673,0.9
2025-12-27 00:00:00,weekly2,2025-02-01 00:00:00,2025-12-27 00:00:00,28,2025-11-29,2025-12-26,2025-12-27 00:00:00,0.03571428571428571,0.0,0.9
2025-12-27 06:00:00,weekly2,2025-02-01 00:00:00,2025-12-27 06:00:00,28,2025-11-29,2025-12-26,2025-12-27 06:00:00,0.03571428571428571,-0.020402777777777766,0.9
2025-12-27 12:00:00,weekly2,2025-02-01 00:00:00,2025-12-27 12:00:00,28,2025-11-29,2025-12-26,2025-12-27 12:00:00,0.03571428571428571,-0.004888888888888901,0.9
2025-12-27 18:00:00,weekly2,2025-02-01 00:00:00,2025-12-27 18:00:00,28,2025-11-29,2025-12-26,2025-12-27 18:00:00,0.03571428571428571,0.018876388888888887,0.9
2025-12-28 00:00:00,weekly2,2025-02-01 00:00:00,2025-12-28 00:00:00,28,2025-11-30,2025-12-27,2025-12-28 00:00:00,0.03571428571428571,0.0,0.9
2025-12-28 06:00:00,weekly2,2025-02-01 00:00:00,2025-12-28 06:00:00,28,2025-11-30,2025-12-27,2025-12-28 06:00:00,0.03571428571428571,0.001162500000000003,0.9
2025-12-28 12:00:00,weekly2,2025-02-01 00:00:00,2025-12-28 12:00:00,28,2025-11-30,2025-12-27,2025-12-28 12:00:00,0.03571428571428571,-0.006713888888888862,0.9
2025-12-28 18:00:00,weekly2,2025-02-01 00:00:00,2025-12-28 18:00:00,28,2025-11-30,2025-12-27,2025-12-28 18:00:00,0.03571428571428571,-0.019720833333333337,0.9
2025-12-29 00:00:00,weekly2,2025-02-01 00:00:00,2025-12-29 00:00:00,28,2025-12-01,2025-12-28,2025-12-29 00:00:00,0.03571428571428571,0.0,0.9
2025-12-29 06:00:00,weekly2,2025-02-01 00:00:00,2025-12-29 06:00:00,28,2025-12-01,2025-12-28,2025-12-29 06:00:00,0.03571428571428571,-0.0027930555555555517,0.9
2025-12-29 12:00:00,weekly2,2025-02-01 00:00:00,2025-12-29 12:00:00,28,2025-12-01,2025-12-28,2025-12-29 12:00:00,0.03571428571428571,-0.027936111111111113,0.9
2025-12-29 18:00:00,weekly2,2025-02-01 00:00:00,2025-12-29 18:00:00,28,2025-12-01,2025-12-28,2025-12-29 18:00:00,0.03571428571428571,-0.008368055555555571,0.9
2025-12-30 00:00:00,weekly2,2025-02-01 00:00:00,2025-12-30 00:00:00,28,2025-12-02,2025-12-29,2025-12-30 00:00:00,0.03571428571428571,0.0,0.9
2025-12-30 06:00:00,weekly2,2025-02-01 00:00:00,2025-12-30 06:00:00,28,2025-12-02,2025-12-29,2025-12-30 06:00:00,0.03571428571428571,-0.004195833333333329,0.9
2025-12-30 12:00:00,weekly2,2025-02-01 00:00:00,2025-12-30 12:00:00,28,2025-12-02,2025-12-29,2025-12-30 12:00:00,0.03571428571428571,-0.005951388888888875,0.9
2025-12-30 18:00:00,weekly2,2025-02-01 00:00:00,2025-12-30 18:00:00,28,2025-12-02,2025-12-29,2025-12-30 18:00:00,0.03571428571428571,-0.026465277777777785,0.9
2025-12-31 00:00:00,weekly2,2025-02-01 00:00:00,2025-12-31 00:00:00,28,2025-12-03,2025-12-30,2025-12-31 00:00:00,0.03571428571428571,0.0,0.9
2025-12-31 06:00:00,weekly2,2025-02-01 00:00:00,2025-12-31 06:00:00,28,2025-12-03,2025-12-30,2025-12-31 06:00:00,0.03571428571428571,-0.012566666666666663,0.9
2025-12-31 12:00:00,weekly2,2025-02-01 00:00:00,2025-12-31 12:00:00,28,2025-12-03,2025-12-30,2025-12-31 12:00:00,0.03571428571428571,0.015413888888888866,0.9
2025-12-31 18:00:00,weekly2,2025-02-01 00:00:00,2025-12-31 18:00:00,28,2025-12-03,2025-12-30,2025-12-31 18:00:00,0.03571428571428571,0.0011069444444444304,0.9
