variant,date,issue_datetime,issue_hour,first_target_end,last_target_end,soc_measured_kwh,planned_terminal_kwh,milp_gap,price_mode,radius_scale,nominal_horizon_proxy_cost_yuan,box_worst_horizon_proxy_cost_yuan,q2_pv_history_only,load_history_through_date
4-3,2025-01-01,2025-01-01 00:00:00,0,2025-01-01 00:10:00,2025-01-02 00:00:00,6000.0,6000.0,0.0,forecast,1.0,0.0,0.0,False,
4-3,2025-01-01,2025-01-01 06:00:00,6,2025-01-01 06:10:00,2025-01-02 06:00:00,1200.0,6000.0,0.0,forecast,1.0,0.0,0.0,False,
4-3,2025-01-01,2025-01-01 12:00:00,12,2025-01-01 12:10:00,2025-01-02 12:00:00,1200.0,6000.0,0.0,forecast,1.0,0.0,0.0,False,
4-3,2025-01-01,2025-01-01 18:00:00,18,2025-01-01 18:10:00,2025-01-02 18:00:00,1200.0,6000.0,0.0,forecast,1.0,0.0,0.0,False,
4-3,2025-01-02,2025-01-02 00:00:00,0,2025-01-02 00:10:00,2025-01-03 00:00:00,1200.0,6000.0,0.0,forecast,1.0,78899.7590543247,78899.7590543247,False,2025-01-01
4-3,2025-01-02,2025-01-02 06:00:00,6,2025-01-02 06:10:00,2025-01-03 06:00:00,10586.246687037037,6000.0,0.0,forecast,1.0,73545.09094228427,73545.09094228427,False,2025-01-01
4-3,2025-01-02,2025-01-02 12:00:00,12,2025-01-02 12:10:00,2025-01-03 12:00:00,7823.8662756790145,6000.0,0.0,forecast,1.0,72772.73282572681,72772.73282572681,False,2025-01-01
4-3,2025-01-02,2025-01-02 18:00:00,18,2025-01-02 18:10:00,2025-01-03 18:00:00,10446.154204201235,6000.0,0.0,forecast,1.0,74787.803114379,74787.803114379,False,2025-01-01
4-3,2025-01-03,2025-01-03 00:00:00,0,2025-01-03 00:10:00,2025-01-04 00:00:00,5944.373769444444,6000.0,0.0,forecast,1.0,75306.19209161786,75306.19209161786,False,2025-01-02
4-3,2025-01-03,2025-01-03 06:00:00,6,2025-01-03 06:10:00,2025-01-04 06:00:00,10800.0,6000.0,1.3929615721610164e-15,forecast,1.0,70078.85163860118,70078.85163860118,False,2025-01-02
4-3,2025-01-03,2025-01-03 12:00:00,12,2025-01-03 12:10:00,2025-01-04 12:00:00,10800.0,6000.0,0.0,forecast,1.0,68633.34918578282,68633.34918578282,False,2025-01-02
4-3,2025-01-03,2025-01-03 18:00:00,18,2025-01-03 18:10:00,2025-01-04 18:00:00,10800.0,6000.0,1.680432802047409e-16,forecast,1.0,56875.32139313415,56875.32139313415,False,2025-01-02
4-3,2025-01-04,2025-01-04 00:00:00,0,2025-01-04 00:10:00,2025-01-05 00:00:00,10800.0,6000.0,0.0,forecast,1.0,20221.916774324454,20221.916774324454,False,2025-01-03
4-3,2025-01-04,2025-01-04 06:00:00,6,2025-01-04 06:10:00,2025-01-05 06:00:00,10146.291089999999,6000.0,0.0,forecast,1.0,21037.50391673557,21037.50391673557,False,2025-01-03
4-3,2025-01-04,2025-01-04 12:00:00,12,2025-01-04 12:10:00,2025-01-05 12:00:00,5886.2356324506145,6000.0,3.7589201371919223e-16,forecast,1.0,21840.668370612017,21840.668370612017,False,2025-01-03
4-3,2025-01-04,2025-01-04 18:00:00,18,2025-01-04 18:10:00,2025-01-05 18:00:00,9983.705189629629,6000.0,0.0,forecast,1.0,19603.164354717617,19603.164354717617,False,2025-01-03
4-3,2025-01-05,2025-01-05 00:00:00,0,2025-01-05 00:10:00,2025-01-06 00:00:00,5735.978994814815,6000.0,0.0,forecast,1.0,23214.32374806879,23214.32374806879,False,2025-01-04
4-3,2025-01-05,2025-01-05 06:00:00,6,2025-01-05 06:10:00,2025-01-06 06:00:00,4254.260111296297,6000.0,0.0,forecast,1.0,32926.53438280562,32926.53438280562,False,2025-01-04
4-3,2025-01-05,2025-01-05 12:00:00,12,2025-01-05 12:10:00,2025-01-06 12:00:00,3346.4093799629636,6000.0,0.0,forecast,1.0,39132.280720971714,39132.280720971714,False,2025-01-04
4-3,2025-01-05,2025-01-05 18:00:00,18,2025-01-05 18:10:00,2025-01-06 18:00:00,1200.0,6000.0,0.0,forecast,1.0,53559.52471915428,53559.52471915428,False,2025-01-04
4-3,2025-01-06,2025-01-06 00:00:00,0,2025-01-06 00:10:00,2025-01-07 00:00:00,4465.019162925925,6000.0,1.5276761917435473e-16,forecast,1.0,95255.22848499542,95255.22848499542,False,2025-01-05
4-3,2025-01-06,2025-01-06 06:00:00,6,2025-01-06 06:10:00,2025-01-07 06:00:00,10800.0,6000.0,0.0,forecast,1.0,92821.47391619772,92821.47391619772,False,2025-01-05
4-3,2025-01-06,2025-01-06 12:00:00,12,2025-01-06 12:10:00,2025-01-07 12:00:00,10518.328479117288,6000.0,0.0,forecast,1.0,103749.03945746286,103749.03945746286,False,2025-01-05
4-3,2025-01-06,2025-01-06 18:00:00,18,2025-01-06 18:10:00,2025-01-07 18:00:00,10800.0,6000.0,0.0,forecast,1.0,107827.27966556561,107827.27966556561,False,2025-01-05
4-3,2025-01-07,2025-01-07 00:00:00,0,2025-01-07 00:10:00,2025-01-08 00:00:00,8807.11491114815,6000.0,0.0,forecast,1.0,82453.34196558902,82453.34196558902,False,2025-01-06
4-3,2025-01-07,2025-01-07 06:00:00,6,2025-01-07 06:10:00,2025-01-08 06:00:00,10800.0,6000.0,1.4604718924710126e-15,forecast,1.0,87595.64348754464,87595.64348754464,False,2025-01-06
4-3,2025-01-07,2025-01-07 12:00:00,12,2025-01-07 12:10:00,2025-01-08 12:00:00,9218.949556506175,6000.0,0.0,forecast,1.0,98901.48922279579,98901.48922279579,False,2025-01-06
4-3,2025-01-07,2025-01-07 18:00:00,18,2025-01-07 18:10:00,2025-01-08 18:00:00,10800.0,6000.0,0.0,forecast,1.0,100485.83031642159,100485.83031642159,False,2025-01-06
4-3,2025-01-08,2025-01-08 00:00:00,0,2025-01-08 00:10:00,2025-01-09 00:00:00,7805.282316814815,6000.0,0.0,forecast,1.0,85564.85564728643,85564.85564728643,False,2025-01-07
4-3,2025-01-08,2025-01-08 06:00:00,6,2025-01-08 06:10:00,2025-01-09 06:00:00,10756.718518518519,6000.0,0.0,forecast,1.0,85544.6750125103,85544.6750125103,False,2025-01-07
4-3,2025-01-08,2025-01-08 12:00:00,12,2025-01-08 12:10:00,2025-01-09 12:00:00,8077.260714228396,6000.0,0.0,forecast,1.0,95097.45970202617,95097.45970202617,False,2025-01-07
4-3,2025-01-08,2025-01-08 18:00:00,18,2025-01-08 18:10:00,2025-01-09 18:00:00,10800.0,6000.0,1.5859533241154451e-16,forecast,1.0,107316.6588538673,107316.6588538673,False,2025-01-07
4-3,2025-01-09,2025-01-09 00:00:00,0,2025-01-09 00:10:00,2025-01-10 00:00:00,6854.201568148148,6000.0,0.0,forecast,1.0,76062.0692080686,76062.0692080686,False,2025-01-08
4-3,2025-01-09,2025-01-09 06:00:00,6,2025-01-09 06:10:00,2025-01-10 06:00:00,10800.0,6000.0,3.438197511338404e-15,forecast,1.0,74362.54270415087,74362.54270415087,False,2025-01-08
4-3,2025-01-09,2025-01-09 12:00:00,12,2025-01-09 12:10:00,2025-01-10 12:00:00,7427.3807589074095,6000.0,5.865201410459194e-16,forecast,1.0,80241.42561251849,80241.42561251849,False,2025-01-08
4-3,2025-01-09,2025-01-09 18:00:00,18,2025-01-09 18:10:00,2025-01-10 18:00:00,10800.0,6000.0,0.0,forecast,1.0,79632.98147249976,79632.98147249976,False,2025-01-08
4-3,2025-01-10,2025-01-10 00:00:00,0,2025-01-10 00:10:00,2025-01-11 00:00:00,6871.101035259258,6000.0,0.0,forecast,1.0,63819.41322437627,66318.32783455336,False,2025-01-09
4-3,2025-01-10,2025-01-10 06:00:00,6,2025-01-10 06:10:00,2025-01-11 06:00:00,10800.0,6000.0,0.0,forecast,1.0,62046.913842738366,64682.508676882324,False,2025-01-09
4-3,2025-01-10,2025-01-10 12:00:00,12,2025-01-10 12:10:00,2025-01-11 12:00:00,10800.0,6000.0,0.0,forecast,1.0,71983.34768572781,75227.90600973056,False,2025-01-09
4-3,2025-01-10,2025-01-10 18:00:00,18,2025-01-10 18:10:00,2025-01-11 18:00:00,10800.0,6000.0,0.0,forecast,1.0,65001.72234865156,68098.1445663922,False,2025-01-09
4-3,2025-01-11,2025-01-11 00:00:00,0,2025-01-11 00:10:00,2025-01-12 00:00:00,10800.0,6000.0,0.0,forecast,1.0,23393.20131810594,25399.666106127013,False,2025-01-10
4-3,2025-01-11,2025-01-11 06:00:00,6,2025-01-11 06:10:00,2025-01-12 06:00:00,10204.237037037037,6000.0,0.0,forecast,1.0,27322.17676421599,29505.476663335816,False,2025-01-10
4-3,2025-01-11,2025-01-11 12:00:00,12,2025-01-11 12:10:00,2025-01-12 12:00:00,8269.294287666671,6000.0,0.0,forecast,1.0,34343.38051209098,36934.13592512933,False,2025-01-10
4-3,2025-01-11,2025-01-11 18:00:00,18,2025-01-11 18:10:00,2025-01-12 18:00:00,10275.042207993827,6000.0,0.0,forecast,1.0,37284.944076156724,39859.5135842899,False,2025-01-10
4-3,2025-01-12,2025-01-12 00:00:00,0,2025-01-12 00:10:00,2025-01-13 00:00:00,6225.03244099383,6000.0,0.0,forecast,1.0,34709.19171511662,37630.641594048095,False,2025-01-11
4-3,2025-01-12,2025-01-12 06:00:00,6,2025-01-12 06:10:00,2025-01-13 06:00:00,5290.917645888889,6000.0,0.0,forecast,1.0,44005.23134555906,47537.0562299609,False,2025-01-11
4-3,2025-01-12,2025-01-12 12:00:00,12,2025-01-12 12:10:00,2025-01-13 12:00:00,4218.976007814811,6000.0,0.0,forecast,1.0,47906.64934339204,51792.922189708675,False,2025-01-11
4-3,2025-01-12,2025-01-12 18:00:00,18,2025-01-12 18:10:00,2025-01-13 18:00:00,1200.0,6000.0,0.0,forecast,1.0,70828.06339555632,75402.87330050237,False,2025-01-11
4-3,2025-01-13,2025-01-13 00:00:00,0,2025-01-13 00:10:00,2025-01-14 00:00:00,4547.741825851851,6000.0,0.0,forecast,1.0,82247.11320494943,88428.27395207547,False,2025-01-12
4-3,2025-01-13,2025-01-13 06:00:00,6,2025-01-13 06:10:00,2025-01-14 06:00:00,10800.0,6000.0,0.0,forecast,1.0,79875.00413598544,85934.45167463353,False,2025-01-12
4-3,2025-01-13,2025-01-13 12:00:00,12,2025-01-13 12:10:00,2025-01-14 12:00:00,8243.345253888889,6000.0,0.0,forecast,1.0,91205.8219682382,98143.53935000306,False,2025-01-12
4-3,2025-01-13,2025-01-13 18:00:00,18,2025-01-13 18:10:00,2025-01-14 18:00:00,10800.0,6000.0,0.0,forecast,1.0,98831.72142675718,105958.02692277936,False,2025-01-12
4-3,2025-01-14,2025-01-14 00:00:00,0,2025-01-14 00:10:00,2025-01-15 00:00:00,6704.134440740742,6000.0,0.0,forecast,1.0,79148.48675209547,85396.58656626135,False,2025-01-13
4-3,2025-01-14,2025-01-14 06:00:00,6,2025-01-14 06:10:00,2025-01-15 06:00:00,10800.0,6000.0,1.7916815304215216e-15,forecast,1.0,79543.36422045642,85759.79933228044,False,2025-01-13
4-3,2025-01-14,2025-01-14 12:00:00,12,2025-01-14 12:10:00,2025-01-15 12:00:00,7979.32879669753,6000.0,0.0,forecast,1.0,94419.55224805677,101742.72130238242,False,2025-01-13
4-3,2025-01-14,2025-01-14 18:00:00,18,2025-01-14 18:10:00,2025-01-15 18:00:00,10800.0,6000.0,0.0,forecast,1.0,92651.24546284266,99914.44972756825,False,2025-01-13
4-3,2025-01-15,2025-01-15 00:00:00,0,2025-01-15 00:10:00,2025-01-16 00:00:00,7042.370318074076,6000.0,1.8188831297781304e-16,forecast,1.0,73803.60181332947,80004.66982232624,False,2025-01-14
4-3,2025-01-15,2025-01-15 06:00:00,6,2025-01-15 06:10:00,2025-01-16 06:00:00,10800.0,6000.0,0.0,forecast,1.0,78769.0264519123,85355.12733277881,False,2025-01-14
4-3,2025-01-15,2025-01-15 12:00:00,12,2025-01-15 12:10:00,2025-01-16 12:00:00,7595.766518185188,6000.0,1.208691860941771e-16,forecast,1.0,96019.13188543136,103677.31368289345,False,2025-01-14
4-3,2025-01-15,2025-01-15 18:00:00,18,2025-01-15 18:10:00,2025-01-16 18:00:00,10800.0,6000.0,1.6028817947298581e-16,forecast,1.0,99963.58926278693,107865.34984697917,False,2025-01-14
4-3,2025-01-16,2025-01-16 00:00:00,0,2025-01-16 00:10:00,2025-01-17 00:00:00,6926.303037320989,6000.0,0.0,forecast,1.0,74118.47720477445,80523.93003948004,False,2025-01-15
4-3,2025-01-16,2025-01-16 06:00:00,6,2025-01-16 06:10:00,2025-01-17 06:00:00,10800.0,6000.0,9.795163504843421e-16,forecast,1.0,72145.35609430715,78647.136202014,False,2025-01-15
4-3,2025-01-16,2025-01-16 12:00:00,12,2025-01-16 12:10:00,2025-01-17 12:00:00,7142.81607697531,6000.0,0.0,forecast,1.0,75317.38532175457,82556.40372654173,False,2025-01-15
4-3,2025-01-16,2025-01-16 18:00:00,18,2025-01-16 18:10:00,2025-01-17 18:00:00,10800.0,6000.0,0.0,forecast,1.0,75868.35669498958,83791.52250764737,False,2025-01-15
4-3,2025-01-17,2025-01-17 00:00:00,0,2025-01-17 00:10:00,2025-01-18 00:00:00,7065.818958172837,6000.0,0.0,forecast,1.0,58193.849147224835,64872.48226192997,False,2025-01-16
4-3,2025-01-17,2025-01-17 06:00:00,6,2025-01-17 06:10:00,2025-01-18 06:00:00,10800.0,6000.0,2.187254418230408e-15,forecast,1.0,58477.94192233366,65182.26108215256,False,2025-01-16
4-3,2025-01-17,2025-01-17 12:00:00,12,2025-01-17 12:10:00,2025-01-18 12:00:00,10800.0,6000.0,0.0,forecast,1.0,72020.18289200822,79860.20973495557,False,2025-01-16
4-3,2025-01-17,2025-01-17 18:00:00,18,2025-01-17 18:10:00,2025-01-18 18:00:00,10800.0,6000.0,0.0,forecast,1.0,72107.72960007557,80057.35332661084,False,2025-01-16
4-3,2025-01-18,2025-01-18 00:00:00,0,2025-01-18 00:10:00,2025-01-19 00:00:00,10800.0,6000.0,1.3685452295554747e-16,forecast,1.0,47490.31760086528,53165.63011427545,False,2025-01-17
4-3,2025-01-18,2025-01-18 06:00:00,6,2025-01-18 06:10:00,2025-01-19 06:00:00,10800.0,6000.0,0.0,forecast,1.0,51596.75147337692,57571.01577551519,False,2025-01-17
4-3,2025-01-18,2025-01-18 12:00:00,12,2025-01-18 12:10:00,2025-01-19 12:00:00,10800.0,6000.0,0.0,forecast,1.0,64735.13195365363,71421.02692681798,False,2025-01-17
4-3,2025-01-18,2025-01-18 18:00:00,18,2025-01-18 18:10:00,2025-01-19 18:00:00,10536.340969135803,6000.0,0.0,forecast,1.0,80044.30477840957,87150.71492490427,False,2025-01-17
4-3,2025-01-19,2025-01-19 00:00:00,0,2025-01-19 00:10:00,2025-01-20 00:00:00,9525.869388888888,6000.0,0.0,forecast,1.0,42552.093581552384,46661.07496445834,False,2025-01-18
4-3,2025-01-19,2025-01-19 06:00:00,6,2025-01-19 06:10:00,2025-01-20 06:00:00,7952.983106728394,6000.0,0.0,forecast,1.0,47784.285832744965,52369.06851844284,False,2025-01-18
4-3,2025-01-19,2025-01-19 12:00:00,12,2025-01-19 12:10:00,2025-01-20 12:00:00,4893.727483475308,6000.0,0.0,forecast,1.0,59973.46299307363,65373.264423590685,False,2025-01-18
4-3,2025-01-19,2025-01-19 18:00:00,18,2025-01-19 18:10:00,2025-01-20 18:00:00,1200.0,6000.0,0.0,forecast,1.0,89548.5034184248,96642.42771043786,False,2025-01-18
4-3,2025-01-20,2025-01-20 00:00:00,0,2025-01-20 00:10:00,2025-01-21 00:00:00,5319.742732246913,6000.0,0.0,forecast,1.0,46565.313393496006,51125.88489542173,False,2025-01-19
4-3,2025-01-20,2025-01-20 06:00:00,6,2025-01-20 06:10:00,2025-01-21 06:00:00,8108.056538654321,6000.0,1.3018944392178564e-15,forecast,1.0,48041.99658478939,52586.406582264186,False,2025-01-19
4-3,2025-01-20,2025-01-20 12:00:00,12,2025-01-20 12:10:00,2025-01-21 12:00:00,4519.5534905,6000.0,0.0,forecast,1.0,61291.82920454688,66911.49354108227,False,2025-01-19
4-3,2025-01-20,2025-01-20 18:00:00,18,2025-01-20 18:10:00,2025-01-21 18:00:00,1200.0,6000.0,0.0,forecast,1.0,74707.90717009235,80733.52578231078,False,2025-01-19
4-3,2025-01-21,2025-01-21 00:00:00,0,2025-01-21 00:10:00,2025-01-22 00:00:00,5370.267242703704,6000.0,0.0,forecast,1.0,69576.64164673675,75876.06499312058,False,2025-01-20
4-3,2025-01-21,2025-01-21 06:00:00,6,2025-01-21 06:10:00,2025-01-22 06:00:00,10647.364045679013,6000.0,0.0,forecast,1.0,67787.53605064757,73869.99685172111,False,2025-01-20
4-3,2025-01-21,2025-01-21 12:00:00,12,2025-01-21 12:10:00,2025-01-22 12:00:00,7118.825800302472,6000.0,0.0,forecast,1.0,78477.38486242248,85509.76353622184,False,2025-01-20
4-3,2025-01-21,2025-01-21 18:00:00,18,2025-01-21 18:10:00,2025-01-22 18:00:00,10690.880073203703,6000.0,0.0,forecast,1.0,85036.0408238859,92543.20151880586,False,2025-01-20
4-3,2025-01-22,2025-01-22 00:00:00,0,2025-01-22 00:10:00,2025-01-23 00:00:00,6422.505791493832,6000.0,0.0,forecast,1.0,87781.29656912049,95430.53048040665,False,2025-01-21
4-3,2025-01-22,2025-01-22 06:00:00,6,2025-01-22 06:10:00,2025-01-23 06:00:00,10800.0,6000.0,0.0,forecast,1.0,87158.83882899873,94745.25155743264,False,2025-01-21
4-3,2025-01-22,2025-01-22 12:00:00,12,2025-01-22 12:10:00,2025-01-23 12:00:00,9879.95814428781,6000.0,0.0,forecast,1.0,93345.67195560144,101260.52772774498,False,2025-01-21
4-3,2025-01-22,2025-01-22 18:00:00,18,2025-01-22 18:10:00,2025-01-23 18:00:00,10800.0,6000.0,0.0,forecast,1.0,93546.4078879322,101661.52011861045,False,2025-01-21
4-3,2025-01-23,2025-01-23 00:00:00,0,2025-01-23 00:10:00,2025-01-24 00:00:00,7843.870899250871,6000.0,1.6652217010280856e-16,forecast,1.0,80212.85601150969,87387.2498772527,False,2025-01-22
4-3,2025-01-23,2025-01-23 06:00:00,6,2025-01-23 06:10:00,2025-01-24 06:00:00,10800.0,6000.0,1.706583295255341e-15,forecast,1.0,80237.47217550616,87583.78665417418,False,2025-01-22
4-3,2025-01-23,2025-01-23 12:00:00,12,2025-01-23 12:10:00,2025-01-24 12:00:00,9023.44743088831,6000.0,3.8838182132239207e-16,forecast,1.0,80439.6860041568,88332.35150481026,False,2025-01-22
4-3,2025-01-23,2025-01-23 18:00:00,18,2025-01-23 18:10:00,2025-01-24 18:00:00,10800.0,6000.0,0.0,forecast,1.0,70677.09698145768,78448.62717493271,False,2025-01-22
4-3,2025-01-24,2025-01-24 00:00:00,0,2025-01-24 00:10:00,2025-01-25 00:00:00,7733.463850860339,6000.0,0.0,forecast,1.0,26698.96525993089,30370.003666316887,False,2025-01-23
4-3,2025-01-24,2025-01-24 06:00:00,6,2025-01-24 06:10:00,2025-01-25 06:00:00,10205.624074074074,6000.0,0.0,forecast,1.0,26983.63584958169,30642.191671541237,False,2025-01-23
4-3,2025-01-24,2025-01-24 12:00:00,12,2025-01-24 12:10:00,2025-01-25 12:00:00,10548.07286156901,6000.0,0.0,forecast,1.0,34571.10490574934,39149.833304129184,False,2025-01-23
4-3,2025-01-24,2025-01-24 18:00:00,18,2025-01-24 18:10:00,2025-01-25 18:00:00,10800.0,6000.0,0.0,forecast,1.0,29482.581243823617,33507.10086352971,False,2025-01-23
4-3,2025-01-25,2025-01-25 00:00:00,0,2025-01-25 00:10:00,2025-01-26 00:00:00,8203.332995810037,6000.0,0.0,forecast,1.0,25595.470966281355,29098.742877989855,False,2025-01-24
4-3,2025-01-25,2025-01-25 06:00:00,6,2025-01-25 06:10:00,2025-01-26 06:00:00,10503.937531524884,6000.0,0.0,forecast,1.0,29788.08849753972,33613.283559481766,False,2025-01-24
4-3,2025-01-25,2025-01-25 12:00:00,12,2025-01-25 12:10:00,2025-01-26 12:00:00,10800.0,6000.0,0.0,forecast,1.0,32832.7590161312,36776.58402944853,False,2025-01-24
4-3,2025-01-25,2025-01-25 18:00:00,18,2025-01-25 18:10:00,2025-01-26 18:00:00,10301.768518518518,6000.0,0.0,forecast,1.0,40006.85774438012,44500.607511891154,False,2025-01-24
4-3,2025-01-26,2025-01-26 00:00:00,0,2025-01-26 00:10:00,2025-01-27 00:00:00,7982.166498084978,6000.0,0.0,forecast,1.0,82624.30475173888,90171.294162243,False,2025-01-25
4-3,2025-01-26,2025-01-26 06:00:00,6,2025-01-26 06:10:00,2025-01-27 06:00:00,10800.0,6000.0,0.0,forecast,1.0,82057.35271965901,89628.64083749652,False,2025-01-25
4-3,2025-01-26,2025-01-26 12:00:00,12,2025-01-26 12:10:00,2025-01-27 12:00:00,10117.919466601565,6000.0,0.0,forecast,1.0,90741.5177145469,98879.22478003279,False,2025-01-25
4-3,2025-01-26,2025-01-26 18:00:00,18,2025-01-26 18:10:00,2025-01-27 18:00:00,10800.0,6000.0,0.0,forecast,1.0,87047.94872467978,94898.51273788323,False,2025-01-25
4-3,2025-01-27,2025-01-27 00:00:00,0,2025-01-27 00:10:00,2025-01-28 00:00:00,7522.920644981002,6000.0,0.0,forecast,1.0,72494.8647334046,79215.55028784834,False,2025-01-26
4-3,2025-01-27,2025-01-27 06:00:00,6,2025-01-27 06:10:00,2025-01-28 06:00:00,10800.0,6000.0,0.0,forecast,1.0,74396.74369739102,81317.75845506498,False,2025-01-26
4-3,2025-01-27,2025-01-27 12:00:00,12,2025-01-27 12:10:00,2025-01-28 12:00:00,9646.553466404901,6000.0,0.0,forecast,1.0,80609.57623138203,88135.18329276753,False,2025-01-26
4-3,2025-01-27,2025-01-27 18:00:00,18,2025-01-27 18:10:00,2025-01-28 18:00:00,10800.0,6000.0,0.0,forecast,1.0,83290.30912130373,90932.03504219289,False,2025-01-26
4-3,2025-01-28,2025-01-28 00:00:00,0,2025-01-28 00:10:00,2025-01-29 00:00:00,7287.667879953705,6000.0,0.0,forecast,1.0,74575.06489560095,81674.82017679609,False,2025-01-27
4-3,2025-01-28,2025-01-28 06:00:00,6,2025-01-28 06:10:00,2025-01-29 06:00:00,10800.0,6000.0,0.0,forecast,1.0,73932.2399330505,80992.96688498644,False,2025-01-27
4-3,2025-01-28,2025-01-28 12:00:00,12,2025-01-28 12:10:00,2025-01-29 12:00:00,8271.342739954187,6000.0,2.940948810714718e-16,forecast,1.0,88139.80256583128,96288.86475958965,False,2025-01-27
4-3,2025-01-28,2025-01-28 18:00:00,18,2025-01-28 18:10:00,2025-01-29 18:00:00,10800.0,6000.0,0.0,forecast,1.0,81345.39342733148,88907.90930918873,False,2025-01-27
4-3,2025-01-29,2025-01-29 00:00:00,0,2025-01-29 00:10:00,2025-01-30 00:00:00,7161.606859215132,6000.0,0.0,forecast,1.0,69506.10135768347,76163.45282829498,False,2025-01-28
4-3,2025-01-29,2025-01-29 06:00:00,6,2025-01-29 06:10:00,2025-01-30 06:00:00,10800.0,6000.0,1.5699946243739188e-15,forecast,1.0,71298.78442479063,78081.83809936795,False,2025-01-28
4-3,2025-01-29,2025-01-29 12:00:00,12,2025-01-29 12:10:00,2025-01-30 12:00:00,8125.074390055364,6000.0,0.0,forecast,1.0,78102.66527309983,85384.99420342749,False,2025-01-28
4-3,2025-01-29,2025-01-29 18:00:00,18,2025-01-29 18:10:00,2025-01-30 18:00:00,10800.0,6000.0,0.0,forecast,1.0,84539.35764409465,92380.91951973898,False,2025-01-28
4-3,2025-01-30,2025-01-30 00:00:00,0,2025-01-30 00:10:00,2025-01-31 00:00:00,7555.030669662908,6000.0,0.0,forecast,1.0,70634.44281812134,77210.45169939185,False,2025-01-29
4-3,2025-01-30,2025-01-30 06:00:00,6,2025-01-30 06:10:00,2025-01-31 06:00:00,10800.0,6000.0,8.915093013864951e-16,forecast,1.0,70331.83908996219,77175.18404506193,False,2025-01-29
4-3,2025-01-30,2025-01-30 12:00:00,12,2025-01-30 12:10:00,2025-01-31 12:00:00,8491.67223935484,6000.0,0.0,forecast,1.0,69813.04141572578,77304.96054385818,False,2025-01-29
4-3,2025-01-30,2025-01-30 18:00:00,18,2025-01-30 18:10:00,2025-01-31 18:00:00,10800.0,6000.0,0.0,forecast,1.0,58246.935720568006,65358.51380156459,False,2025-01-29
4-3,2025-01-31,2025-01-31 00:00:00,0,2025-01-31 00:10:00,2025-02-01 00:00:00,7055.295982843415,6000.0,0.0,forecast,1.0,22351.45502942612,25786.569333954634,False,2025-01-30
4-3,2025-01-31,2025-01-31 06:00:00,6,2025-01-31 06:10:00,2025-02-01 06:00:00,10207.14074074074,6000.0,0.0,forecast,1.0,22353.643849268683,25832.20642776253,False,2025-01-30
4-3,2025-01-31,2025-01-31 12:00:00,12,2025-01-31 12:10:00,2025-02-01 12:00:00,8368.093348650274,6000.0,0.0,forecast,1.0,27403.6872530657,31301.293248344416,False,2025-01-30
4-3,2025-01-31,2025-01-31 18:00:00,18,2025-01-31 18:10:00,2025-02-01 18:00:00,10260.937037037038,6000.0,0.0,forecast,1.0,28125.407369821514,32192.981841444784,False,2025-01-30
4-3,2025-02-01,2025-02-01 00:00:00,0,2025-02-01 00:10:00,2025-02-02 00:00:00,7823.286130188512,6000.0,0.0,forecast,1.0,23237.845902185814,26679.649129176527,False,2025-01-31
4-3,2025-02-01,2025-02-01 06:00:00,6,2025-02-01 06:10:00,2025-02-02 06:00:00,10232.24074074074,6000.0,5.992351176834514e-16,forecast,1.0,25277.56759332375,28706.240658057835,False,2025-01-31
4-3,2025-02-01,2025-02-01 12:00:00,12,2025-02-01 12:10:00,2025-02-02 12:00:00,9924.287158333334,6000.0,0.0,forecast,1.0,39466.33000450231,44258.70920409051,False,2025-01-31
4-3,2025-02-01,2025-02-01 18:00:00,18,2025-02-01 18:10:00,2025-02-02 18:00:00,10323.922222222222,6000.0,0.0,forecast,1.0,32579.98650453381,36465.33081297913,False,2025-01-31
4-3,2025-02-02,2025-02-02 00:00:00,0,2025-02-02 00:10:00,2025-02-03 00:00:00,7879.947885578076,6000.0,0.0,forecast,1.0,72034.68985481825,78957.75185220032,False,2025-02-01
4-3,2025-02-02,2025-02-02 06:00:00,6,2025-02-02 06:10:00,2025-02-03 06:00:00,10800.0,6000.0,0.0,forecast,1.0,70976.14337083092,77874.91587201884,False,2025-02-01
4-3,2025-02-02,2025-02-02 12:00:00,12,2025-02-02 12:10:00,2025-02-03 12:00:00,9080.682345545236,6000.0,3.2704973924146365e-16,forecast,1.0,80897.77646661848,88699.93837195232,False,2025-02-01
4-3,2025-02-02,2025-02-02 18:00:00,18,2025-02-02 18:10:00,2025-02-03 18:00:00,10800.0,6000.0,0.0,forecast,1.0,76342.55644104906,83800.98039009154,False,2025-02-01
4-3,2025-02-03,2025-02-03 00:00:00,0,2025-02-03 00:10:00,2025-02-04 00:00:00,7552.491126752315,6000.0,1.8444020979173136e-16,forecast,1.0,71803.23779305482,78897.73303195028,False,2025-02-02
4-3,2025-02-03,2025-02-03 06:00:00,6,2025-02-03 06:10:00,2025-02-04 06:00:00,10800.0,6000.0,9.813328457158368e-16,forecast,1.0,70523.57604218039,77511.12945550306,False,2025-02-02
4-3,2025-02-03,2025-02-03 12:00:00,12,2025-02-03 12:10:00,2025-02-04 12:00:00,9017.98745305652,6000.0,0.0,forecast,1.0,78658.61303068587,86204.85161479727,False,2025-02-02
4-3,2025-02-03,2025-02-03 18:00:00,18,2025-02-03 18:10:00,2025-02-04 18:00:00,10800.0,6000.0,0.0,forecast,1.0,77973.72541253793,85572.71778181205,False,2025-02-02
4-3,2025-02-04,2025-02-04 00:00:00,0,2025-02-04 00:10:00,2025-02-05 00:00:00,7281.739428249134,6000.0,0.0,forecast,1.0,73369.32596309071,80612.89934706292,False,2025-02-03
4-3,2025-02-04,2025-02-04 06:00:00,6,2025-02-04 06:10:00,2025-02-05 06:00:00,10800.0,6000.0,1.9733775548541986e-15,forecast,1.0,71902.88910006177,79031.59252556287,False,2025-02-03
4-3,2025-02-04,2025-02-04 12:00:00,12,2025-02-04 12:10:00,2025-02-05 12:00:00,9025.237008052856,6000.0,0.0,forecast,1.0,75865.19996768434,83240.98218078451,False,2025-02-03
4-3,2025-02-04,2025-02-04 18:00:00,18,2025-02-04 18:10:00,2025-02-05 18:00:00,10800.0,6000.0,0.0,forecast,1.0,80435.7278248958,88489.94352542679,False,2025-02-03
4-3,2025-02-05,2025-02-05 00:00:00,0,2025-02-05 00:10:00,2025-02-06 00:00:00,7245.341046140237,6000.0,0.0,forecast,1.0,68122.10656128154,74798.10489309591,False,2025-02-04
4-3,2025-02-05,2025-02-05 06:00:00,6,2025-02-05 06:10:00,2025-02-06 06:00:00,10800.0,6000.0,2.8665088204434553e-15,forecast,1.0,67555.12169959869,74157.73759359658,False,2025-02-04
4-3,2025-02-05,2025-02-05 12:00:00,12,2025-02-05 12:10:00,2025-02-06 12:00:00,7537.03437957311,6000.0,1.637594362339966e-16,forecast,1.0,79253.82879827578,86803.53455756696,False,2025-02-04
4-3,2025-02-05,2025-02-05 18:00:00,18,2025-02-05 18:10:00,2025-02-06 18:00:00,10800.0,6000.0,0.0,forecast,1.0,77445.558580612,85098.2224921427,False,2025-02-04
4-3,2025-02-06,2025-02-06 00:00:00,0,2025-02-06 00:10:00,2025-02-07 00:00:00,7267.1950397776345,6000.0,0.0,forecast,1.0,73641.39459016608,80827.45947551302,False,2025-02-05
4-3,2025-02-06,2025-02-06 06:00:00,6,2025-02-06 06:10:00,2025-02-07 06:00:00,10800.0,6000.0,0.0,forecast,1.0,69797.5695181186,76875.00153226817,False,2025-02-05
4-3,2025-02-06,2025-02-06 12:00:00,12,2025-02-06 12:10:00,2025-02-07 12:00:00,8388.521395642358,6000.0,3.8635124307335326e-16,forecast,1.0,75942.02939579774,84180.95755533126,False,2025-02-05
4-3,2025-02-06,2025-02-06 18:00:00,18,2025-02-06 18:10:00,2025-02-07 18:00:00,10800.0,6000.0,0.0,forecast,1.0,55812.490574272044,62604.71485850815,False,2025-02-05
4-3,2025-02-07,2025-02-07 00:00:00,0,2025-02-07 00:10:00,2025-02-08 00:00:00,7030.195333535782,6000.0,0.0,forecast,1.0,22279.32060441567,25735.839496484867,False,2025-02-06
4-3,2025-02-07,2025-02-07 06:00:00,6,2025-02-07 06:10:00,2025-02-08 06:00:00,10250.77037037037,6000.0,3.9397916255833843e-16,forecast,1.0,21213.321534970935,24556.74215010518,False,2025-02-06
4-3,2025-02-07,2025-02-07 12:00:00,12,2025-02-07 12:10:00,2025-02-08 12:00:00,9748.439823941939,6000.0,0.0,forecast,1.0,22625.988170923636,26037.206871157392,False,2025-02-06
4-3,2025-02-07,2025-02-07 18:00:00,18,2025-02-07 18:10:00,2025-02-08 18:00:00,10290.618518518519,6000.0,0.0,forecast,1.0,25070.11706009942,29084.608541056194,False,2025-02-06
4-3,2025-02-08,2025-02-08 00:00:00,0,2025-02-08 00:10:00,2025-02-09 00:00:00,7355.592498325036,6000.0,0.0,forecast,1.0,17298.031226572035,19892.660705654525,False,2025-02-07
4-3,2025-02-08,2025-02-08 06:00:00,6,2025-02-08 06:10:00,2025-02-09 06:00:00,9621.894320667292,6000.0,0.0,forecast,1.0,20112.21396840643,22847.880480838983,False,2025-02-07
4-3,2025-02-08,2025-02-08 12:00:00,12,2025-02-08 12:10:00,2025-02-09 12:00:00,9121.424442105035,6000.0,0.0,forecast,1.0,27767.613031755027,31347.571202552608,False,2025-02-07
4-3,2025-02-08,2025-02-08 18:00:00,18,2025-02-08 18:10:00,2025-02-09 18:00:00,10481.13012056327,6000.0,0.0,forecast,1.0,35835.300482285624,40204.461625073156,False,2025-02-07
4-3,2025-02-09,2025-02-09 00:00:00,0,2025-02-09 00:10:00,2025-02-10 00:00:00,7415.580303678143,6000.0,0.0,forecast,1.0,68160.96858586142,74989.74454694422,False,2025-02-08
4-3,2025-02-09,2025-02-09 06:00:00,6,2025-02-09 06:10:00,2025-02-10 06:00:00,10800.0,6000.0,0.0,forecast,1.0,67019.82912405796,73741.42897870328,False,2025-02-08
4-3,2025-02-09,2025-02-09 12:00:00,12,2025-02-09 12:10:00,2025-02-10 12:00:00,10064.488110083237,6000.0,1.9015890861404324e-16,forecast,1.0,71713.60501528674,78815.95248839559,False,2025-02-08
4-3,2025-02-09,2025-02-09 18:00:00,18,2025-02-09 18:10:00,2025-02-10 18:00:00,10800.0,6000.0,0.0,forecast,1.0,68718.37085277801,75455.22521221195,False,2025-02-08
4-3,2025-02-10,2025-02-10 00:00:00,0,2025-02-10 00:10:00,2025-02-11 00:00:00,6984.354614744697,6000.0,0.0,forecast,1.0,62900.535289446605,69105.50226230895,False,2025-02-09
4-3,2025-02-10,2025-02-10 06:00:00,6,2025-02-10 06:10:00,2025-02-11 06:00:00,10800.0,6000.0,0.0,forecast,1.0,61356.89282727125,67378.67564924789,False,2025-02-09
4-3,2025-02-10,2025-02-10 12:00:00,12,2025-02-10 12:10:00,2025-02-11 12:00:00,9743.96643000868,6000.0,2.2906284660263764e-16,forecast,1.0,64382.28973776746,70638.29548050108,False,2025-02-09
4-3,2025-02-10,2025-02-10 18:00:00,18,2025-02-10 18:10:00,2025-02-11 18:00:00,10800.0,6000.0,1.5071979435076178e-16,forecast,1.0,58481.87877320451,64303.40547521801,False,2025-02-09
4-3,2025-02-11,2025-02-11 00:00:00,0,2025-02-11 00:10:00,2025-02-12 00:00:00,6897.952024377696,6000.0,0.0,forecast,1.0,63228.45062953816,69487.44592388562,False,2025-02-10
4-3,2025-02-11,2025-02-11 06:00:00,6,2025-02-11 06:10:00,2025-02-12 06:00:00,10800.0,6000.0,1.0711789029572358e-15,forecast,1.0,61588.30630783731,67647.82571551282,False,2025-02-10
4-3,2025-02-11,2025-02-11 12:00:00,12,2025-02-11 12:10:00,2025-02-12 12:00:00,7794.357511588398,6000.0,5.329005642289251e-16,forecast,1.0,62433.98166443043,68536.8829399423,False,2025-02-10
4-3,2025-02-11,2025-02-11 18:00:00,18,2025-02-11 18:10:00,2025-02-12 18:00:00,10800.0,6000.0,0.0,forecast,1.0,67978.89034957229,75036.00944529031,False,2025-02-10
4-3,2025-02-12,2025-02-12 00:00:00,0,2025-02-12 00:10:00,2025-02-13 00:00:00,6681.278035804064,6000.0,0.0,forecast,1.0,62742.68677855152,68981.13416786962,False,2025-02-11
4-3,2025-02-12,2025-02-12 06:00:00,6,2025-02-12 06:10:00,2025-02-13 06:00:00,10800.0,6000.0,0.0,forecast,1.0,61061.6121934461,67070.95150822717,False,2025-02-11
4-3,2025-02-12,2025-02-12 12:00:00,12,2025-02-12 12:10:00,2025-02-13 12:00:00,9292.351063906252,6000.0,0.0,forecast,1.0,61997.08576468444,68039.16009619975,False,2025-02-11
4-3,2025-02-12,2025-02-12 18:00:00,18,2025-02-12 18:10:00,2025-02-13 18:00:00,10800.0,6000.0,0.0,forecast,1.0,66526.37137704839,73303.7276866383,False,2025-02-11
4-3,2025-02-13,2025-02-13 00:00:00,0,2025-02-13 00:10:00,2025-02-14 00:00:00,6869.20582590726,6000.0,0.0,forecast,1.0,58132.27840197575,63932.01325106524,False,2025-02-12
4-3,2025-02-13,2025-02-13 06:00:00,6,2025-02-13 06:10:00,2025-02-14 06:00:00,10800.0,6000.0,3.2762914075215106e-15,forecast,1.0,53871.36084809711,59520.71034186261,False,2025-02-12
4-3,2025-02-13,2025-02-13 12:00:00,12,2025-02-13 12:10:00,2025-02-14 12:00:00,9937.009703728301,6000.0,2.758061731220336e-16,forecast,1.0,55369.366322880036,61489.68745029761,False,2025-02-12
4-3,2025-02-13,2025-02-13 18:00:00,18,2025-02-13 18:10:00,2025-02-14 18:00:00,10800.0,6000.0,0.0,forecast,1.0,50631.976563548036,57386.951393702,False,2025-02-12
4-3,2025-02-14,2025-02-14 00:00:00,0,2025-02-14 00:10:00,2025-02-15 00:00:00,6822.783349121814,6000.0,0.0,forecast,1.0,17045.954599638597,19546.85729198455,False,2025-02-13
4-3,2025-02-14,2025-02-14 06:00:00,6,2025-02-14 06:10:00,2025-02-15 06:00:00,9591.325277777778,6000.0,0.0,forecast,1.0,16742.5083922013,19138.991148201574,False,2025-02-13
4-3,2025-02-14,2025-02-14 12:00:00,12,2025-02-14 12:10:00,2025-02-15 12:00:00,8389.14539388889,6000.0,3.6014719970156973e-16,forecast,1.0,17798.331405173936,20405.987160473913,False,2025-02-13
4-3,2025-02-14,2025-02-14 18:00:00,18,2025-02-14 18:10:00,2025-02-15 18:00:00,10279.594444444445,6000.0,0.0,forecast,1.0,16026.516289731795,18535.18908935669,False,2025-02-13
4-3,2025-02-15,2025-02-15 00:00:00,0,2025-02-15 00:10:00,2025-02-16 00:00:00,7033.215670425927,6000.0,0.0,forecast,1.0,16619.21381642793,19020.826702084283,False,2025-02-14
4-3,2025-02-15,2025-02-15 06:00:00,6,2025-02-15 06:10:00,2025-02-16 06:00:00,9176.988666138455,6000.0,3.696409194812566e-16,forecast,1.0,18384.23531169248,20763.177178796836,False,2025-02-14
4-3,2025-02-15,2025-02-15 12:00:00,12,2025-02-15 12:10:00,2025-02-16 12:00:00,8986.35078669401,6000.0,2.5954131739417577e-16,forecast,1.0,22065.412188397902,24962.544864705014,False,2025-02-14
4-3,2025-02-15,2025-02-15 18:00:00,18,2025-02-15 18:10:00,2025-02-16 18:00:00,10311.45,6000.0,0.0,forecast,1.0,18753.677129327767,21263.76761639874,False,2025-02-14
4-3,2025-02-16,2025-02-16 00:00:00,0,2025-02-16 00:10:00,2025-02-17 00:00:00,6663.679311813656,6000.0,0.0,forecast,1.0,61085.432679930964,67437.14905343638,False,2025-02-15
4-3,2025-02-16,2025-02-16 06:00:00,6,2025-02-16 06:10:00,2025-02-17 06:00:00,10800.0,6000.0,1.6493587791360499e-15,forecast,1.0,59779.52304836123,65940.68598041408,False,2025-02-15
4-3,2025-02-16,2025-02-16 12:00:00,12,2025-02-16 12:10:00,2025-02-17 12:00:00,8690.18828658131,6000.0,0.0,forecast,1.0,62811.71383635518,69221.17245265847,False,2025-02-15
4-3,2025-02-16,2025-02-16 18:00:00,18,2025-02-16 18:10:00,2025-02-17 18:00:00,10001.639584604747,6000.0,0.0,forecast,1.0,56382.86372755881,62292.24948764397,False,2025-02-15
4-3,2025-02-17,2025-02-17 00:00:00,0,2025-02-17 00:10:00,2025-02-18 00:00:00,6594.393806796731,6000.0,2.2122830982642665e-16,forecast,1.0,59393.6134170902,65777.81263920138,False,2025-02-16
4-3,2025-02-17,2025-02-17 06:00:00,6,2025-02-17 06:10:00,2025-02-18 06:00:00,10800.0,6000.0,1.7034363181030899e-15,forecast,1.0,57966.27964326762,64135.64453146051,False,2025-02-16
4-3,2025-02-17,2025-02-17 12:00:00,12,2025-02-17 12:10:00,2025-02-18 12:00:00,10386.421890907844,6000.0,0.0,forecast,1.0,57665.21346803864,63519.201590594676,False,2025-02-16
4-3,2025-02-17,2025-02-17 18:00:00,18,2025-02-17 18:10:00,2025-02-18 18:00:00,10800.0,6000.0,0.0,forecast,1.0,51652.230764035245,57217.676473507105,False,2025-02-16
4-3,2025-02-18,2025-02-18 00:00:00,0,2025-02-18 00:10:00,2025-02-19 00:00:00,6584.4877364017675,6000.0,0.0,forecast,1.0,51631.476176350305,57007.69726725357,False,2025-02-17
4-3,2025-02-18,2025-02-18 06:00:00,6,2025-02-18 06:10:00,2025-02-19 06:00:00,10714.608037832755,6000.0,0.0,forecast,1.0,50020.569846944665,55199.56448132379,False,2025-02-17
4-3,2025-02-18,2025-02-18 12:00:00,12,2025-02-18 12:10:00,2025-02-19 12:00:00,8062.099271900504,6000.0,2.3120028177018187e-16,forecast,1.0,58197.99661734754,64170.069466764544,False,2025-02-17
4-3,2025-02-18,2025-02-18 18:00:00,18,2025-02-18 18:10:00,2025-02-19 18:00:00,9926.147177996141,6000.0,0.0,forecast,1.0,52188.93262618714,57739.26147180385,False,2025-02-17
4-3,2025-02-19,2025-02-19 00:00:00,0,2025-02-19 00:10:00,2025-02-20 00:00:00,6579.343521520689,6000.0,0.0,forecast,1.0,52332.806092337654,57586.66498692687,False,2025-02-18
4-3,2025-02-19,2025-02-19 06:00:00,6,2025-02-19 06:10:00,2025-02-20 06:00:00,9874.074074074075,6000.0,1.198025342750251e-15,forecast,1.0,50972.66718145128,56014.096527879075,False,2025-02-18
4-3,2025-02-19,2025-02-19 12:00:00,12,2025-02-19 12:10:00,2025-02-20 12:00:00,7039.274893811438,6000.0,0.0,forecast,1.0,52405.2464621388,57632.9869909697,False,2025-02-18
4-3,2025-02-19,2025-02-19 18:00:00,18,2025-02-19 18:10:00,2025-02-20 18:00:00,10795.80534089945,6000.0,0.0,forecast,1.0,46877.061248658385,51954.18515099407,False,2025-02-18
4-3,2025-02-20,2025-02-20 00:00:00,0,2025-02-20 00:10:00,2025-02-21 00:00:00,6295.708025595774,6000.0,0.0,forecast,1.0,53784.0240162678,59417.311656535196,False,2025-02-19
4-3,2025-02-20,2025-02-20 06:00:00,6,2025-02-20 06:10:00,2025-02-21 06:00:00,10793.917721404803,6000.0,0.0,forecast,1.0,50245.412914093526,55660.50133566811,False,2025-02-19
4-3,2025-02-20,2025-02-20 12:00:00,12,2025-02-20 12:10:00,2025-02-21 12:00:00,8140.052691346162,6000.0,0.0,forecast,1.0,47665.609781783,52946.63735034253,False,2025-02-19
4-3,2025-02-20,2025-02-20 18:00:00,18,2025-02-20 18:10:00,2025-02-21 18:00:00,10753.90321929644,6000.0,0.0,forecast,1.0,39818.90713066764,45043.62928422809,False,2025-02-19
4-3,2025-02-21,2025-02-21 00:00:00,0,2025-02-21 00:10:00,2025-02-22 00:00:00,6462.940364588106,6000.0,0.0,forecast,1.0,14420.614331797908,16452.798242192064,False,2025-02-20
4-3,2025-02-21,2025-02-21 06:00:00,6,2025-02-21 06:10:00,2025-02-22 06:00:00,7455.883959119214,6000.0,0.0,forecast,1.0,14492.99634777148,16484.81964614841,False,2025-02-20
4-3,2025-02-21,2025-02-21 12:00:00,12,2025-02-21 12:10:00,2025-02-22 12:00:00,8613.38718726736,6000.0,0.0,forecast,1.0,18143.684854888692,20804.134275913075,False,2025-02-20
4-3,2025-02-21,2025-02-21 18:00:00,18,2025-02-21 18:10:00,2025-02-22 18:00:00,10104.741638425925,6000.0,0.0,forecast,1.0,14500.596664260653,16818.74033025539,False,2025-02-20
4-3,2025-02-22,2025-02-22 00:00:00,0,2025-02-22 00:10:00,2025-02-23 00:00:00,6694.816218335504,6000.0,0.0,forecast,1.0,14832.377526569442,16854.332525360598,False,2025-02-21
4-3,2025-02-22,2025-02-22 06:00:00,6,2025-02-22 06:10:00,2025-02-23 06:00:00,6915.099578403647,6000.0,0.0,forecast,1.0,17055.506991825714,19165.60604397157,False,2025-02-21
4-3,2025-02-22,2025-02-22 12:00:00,12,2025-02-22 12:10:00,2025-02-23 12:00:00,7718.199979144387,6000.0,0.0,forecast,1.0,17464.531373968137,19618.700101059403,False,2025-02-21
4-3,2025-02-22,2025-02-22 18:00:00,18,2025-02-22 18:10:00,2025-02-23 18:00:00,10200.124545370369,6000.0,0.0,forecast,1.0,17872.484350544917,20111.63181536873,False,2025-02-21
4-3,2025-02-23,2025-02-23 00:00:00,0,2025-02-23 00:10:00,2025-02-24 00:00:00,6603.440252039929,6000.0,0.0,forecast,1.0,53130.54490927596,58484.051972744426,False,2025-02-22
4-3,2025-02-23,2025-02-23 06:00:00,6,2025-02-23 06:10:00,2025-02-24 06:00:00,9846.189111880933,6000.0,0.0,forecast,1.0,52574.49737148535,57759.89870884646,False,2025-02-22
4-3,2025-02-23,2025-02-23 12:00:00,12,2025-02-23 12:10:00,2025-02-24 12:00:00,7132.621839194735,6000.0,7.885150215189155e-16,forecast,1.0,56715.537370642116,62449.03853050345,False,2025-02-22
4-3,2025-02-23,2025-02-23 18:00:00,18,2025-02-23 18:10:00,2025-02-24 18:00:00,10780.133189167776,6000.0,1.8314106525028866e-16,forecast,1.0,49166.308653475004,54382.846916339855,False,2025-02-22
4-3,2025-02-24,2025-02-24 00:00:00,0,2025-02-24 00:10:00,2025-02-25 00:00:00,6149.883432818576,6000.0,0.0,forecast,1.0,50307.86174517288,55313.6839050752,False,2025-02-23
4-3,2025-02-24,2025-02-24 06:00:00,6,2025-02-24 06:10:00,2025-02-25 06:00:00,9935.76433557581,6000.0,0.0,forecast,1.0,48968.43524250127,53798.06641449548,False,2025-02-23
4-3,2025-02-24,2025-02-24 12:00:00,12,2025-02-24 12:10:00,2025-02-25 12:00:00,8048.467448209444,6000.0,0.0,forecast,1.0,50318.65804413638,55256.12479825348,False,2025-02-23
4-3,2025-02-24,2025-02-24 18:00:00,18,2025-02-24 18:10:00,2025-02-25 18:00:00,10775.315989111014,6000.0,0.0,forecast,1.0,46156.392895135505,50960.36968913381,False,2025-02-23
4-3,2025-02-25,2025-02-25 00:00:00,0,2025-02-25 00:10:00,2025-02-26 00:00:00,6427.0911643493455,6000.0,0.0,forecast,1.0,51189.39638914532,56347.836193525225,False,2025-02-24
4-3,2025-02-25,2025-02-25 06:00:00,6,2025-02-25 06:10:00,2025-02-26 06:00:00,10681.593449247684,6000.0,0.0,forecast,1.0,49118.629426375075,54006.74355026524,False,2025-02-24
4-3,2025-02-25,2025-02-25 12:00:00,12,2025-02-25 12:10:00,2025-02-26 12:00:00,9539.481645386815,6000.0,0.0,forecast,1.0,50142.94713772157,55073.638404884594,False,2025-02-24
4-3,2025-02-25,2025-02-25 18:00:00,18,2025-02-25 18:10:00,2025-02-26 18:00:00,10800.0,6000.0,0.0,forecast,1.0,45842.93806951011,50677.899095370114,False,2025-02-24
4-3,2025-02-26,2025-02-26 00:00:00,0,2025-02-26 00:10:00,2025-02-27 00:00:00,6339.299310295719,6000.0,0.0,forecast,1.0,46398.93370048908,51018.433591016175,False,2025-02-25
4-3,2025-02-26,2025-02-26 06:00:00,6,2025-02-26 06:10:00,2025-02-27 06:00:00,9860.999618502748,6000.0,0.0,forecast,1.0,46157.78920589713,50702.14822257127,False,2025-02-25
4-3,2025-02-26,2025-02-26 12:00:00,12,2025-02-26 12:10:00,2025-02-27 12:00:00,6968.467203651282,6000.0,4.127215888004675e-16,forecast,1.0,59819.60330891739,65875.62244472973,False,2025-02-25
4-3,2025-02-26,2025-02-26 18:00:00,18,2025-02-26 18:10:00,2025-02-27 18:00:00,9969.915734616272,6000.0,0.0,forecast,1.0,55082.752437496165,60807.365511775584,False,2025-02-25
4-3,2025-02-27,2025-02-27 00:00:00,0,2025-02-27 00:10:00,2025-02-28 00:00:00,6549.7619400217,6000.0,0.0,forecast,1.0,47127.34065151935,51787.22927136827,False,2025-02-26
4-3,2025-02-27,2025-02-27 06:00:00,6,2025-02-27 06:10:00,2025-02-28 06:00:00,9874.074074074075,6000.0,1.4064536522952288e-15,forecast,1.0,44161.09340037073,48625.049037983816,False,2025-02-26
4-3,2025-02-27,2025-02-27 12:00:00,12,2025-02-27 12:10:00,2025-02-28 12:00:00,7207.547460223865,6000.0,0.0,forecast,1.0,44239.32401092617,49065.47916101667,False,2025-02-26
4-3,2025-02-27,2025-02-27 18:00:00,18,2025-02-27 18:10:00,2025-02-28 18:00:00,10770.340660771122,6000.0,0.0,forecast,1.0,38472.760038609915,43331.83226309519,False,2025-02-26
4-3,2025-02-28,2025-02-28 00:00:00,0,2025-02-28 00:10:00,2025-03-01 00:00:00,6341.890894644387,6000.0,0.0,forecast,1.0,14094.273914789854,16026.260886244527,False,2025-02-27
4-3,2025-02-28,2025-02-28 06:00:00,6,2025-02-28 06:10:00,2025-03-01 06:00:00,6435.030997140046,6000.0,0.0,forecast,1.0,14352.41867357548,16325.290649032031,False,2025-02-27
4-3,2025-02-28,2025-02-28 12:00:00,12,2025-02-28 12:10:00,2025-03-01 12:00:00,9423.805847880787,6000.0,0.0,forecast,1.0,15262.482722533026,17456.690225354592,False,2025-02-27
4-3,2025-02-28,2025-02-28 18:00:00,18,2025-02-28 18:10:00,2025-03-01 18:00:00,10117.669202155672,6000.0,0.0,forecast,1.0,14906.278562868274,17271.70960868005,False,2025-02-27
4-3,2025-03-01,2025-03-01 00:00:00,0,2025-03-01 00:10:00,2025-03-02 00:00:00,6630.508457371677,6000.0,0.0,forecast,1.0,15347.10199831253,17560.02275723233,False,2025-02-28
4-3,2025-03-01,2025-03-01 06:00:00,6,2025-03-01 06:10:00,2025-03-02 06:00:00,8109.806921479655,6000.0,0.0,forecast,1.0,16885.260738446214,19117.11267558112,False,2025-02-28
4-3,2025-03-01,2025-03-01 12:00:00,12,2025-03-01 12:10:00,2025-03-02 12:00:00,10312.483830924102,6000.0,0.0,forecast,1.0,16492.89638701403,18578.972140749673,False,2025-02-28
4-3,2025-03-01,2025-03-01 18:00:00,18,2025-03-01 18:10:00,2025-03-02 18:00:00,10000.10982993345,6000.0,0.0,forecast,1.0,14084.603304460283,15907.12014791265,False,2025-02-28
4-3,2025-03-02,2025-03-02 00:00:00,0,2025-03-02 00:10:00,2025-03-03 00:00:00,6332.545388438946,6000.0,0.0,forecast,1.0,53148.83610040648,58397.895058279915,False,2025-03-01
4-3,2025-03-02,2025-03-02 06:00:00,6,2025-03-02 06:10:00,2025-03-03 06:00:00,9966.602158564814,6000.0,0.0,forecast,1.0,53874.99538831596,59090.232094796505,False,2025-03-01
4-3,2025-03-02,2025-03-02 12:00:00,12,2025-03-02 12:10:00,2025-03-03 12:00:00,8722.671938839121,6000.0,0.0,forecast,1.0,61361.19256571277,67413.11880869127,False,2025-03-01
4-3,2025-03-02,2025-03-02 18:00:00,18,2025-03-02 18:10:00,2025-03-03 18:00:00,10686.812979861112,6000.0,0.0,forecast,1.0,50757.04385983205,55943.63344614713,False,2025-03-01
4-3,2025-03-03,2025-03-03 00:00:00,0,2025-03-03 00:10:00,2025-03-04 00:00:00,5998.657568093604,6000.0,0.0,forecast,1.0,54440.50863752879,59811.203645309884,False,2025-03-02
4-3,2025-03-03,2025-03-03 06:00:00,6,2025-03-03 06:10:00,2025-03-04 06:00:00,10800.0,6000.0,1.1320509576570056e-15,forecast,1.0,53030.0316232178,58253.761311449736,False,2025-03-02
4-3,2025-03-03,2025-03-03 12:00:00,12,2025-03-03 12:10:00,2025-03-04 12:00:00,8540.692899878328,6000.0,0.0,forecast,1.0,57424.76354210399,63234.42881661698,False,2025-03-02
4-3,2025-03-03,2025-03-03 18:00:00,18,2025-03-03 18:10:00,2025-03-04 18:00:00,10800.0,6000.0,0.0,forecast,1.0,45912.99984882884,50770.11025760668,False,2025-03-02
4-3,2025-03-04,2025-03-04 00:00:00,0,2025-03-04 00:10:00,2025-03-05 00:00:00,5986.222935573784,6000.0,0.0,forecast,1.0,47385.243153089265,52024.075904057914,False,2025-03-03
4-3,2025-03-04,2025-03-04 06:00:00,6,2025-03-04 06:10:00,2025-03-05 06:00:00,9965.590541087962,6000.0,0.0,forecast,1.0,47385.013981374716,51988.63373943209,False,2025-03-03
4-3,2025-03-04,2025-03-04 12:00:00,12,2025-03-04 12:10:00,2025-03-05 12:00:00,8252.093337776474,6000.0,0.0,forecast,1.0,47635.60814896864,52231.32954396178,False,2025-03-03
4-3,2025-03-04,2025-03-04 18:00:00,18,2025-03-04 18:10:00,2025-03-05 18:00:00,10800.0,6000.0,0.0,forecast,1.0,49721.3459758744,54881.73957836968,False,2025-03-03
4-3,2025-03-05,2025-03-05 00:00:00,0,2025-03-05 00:10:00,2025-03-06 00:00:00,6050.118178103295,6000.0,0.0,forecast,1.0,50222.8486883468,55319.46600535275,False,2025-03-04
4-3,2025-03-05,2025-03-05 06:00:00,6,2025-03-05 06:10:00,2025-03-06 06:00:00,9893.661570211229,6000.0,0.0,forecast,1.0,48955.2848109368,53825.34782854597,False,2025-03-04
4-3,2025-03-05,2025-03-05 12:00:00,12,2025-03-05 12:10:00,2025-03-06 12:00:00,9176.385708606918,6000.0,0.0,forecast,1.0,53335.4081606877,58646.763900311,False,2025-03-04
4-3,2025-03-05,2025-03-05 18:00:00,18,2025-03-05 18:10:00,2025-03-06 18:00:00,10800.0,6000.0,0.0,forecast,1.0,47549.64220729186,52530.82956807845,False,2025-03-04
4-3,2025-03-06,2025-03-06 00:00:00,0,2025-03-06 00:10:00,2025-03-07 00:00:00,6198.7270834356195,6000.0,0.0,forecast,1.0,45880.077464600006,50522.01660276986,False,2025-03-05
4-3,2025-03-06,2025-03-06 06:00:00,6,2025-03-06 06:10:00,2025-03-07 06:00:00,9971.650187355324,6000.0,1.4853849618127505e-15,forecast,1.0,42449.575141430425,46936.84712153206,False,2025-03-05
4-3,2025-03-06,2025-03-06 12:00:00,12,2025-03-06 12:10:00,2025-03-07 12:00:00,7970.010552722031,6000.0,4.876976217976825e-16,forecast,1.0,41614.4974991935,46153.84169165914,False,2025-03-05
4-3,2025-03-06,2025-03-06 18:00:00,18,2025-03-06 18:10:00,2025-03-07 18:00:00,9913.45079124624,6000.0,0.0,forecast,1.0,39116.37727902547,44108.70928422797,False,2025-03-05
4-3,2025-03-07,2025-03-07 00:00:00,0,2025-03-07 00:10:00,2025-03-08 00:00:00,6143.292206877608,6000.0,0.0,forecast,1.0,14078.813342131809,16012.433543671454,False,2025-03-06
4-3,2025-03-07,2025-03-07 06:00:00,6,2025-03-07 06:10:00,2025-03-08 06:00:00,6532.607057209588,6000.0,0.0,forecast,1.0,14281.030040220752,16274.835148906192,False,2025-03-06
4-3,2025-03-07,2025-03-07 12:00:00,12,2025-03-07 12:10:00,2025-03-08 12:00:00,10800.0,6000.0,3.718169401153535e-16,forecast,1.0,16698.225161020146,19281.78666641998,False,2025-03-06
4-3,2025-03-07,2025-03-07 18:00:00,18,2025-03-07 18:10:00,2025-03-08 18:00:00,9959.828958058451,6000.0,5.395031169460522e-16,forecast,1.0,11455.287966336777,13157.820870688716,False,2025-03-06
4-3,2025-03-08,2025-03-08 00:00:00,0,2025-03-08 00:10:00,2025-03-09 00:00:00,6412.147646353011,6000.0,0.0,forecast,1.0,13328.742936774695,15152.99172239873,False,2025-03-07
4-3,2025-03-08,2025-03-08 06:00:00,6,2025-03-08 06:10:00,2025-03-09 06:00:00,5703.672241911749,6000.0,0.0,forecast,1.0,15509.898102406278,17406.82966085425,False,2025-03-07
4-3,2025-03-08,2025-03-08 12:00:00,12,2025-03-08 12:10:00,2025-03-09 12:00:00,10775.267646726565,6000.0,0.0,forecast,1.0,15773.998054006714,17702.550888428756,False,2025-03-07
4-3,2025-03-08,2025-03-08 18:00:00,18,2025-03-08 18:10:00,2025-03-09 18:00:00,9979.127426268322,6000.0,0.0,forecast,1.0,12864.890067288427,14561.027114242323,False,2025-03-07
4-3,2025-03-09,2025-03-09 00:00:00,0,2025-03-09 00:10:00,2025-03-10 00:00:00,6461.61621986135,6000.0,0.0,forecast,1.0,47882.70311292207,52778.62235996232,False,2025-03-08
4-3,2025-03-09,2025-03-09 06:00:00,6,2025-03-09 06:10:00,2025-03-10 06:00:00,9932.409259259259,6000.0,6.514862826285475e-16,forecast,1.0,46426.118559965646,51175.50761853544,False,2025-03-08
4-3,2025-03-09,2025-03-09 12:00:00,12,2025-03-09 12:10:00,2025-03-10 12:00:00,7233.681015046103,6000.0,0.0,forecast,1.0,51430.86103629111,56676.5528567322,False,2025-03-08
4-3,2025-03-09,2025-03-09 18:00:00,18,2025-03-09 18:10:00,2025-03-10 18:00:00,10119.10046532118,6000.0,0.0,forecast,1.0,58332.890015385914,64640.07575025386,False,2025-03-08
4-3,2025-03-10,2025-03-10 00:00:00,0,2025-03-10 00:10:00,2025-03-11 00:00:00,6226.622336216,6000.0,0.0,forecast,1.0,45961.70143911105,50577.80967125074,False,2025-03-09
4-3,2025-03-10,2025-03-10 06:00:00,6,2025-03-10 06:10:00,2025-03-11 06:00:00,9946.433559751158,6000.0,0.0,forecast,1.0,45405.20343735322,49877.6137843655,False,2025-03-09
4-3,2025-03-10,2025-03-10 12:00:00,12,2025-03-10 12:10:00,2025-03-11 12:00:00,7007.487681441264,6000.0,7.452783761093829e-16,forecast,1.0,46269.427718615334,50782.51121147426,False,2025-03-09
4-3,2025-03-10,2025-03-10 18:00:00,18,2025-03-10 18:10:00,2025-03-11 18:00:00,10785.312750651043,6000.0,0.0,forecast,1.0,55248.210343956154,61081.931862748264,False,2025-03-09
4-3,2025-03-11,2025-03-11 00:00:00,0,2025-03-11 00:10:00,2025-03-12 00:00:00,6005.8943404900165,6000.0,0.0,forecast,1.0,40950.954846141394,44876.110870954966,False,2025-03-10
4-3,2025-03-11,2025-03-11 06:00:00,6,2025-03-11 06:10:00,2025-03-12 06:00:00,9978.182427662037,6000.0,0.0,forecast,1.0,47212.268389842124,51976.69014106354,False,2025-03-10
4-3,2025-03-11,2025-03-11 12:00:00,12,2025-03-11 12:10:00,2025-03-12 12:00:00,7693.872536742672,6000.0,0.0,forecast,1.0,45030.99755141213,49598.696286934195,False,2025-03-10
4-3,2025-03-11,2025-03-11 18:00:00,18,2025-03-11 18:10:00,2025-03-12 18:00:00,10800.0,6000.0,0.0,forecast,1.0,42501.02012407703,47035.87999982277,False,2025-03-10
4-3,2025-03-12,2025-03-12 00:00:00,0,2025-03-12 00:10:00,2025-03-13 00:00:00,6363.318358207032,6000.0,0.0,forecast,1.0,47095.50304101396,51840.74389467311,False,2025-03-11
4-3,2025-03-12,2025-03-12 06:00:00,6,2025-03-12 06:10:00,2025-03-13 06:00:00,9937.8589447772,6000.0,0.0,forecast,1.0,45799.927607697166,50357.97733546116,False,2025-03-11
4-3,2025-03-12,2025-03-12 12:00:00,12,2025-03-12 12:10:00,2025-03-13 12:00:00,8899.691370219185,6000.0,3.836125359655511e-16,forecast,1.0,47124.658589722865,51821.02546090524,False,2025-03-11
4-3,2025-03-12,2025-03-12 18:00:00,18,2025-03-12 18:10:00,2025-03-13 18:00:00,10079.805224797456,6000.0,0.0,forecast,1.0,53412.27500772673,59040.44844275943,False,2025-03-11
4-3,2025-03-13,2025-03-13 00:00:00,0,2025-03-13 00:10:00,2025-03-14 00:00:00,6020.7788189790235,6000.0,0.0,forecast,1.0,46348.915965518725,51054.600037651646,False,2025-03-12
4-3,2025-03-13,2025-03-13 06:00:00,6,2025-03-13 06:10:00,2025-03-14 06:00:00,9894.984113136574,6000.0,0.0,forecast,1.0,44114.90842777587,48737.87646392024,False,2025-03-12
4-3,2025-03-13,2025-03-13 12:00:00,12,2025-03-13 12:10:00,2025-03-14 12:00:00,8739.75622067925,6000.0,0.0,forecast,1.0,45875.68691892107,51010.55871914838,False,2025-03-12
4-3,2025-03-13,2025-03-13 18:00:00,18,2025-03-13 18:10:00,2025-03-14 18:00:00,10800.0,6000.0,0.0,forecast,1.0,35262.47678068229,39856.06125470751,False,2025-03-12
4-3,2025-03-14,2025-03-14 00:00:00,0,2025-03-14 00:10:00,2025-03-15 00:00:00,6056.873297861255,6000.0,0.0,forecast,1.0,12538.519449362044,14266.845191908447,False,2025-03-13
4-3,2025-03-14,2025-03-14 06:00:00,6,2025-03-14 06:10:00,2025-03-15 06:00:00,5348.846807922022,6000.0,0.0,forecast,1.0,13464.867350195655,15392.859083975552,False,2025-03-13
4-3,2025-03-14,2025-03-14 12:00:00,12,2025-03-14 12:10:00,2025-03-15 12:00:00,10800.0,6000.0,0.0,forecast,1.0,12959.877624795045,14809.358262534868,False,2025-03-13
4-3,2025-03-14,2025-03-14 18:00:00,18,2025-03-14 18:10:00,2025-03-15 18:00:00,9929.998489033562,6000.0,0.0,forecast,1.0,11128.719402707575,12860.20997714041,False,2025-03-13
4-3,2025-03-15,2025-03-15 00:00:00,0,2025-03-15 00:10:00,2025-03-16 00:00:00,6562.344692469327,6000.0,0.0,forecast,1.0,12429.60999703009,14142.049938260749,False,2025-03-14
4-3,2025-03-15,2025-03-15 06:00:00,6,2025-03-15 06:10:00,2025-03-16 06:00:00,5146.652243469042,6000.0,0.0,forecast,1.0,15568.41527027123,17512.73564110088,False,2025-03-14
4-3,2025-03-15,2025-03-15 12:00:00,12,2025-03-15 12:10:00,2025-03-16 12:00:00,8850.356131432007,6000.0,0.0,forecast,1.0,14911.644334827584,16745.684866201867,False,2025-03-14
4-3,2025-03-15,2025-03-15 18:00:00,18,2025-03-15 18:10:00,2025-03-16 18:00:00,10301.574074074075,6000.0,0.0,forecast,1.0,12595.329363950537,14243.043430320386,False,2025-03-14
4-3,2025-03-16,2025-03-16 00:00:00,0,2025-03-16 00:10:00,2025-03-17 00:00:00,6069.606745412326,6000.0,0.0,forecast,1.0,44246.51563284984,48678.12049646401,False,2025-03-15
4-3,2025-03-16,2025-03-16 06:00:00,6,2025-03-16 06:10:00,2025-03-17 06:00:00,9863.536451605903,6000.0,0.0,forecast,1.0,44567.25838178475,49044.953094192264,False,2025-03-15
4-3,2025-03-16,2025-03-16 12:00:00,12,2025-03-16 12:10:00,2025-03-17 12:00:00,7053.029013302899,6000.0,0.0,forecast,1.0,44453.79302519284,48890.92324526099,False,2025-03-15
4-3,2025-03-16,2025-03-16 18:00:00,18,2025-03-16 18:10:00,2025-03-17 18:00:00,10136.766969892939,6000.0,2.6277498009363983e-16,forecast,1.0,39216.52575162497,43368.43942714475,False,2025-03-15
4-3,2025-03-17,2025-03-17 00:00:00,0,2025-03-17 00:10:00,2025-03-18 00:00:00,6587.898984501301,6000.0,0.0,forecast,1.0,41358.661269429955,45480.27630685334,False,2025-03-16
4-3,2025-03-17,2025-03-17 06:00:00,6,2025-03-17 06:10:00,2025-03-18 06:00:00,9927.218518518519,6000.0,0.0,forecast,1.0,40031.04619146016,43976.9454176578,False,2025-03-16
4-3,2025-03-17,2025-03-17 12:00:00,12,2025-03-17 12:10:00,2025-03-18 12:00:00,8036.685328740259,6000.0,2.777826934016344e-16,forecast,1.0,49688.51025646235,54739.571289428146,False,2025-03-16
4-3,2025-03-17,2025-03-17 18:00:00,18,2025-03-17 18:10:00,2025-03-18 18:00:00,10800.0,6000.0,0.0,forecast,1.0,38059.34335586622,42176.23299539539,False,2025-03-16
4-3,2025-03-18,2025-03-18 00:00:00,0,2025-03-18 00:10:00,2025-03-19 00:00:00,6372.082575659723,6000.0,0.0,forecast,1.0,48073.33833854209,52999.49024148348,False,2025-03-17
4-3,2025-03-18,2025-03-18 06:00:00,6,2025-03-18 06:10:00,2025-03-19 06:00:00,9927.711111111112,6000.0,1.2224194574072459e-15,forecast,1.0,47345.45879817982,52152.84977416011,False,2025-03-17
4-3,2025-03-18,2025-03-18 12:00:00,12,2025-03-18 12:10:00,2025-03-19 12:00:00,10800.0,6000.0,0.0,forecast,1.0,45267.87717485689,49890.81233945043,False,2025-03-17
4-3,2025-03-18,2025-03-18 18:00:00,18,2025-03-18 18:10:00,2025-03-19 18:00:00,10032.590740740741,6000.0,0.0,forecast,1.0,37027.92417381664,40924.18756523277,False,2025-03-17
4-3,2025-03-19,2025-03-19 00:00:00,0,2025-03-19 00:10:00,2025-03-20 00:00:00,6408.497818342886,6000.0,0.0,forecast,1.0,38489.809525451754,42192.735732048764,False,2025-03-18
4-3,2025-03-19,2025-03-19 06:00:00,6,2025-03-19 06:10:00,2025-03-20 06:00:00,9875.13439826389,6000.0,0.0,forecast,1.0,42708.955940274565,47007.35796081959,False,2025-03-18
4-3,2025-03-19,2025-03-19 12:00:00,12,2025-03-19 12:10:00,2025-03-20 12:00:00,7042.373063342547,6000.0,3.5754270426121065e-16,forecast,1.0,43681.0848963308,48159.91369825094,False,2025-03-18
4-3,2025-03-19,2025-03-19 18:00:00,18,2025-03-19 18:10:00,2025-03-20 18:00:00,10011.203703703704,6000.0,0.0,forecast,1.0,39551.6258452958,43761.33351601941,False,2025-03-18
4-3,2025-03-20,2025-03-20 00:00:00,0,2025-03-20 00:10:00,2025-03-21 00:00:00,6546.849073014327,6000.0,1.490687885650995e-16,forecast,1.0,44330.33129359993,48809.39253900513,False,2025-03-19
4-3,2025-03-20,2025-03-20 06:00:00,6,2025-03-20 06:10:00,2025-03-21 06:00:00,9804.478057549482,6000.0,0.0,forecast,1.0,40673.219911170425,44995.86110779054,False,2025-03-19
4-3,2025-03-20,2025-03-20 12:00:00,12,2025-03-20 12:10:00,2025-03-21 12:00:00,6087.287092689722,6000.0,0.0,forecast,1.0,44075.01674124683,49366.99830053741,False,2025-03-19
4-3,2025-03-20,2025-03-20 18:00:00,18,2025-03-20 18:10:00,2025-03-21 18:00:00,10800.0,6000.0,0.0,forecast,1.0,30367.32401678067,34520.96207985009,False,2025-03-19
4-3,2025-03-21,2025-03-21 00:00:00,0,2025-03-21 00:10:00,2025-03-22 00:00:00,6251.91040647917,6000.0,0.0,forecast,1.0,11931.275768156944,13631.728238836564,False,2025-03-20
4-3,2025-03-21,2025-03-21 06:00:00,6,2025-03-21 06:10:00,2025-03-22 06:00:00,4482.0099863353125,6000.0,0.0,forecast,1.0,12811.267027447848,14650.690664613485,False,2025-03-20
4-3,2025-03-21,2025-03-21 12:00:00,12,2025-03-21 12:10:00,2025-03-22 12:00:00,10800.0,6000.0,2.979076724757432e-16,forecast,1.0,12405.931849054927,14176.756333057174,False,2025-03-20
4-3,2025-03-21,2025-03-21 18:00:00,18,2025-03-21 18:10:00,2025-03-22 18:00:00,10043.992989737657,6000.0,0.0,forecast,1.0,10125.920948335164,11712.462502524995,False,2025-03-20
4-3,2025-03-22,2025-03-22 00:00:00,0,2025-03-22 00:10:00,2025-03-23 00:00:00,6317.422081645499,6000.0,0.0,forecast,1.0,12833.06189668239,14598.268944443684,False,2025-03-21
4-3,2025-03-22,2025-03-22 06:00:00,6,2025-03-22 06:10:00,2025-03-23 06:00:00,5261.447635338829,6000.0,0.0,forecast,1.0,15086.859617382797,16999.426040120266,False,2025-03-21
4-3,2025-03-22,2025-03-22 12:00:00,12,2025-03-22 12:10:00,2025-03-23 12:00:00,10800.0,6000.0,0.0,forecast,1.0,15076.181258429058,16987.341738644067,False,2025-03-21
4-3,2025-03-22,2025-03-22 18:00:00,18,2025-03-22 18:10:00,2025-03-23 18:00:00,10178.729579195606,6000.0,0.0,forecast,1.0,12883.160618281809,14608.398254398453,False,2025-03-21
4-3,2025-03-23,2025-03-23 00:00:00,0,2025-03-23 00:10:00,2025-03-24 00:00:00,6774.268866509985,6000.0,0.0,forecast,1.0,43814.481777627356,48487.33073704129,False,2025-03-22
4-3,2025-03-23,2025-03-23 06:00:00,6,2025-03-23 06:10:00,2025-03-24 06:00:00,9926.746298755786,6000.0,0.0,forecast,1.0,42542.36018816818,47051.312592226626,False,2025-03-22
4-3,2025-03-23,2025-03-23 12:00:00,12,2025-03-23 12:10:00,2025-03-24 12:00:00,8712.180328499466,6000.0,0.0,forecast,1.0,47441.609276406016,52407.84889868884,False,2025-03-22
4-3,2025-03-23,2025-03-23 18:00:00,18,2025-03-23 18:10:00,2025-03-24 18:00:00,9975.538105198688,6000.0,0.0,forecast,1.0,42597.19823393461,47490.635298486726,False,2025-03-22
4-3,2025-03-24,2025-03-24 00:00:00,0,2025-03-24 00:10:00,2025-03-25 00:00:00,6264.686975571615,6000.0,0.0,forecast,1.0,41850.053095687836,46228.88691597258,False,2025-03-23
4-3,2025-03-24,2025-03-24 06:00:00,6,2025-03-24 06:10:00,2025-03-25 06:00:00,9873.15012037037,6000.0,0.0,forecast,1.0,41765.45941446339,46096.14559560691,False,2025-03-23
4-3,2025-03-24,2025-03-24 12:00:00,12,2025-03-24 12:10:00,2025-03-25 12:00:00,9231.379962789835,6000.0,6.05561327400944e-16,forecast,1.0,47550.73988061726,52415.53621130036,False,2025-03-23
4-3,2025-03-24,2025-03-24 18:00:00,18,2025-03-24 18:10:00,2025-03-25 18:00:00,10011.881944444445,6000.0,0.0,forecast,1.0,44656.68109616678,49824.629161801815,False,2025-03-23
4-3,2025-03-25,2025-03-25 00:00:00,0,2025-03-25 00:10:00,2025-03-26 00:00:00,6502.006194620227,6000.0,0.0,forecast,1.0,46608.83649050683,51599.95575960071,False,2025-03-24
4-3,2025-03-25,2025-03-25 06:00:00,6,2025-03-25 06:10:00,2025-03-26 06:00:00,9884.254920187113,6000.0,0.0,forecast,1.0,45062.89895461005,49886.649428197314,False,2025-03-24
4-3,2025-03-25,2025-03-25 12:00:00,12,2025-03-25 12:10:00,2025-03-26 12:00:00,9491.731111940342,6000.0,9.20026593944601e-16,forecast,1.0,42866.418461298395,47374.44716787246,False,2025-03-24
4-3,2025-03-25,2025-03-25 18:00:00,18,2025-03-25 18:10:00,2025-03-26 18:00:00,10030.383333333333,6000.0,0.0,forecast,1.0,34817.85221016554,38572.20549971798,False,2025-03-24
4-3,2025-03-26,2025-03-26 00:00:00,0,2025-03-26 00:10:00,2025-03-27 00:00:00,6210.103532237848,6000.0,0.0,forecast,1.0,39872.98634498743,43994.568538272826,False,2025-03-25
4-3,2025-03-26,2025-03-26 06:00:00,6,2025-03-26 06:10:00,2025-03-27 06:00:00,9890.9055857446,6000.0,0.0,forecast,1.0,39222.070992722496,43209.20624921759,False,2025-03-25
4-3,2025-03-26,2025-03-26 12:00:00,12,2025-03-26 12:10:00,2025-03-27 12:00:00,7838.239774259067,6000.0,0.0,forecast,1.0,41739.88359443209,46074.27186278942,False,2025-03-25
4-3,2025-03-26,2025-03-26 18:00:00,18,2025-03-26 18:10:00,2025-03-27 18:00:00,10002.5625,6000.0,0.0,forecast,1.0,39455.32749589678,43897.35484704366,False,2025-03-25
4-3,2025-03-27,2025-03-27 00:00:00,0,2025-03-27 00:10:00,2025-03-28 00:00:00,6446.256839106964,6000.0,0.0,forecast,1.0,42482.75081649722,46993.75375786115,False,2025-03-26
4-3,2025-03-27,2025-03-27 06:00:00,6,2025-03-27 06:10:00,2025-03-28 06:00:00,9936.467670710745,6000.0,0.0,forecast,1.0,40581.401989918966,45002.06642338609,False,2025-03-26
4-3,2025-03-27,2025-03-27 12:00:00,12,2025-03-27 12:10:00,2025-03-28 12:00:00,10173.101273836372,6000.0,0.0,forecast,1.0,37761.82094837192,42110.24131286742,False,2025-03-26
4-3,2025-03-27,2025-03-27 18:00:00,18,2025-03-27 18:10:00,2025-03-28 18:00:00,10800.0,6000.0,0.0,forecast,1.0,32698.304444724534,37441.24458416857,False,2025-03-26
4-3,2025-03-28,2025-03-28 00:00:00,0,2025-03-28 00:10:00,2025-03-29 00:00:00,6216.92075781091,6000.0,0.0,forecast,1.0,11965.651545616434,13746.328321689665,False,2025-03-27
4-3,2025-03-28,2025-03-28 06:00:00,6,2025-03-28 06:10:00,2025-03-29 06:00:00,5644.270513322386,6000.0,2.76998895798204e-16,forecast,1.0,12525.2317204075,14404.858889982426,False,2025-03-27
4-3,2025-03-28,2025-03-28 12:00:00,12,2025-03-28 12:10:00,2025-03-29 12:00:00,10800.0,6000.0,0.0,forecast,1.0,12238.566019438302,14055.619195912728,False,2025-03-27
4-3,2025-03-28,2025-03-28 18:00:00,18,2025-03-28 18:10:00,2025-03-29 18:00:00,10036.474269241899,6000.0,2.88725151053119e-16,forecast,1.0,10660.86268000483,12391.281912051541,False,2025-03-27
4-3,2025-03-29,2025-03-29 00:00:00,0,2025-03-29 00:10:00,2025-03-30 00:00:00,6497.151342952547,6000.0,0.0,forecast,1.0,11784.600540039486,13484.816551590193,False,2025-03-28
4-3,2025-03-29,2025-03-29 06:00:00,6,2025-03-29 06:10:00,2025-03-30 06:00:00,4952.573388242137,6000.0,0.0,forecast,1.0,14872.385487691867,16822.685245541634,False,2025-03-28
4-3,2025-03-29,2025-03-29 12:00:00,12,2025-03-29 12:10:00,2025-03-30 12:00:00,10800.0,6000.0,0.0,forecast,1.0,13656.06970588123,15436.278524667272,False,2025-03-28
4-3,2025-03-29,2025-03-29 18:00:00,18,2025-03-29 18:10:00,2025-03-30 18:00:00,10147.40777944155,6000.0,2.4901738625313915e-16,forecast,1.0,12060.56355586028,13736.834055737623,False,2025-03-28
4-3,2025-03-30,2025-03-30 00:00:00,0,2025-03-30 00:10:00,2025-03-31 00:00:00,6603.864072476275,6000.0,0.0,forecast,1.0,40209.38767808584,44650.2478536827,False,2025-03-29
4-3,2025-03-30,2025-03-30 06:00:00,6,2025-03-30 06:10:00,2025-03-31 06:00:00,9954.277314814815,6000.0,0.0,forecast,1.0,38611.27096150746,42876.49423367573,False,2025-03-29
4-3,2025-03-30,2025-03-30 12:00:00,12,2025-03-30 12:10:00,2025-03-31 12:00:00,8552.394489359569,6000.0,8.078362397660973e-16,forecast,1.0,49410.94195501521,55010.299095250186,False,2025-03-29
4-3,2025-03-30,2025-03-30 18:00:00,18,2025-03-30 18:10:00,2025-03-31 18:00:00,10080.705092592592,6000.0,0.0,forecast,1.0,39212.69806025637,43889.01590652351,False,2025-03-29
4-3,2025-03-31,2025-03-31 00:00:00,0,2025-03-31 00:10:00,2025-04-01 00:00:00,6463.655921159723,6000.0,0.0,forecast,1.0,35742.960214244515,39355.56763598106,False,2025-03-30
4-3,2025-03-31,2025-03-31 06:00:00,6,2025-03-31 06:10:00,2025-04-01 06:00:00,9861.440790692515,6000.0,0.0,forecast,1.0,42415.893508065616,47202.5368659829,False,2025-03-30
4-3,2025-03-31,2025-03-31 12:00:00,12,2025-03-31 12:10:00,2025-04-01 12:00:00,9030.3430623858,6000.0,0.0,forecast,1.0,37508.9171332384,41386.9499324481,False,2025-03-30
4-3,2025-03-31,2025-03-31 18:00:00,18,2025-03-31 18:10:00,2025-04-01 18:00:00,9968.953795912139,6000.0,0.0,forecast,1.0,35766.4564252909,39971.35651092848,False,2025-03-30
4-3,2025-04-01,2025-04-01 00:00:00,0,2025-04-01 00:10:00,2025-04-02 00:00:00,6617.709066427085,6000.0,0.0,forecast,1.0,43270.424392104134,48179.35901276301,False,2025-03-31
4-3,2025-04-01,2025-04-01 06:00:00,6,2025-04-01 06:10:00,2025-04-02 06:00:00,9708.092325642692,6000.0,0.0,forecast,1.0,44311.620910002486,49306.76411378152,False,2025-03-31
4-3,2025-04-01,2025-04-01 12:00:00,12,2025-04-01 12:10:00,2025-04-02 12:00:00,10800.0,6000.0,0.0,forecast,1.0,42162.73099163292,46676.311803365454,False,2025-03-31
4-3,2025-04-01,2025-04-01 18:00:00,18,2025-04-01 18:10:00,2025-04-02 18:00:00,10000.068930979938,6000.0,0.0,forecast,1.0,53977.143939181755,60559.83536979691,False,2025-03-31
4-3,2025-04-02,2025-04-02 00:00:00,0,2025-04-02 00:10:00,2025-04-03 00:00:00,6324.266349794705,6000.0,0.0,forecast,1.0,40941.4406869293,45382.28605642166,False,2025-04-01
4-3,2025-04-02,2025-04-02 06:00:00,6,2025-04-02 06:10:00,2025-04-03 06:00:00,9873.31145751486,6000.0,0.0,forecast,1.0,41753.99621075395,46222.191343181505,False,2025-04-01
4-3,2025-04-02,2025-04-02 12:00:00,12,2025-04-02 12:10:00,2025-04-03 12:00:00,8937.45944670241,6000.0,0.0,forecast,1.0,39390.99979111385,43514.24097001821,False,2025-04-01
4-3,2025-04-02,2025-04-02 18:00:00,18,2025-04-02 18:10:00,2025-04-03 18:00:00,10027.57824074074,6000.0,0.0,forecast,1.0,37433.406642585054,41527.21663617421,False,2025-04-01
4-3,2025-04-03,2025-04-03 00:00:00,0,2025-04-03 00:10:00,2025-04-04 00:00:00,6309.41046965625,6000.0,0.0,forecast,1.0,42707.96376325456,47336.807781392374,False,2025-04-02
4-3,2025-04-03,2025-04-03 06:00:00,6,2025-04-03 06:10:00,2025-04-04 06:00:00,9933.8375,6000.0,0.0,forecast,1.0,39171.74617625508,43622.550652591126,False,2025-04-02
4-3,2025-04-03,2025-04-03 12:00:00,12,2025-04-03 12:10:00,2025-04-04 12:00:00,10698.34245766083,6000.0,0.0,forecast,1.0,38513.52707782704,43167.99190049228,False,2025-04-02
4-3,2025-04-03,2025-04-03 18:00:00,18,2025-04-03 18:10:00,2025-04-04 18:00:00,10057.001851851852,6000.0,0.0,forecast,1.0,28443.425479844118,32204.688935694154,False,2025-04-02
4-3,2025-04-04,2025-04-04 00:00:00,0,2025-04-04 00:10:00,2025-04-05 00:00:00,6316.039838979171,6000.0,0.0,forecast,1.0,11365.840657646815,13065.63608347515,False,2025-04-03
4-3,2025-04-04,2025-04-04 06:00:00,6,2025-04-04 06:10:00,2025-04-05 06:00:00,4680.3251423103775,6000.0,0.0,forecast,1.0,12193.578588771934,14024.575474521276,False,2025-04-03
4-3,2025-04-04,2025-04-04 12:00:00,12,2025-04-04 12:10:00,2025-04-05 12:00:00,10800.0,6000.0,0.0,forecast,1.0,13063.823696446329,15551.553032061205,False,2025-04-03
4-3,2025-04-04,2025-04-04 18:00:00,18,2025-04-04 18:10:00,2025-04-05 18:00:00,10066.51118161169,6000.0,0.0,forecast,1.0,11154.57908210007,13336.835874774795,False,2025-04-03
4-3,2025-04-05,2025-04-05 00:00:00,0,2025-04-05 00:10:00,2025-04-06 00:00:00,6630.601916182004,6000.0,0.0,forecast,1.0,10411.17125097719,11935.891759964728,False,2025-04-04
4-3,2025-04-05,2025-04-05 06:00:00,6,2025-04-05 06:10:00,2025-04-06 06:00:00,3211.1306730604274,6000.0,0.0,forecast,1.0,13434.941702724536,15212.156523085385,False,2025-04-04
4-3,2025-04-05,2025-04-05 12:00:00,12,2025-04-05 12:10:00,2025-04-06 12:00:00,10800.0,6000.0,2.420011043114988e-16,forecast,1.0,19088.9843665933,22034.045948786214,False,2025-04-04
4-3,2025-04-05,2025-04-05 18:00:00,18,2025-04-05 18:10:00,2025-04-06 18:00:00,9796.506755411121,6000.0,0.0,forecast,1.0,11655.744674624355,13184.71463229437,False,2025-04-04
4-3,2025-04-06,2025-04-06 00:00:00,0,2025-04-06 00:10:00,2025-04-07 00:00:00,6063.069364521556,6000.0,0.0,forecast,1.0,36958.984810795984,41149.58313536296,False,2025-04-05
4-3,2025-04-06,2025-04-06 06:00:00,6,2025-04-06 06:10:00,2025-04-07 06:00:00,9799.415272489587,6000.0,0.0,forecast,1.0,35786.77367893833,39812.67579164576,False,2025-04-05
4-3,2025-04-06,2025-04-06 12:00:00,12,2025-04-06 12:10:00,2025-04-07 12:00:00,7809.857634656784,6000.0,4.733988107755938e-16,forecast,1.0,37369.35291969436,41425.845976360455,False,2025-04-05
4-3,2025-04-06,2025-04-06 18:00:00,18,2025-04-06 18:10:00,2025-04-07 18:00:00,10082.496759259258,6000.0,0.0,forecast,1.0,32730.474907072734,36206.990732232756,False,2025-04-05
4-3,2025-04-07,2025-04-07 00:00:00,0,2025-04-07 00:10:00,2025-04-08 00:00:00,6108.532656234375,6000.0,0.0,forecast,1.0,34992.774051419765,38603.48137764011,False,2025-04-06
4-3,2025-04-07,2025-04-07 06:00:00,6,2025-04-07 06:10:00,2025-04-08 06:00:00,10000.452314814815,6000.0,0.0,forecast,1.0,37253.502511122504,41066.06068044696,False,2025-04-06
4-3,2025-04-07,2025-04-07 12:00:00,12,2025-04-07 12:10:00,2025-04-08 12:00:00,9059.754510623749,6000.0,0.0,forecast,1.0,45329.43931063393,50348.851714422315,False,2025-04-06
4-3,2025-04-07,2025-04-07 18:00:00,18,2025-04-07 18:10:00,2025-04-08 18:00:00,10800.0,6000.0,0.0,forecast,1.0,36650.831085771046,40679.6299318169,False,2025-04-06
4-3,2025-04-08,2025-04-08 00:00:00,0,2025-04-08 00:10:00,2025-04-09 00:00:00,6526.0782387780655,6000.0,0.0,forecast,1.0,41393.80525619884,45745.28394654428,False,2025-04-07
4-3,2025-04-08,2025-04-08 06:00:00,6,2025-04-08 06:10:00,2025-04-09 06:00:00,9956.61199395737,6000.0,0.0,forecast,1.0,40473.57399818004,44640.686973127034,False,2025-04-07
4-3,2025-04-08,2025-04-08 12:00:00,12,2025-04-08 12:10:00,2025-04-09 12:00:00,9081.992252706408,6000.0,0.0,forecast,1.0,44400.37717039488,49143.56786060995,False,2025-04-07
4-3,2025-04-08,2025-04-08 18:00:00,18,2025-04-08 18:10:00,2025-04-09 18:00:00,10046.581944444444,6000.0,0.0,forecast,1.0,40957.31723443654,45648.66563762952,False,2025-04-07
4-3,2025-04-09,2025-04-09 00:00:00,0,2025-04-09 00:10:00,2025-04-10 00:00:00,6222.23551124132,6000.0,0.0,forecast,1.0,39424.69917447942,43624.689154939086,False,2025-04-08
4-3,2025-04-09,2025-04-09 06:00:00,6,2025-04-09 06:10:00,2025-04-10 06:00:00,9995.302777777777,6000.0,0.0,forecast,1.0,39595.084591451625,44001.18824034278,False,2025-04-08
4-3,2025-04-09,2025-04-09 12:00:00,12,2025-04-09 12:10:00,2025-04-10 12:00:00,7709.884764289787,6000.0,4.757690774806342e-16,forecast,1.0,53073.16339256853,58977.84002932616,False,2025-04-08
4-3,2025-04-09,2025-04-09 18:00:00,18,2025-04-09 18:10:00,2025-04-10 18:00:00,10310.39447986111,6000.0,2.624300389227513e-16,forecast,1.0,39577.100686838094,43814.099651523975,False,2025-04-08
4-3,2025-04-10,2025-04-10 00:00:00,0,2025-04-10 00:10:00,2025-04-11 00:00:00,6458.297091721401,6000.0,0.0,forecast,1.0,39029.09954078303,43006.65489413135,False,2025-04-09
4-3,2025-04-10,2025-04-10 06:00:00,6,2025-04-10 06:10:00,2025-04-11 06:00:00,9969.763425925927,6000.0,0.0,forecast,1.0,36360.711110198914,40431.32420682976,False,2025-04-09
4-3,2025-04-10,2025-04-10 12:00:00,12,2025-04-10 12:10:00,2025-04-11 12:00:00,8025.320465215662,6000.0,0.0,forecast,1.0,39411.47177240797,44175.75583004258,False,2025-04-09
4-3,2025-04-10,2025-04-10 18:00:00,18,2025-04-10 18:10:00,2025-04-11 18:00:00,10060.29675925926,6000.0,0.0,forecast,1.0,27833.11416354273,31262.519683609506,False,2025-04-09
4-3,2025-04-11,2025-04-11 00:00:00,0,2025-04-11 00:10:00,2025-04-12 00:00:00,6450.030207973622,6000.0,0.0,forecast,1.0,10502.028318716726,12021.913368128553,False,2025-04-10
4-3,2025-04-11,2025-04-11 06:00:00,6,2025-04-11 06:10:00,2025-04-12 06:00:00,3461.3590929196075,6000.0,0.0,forecast,1.0,12247.197830713318,13989.083123794742,False,2025-04-10
4-3,2025-04-11,2025-04-11 12:00:00,12,2025-04-11 12:10:00,2025-04-12 12:00:00,10800.0,6000.0,3.154081462466762e-16,forecast,1.0,11072.944963012622,12657.319805834017,False,2025-04-10
4-3,2025-04-11,2025-04-11 18:00:00,18,2025-04-11 18:10:00,2025-04-12 18:00:00,9859.047674878468,6000.0,2.7940514390075726e-16,forecast,1.0,10952.048719087175,12582.853905516047,False,2025-04-10
4-3,2025-04-12,2025-04-12 00:00:00,0,2025-04-12 00:10:00,2025-04-13 00:00:00,6387.770533666953,6000.0,0.0,forecast,1.0,11589.164230386818,13220.131353196273,False,2025-04-11
4-3,2025-04-12,2025-04-12 06:00:00,6,2025-04-12 06:10:00,2025-04-13 06:00:00,4060.883518075378,6000.0,0.0,forecast,1.0,14363.11583738236,16228.406577894175,False,2025-04-11
4-3,2025-04-12,2025-04-12 12:00:00,12,2025-04-12 12:10:00,2025-04-13 12:00:00,10800.0,6000.0,5.05265980366805e-16,forecast,1.0,13437.037417120428,15169.03723014034,False,2025-04-11
4-3,2025-04-12,2025-04-12 18:00:00,18,2025-04-12 18:10:00,2025-04-13 18:00:00,10318.225655623071,6000.0,0.0,forecast,1.0,13885.832647444371,15686.174890205975,False,2025-04-11
4-3,2025-04-13,2025-04-13 00:00:00,0,2025-04-13 00:10:00,2025-04-14 00:00:00,6598.000205034721,6000.0,0.0,forecast,1.0,36340.575129715566,40154.52049727113,False,2025-04-12
4-3,2025-04-13,2025-04-13 06:00:00,6,2025-04-13 06:10:00,2025-04-14 06:00:00,9941.12342898341,6000.0,0.0,forecast,1.0,34687.966495588276,38290.373962946076,False,2025-04-12
4-3,2025-04-13,2025-04-13 12:00:00,12,2025-04-13 12:10:00,2025-04-14 12:00:00,7625.07723500429,6000.0,0.0,forecast,1.0,42787.98305623023,47572.99556251308,False,2025-04-12
4-3,2025-04-13,2025-04-13 18:00:00,18,2025-04-13 18:10:00,2025-04-14 18:00:00,10800.0,6000.0,0.0,forecast,1.0,35975.029254389156,40059.70737683171,False,2025-04-12
4-3,2025-04-14,2025-04-14 00:00:00,0,2025-04-14 00:10:00,2025-04-15 00:00:00,6449.133862045138,6000.0,0.0,forecast,1.0,38976.79344072375,43030.33422484575,False,2025-04-13
4-3,2025-04-14,2025-04-14 06:00:00,6,2025-04-14 06:10:00,2025-04-15 06:00:00,9915.487237081648,6000.0,0.0,forecast,1.0,37631.14041992348,41504.941709563296,False,2025-04-13
4-3,2025-04-14,2025-04-14 12:00:00,12,2025-04-14 12:10:00,2025-04-15 12:00:00,9706.528699860773,6000.0,5.239039132359215e-16,forecast,1.0,37799.65553016639,41534.27867300887,False,2025-04-13
4-3,2025-04-14,2025-04-14 18:00:00,18,2025-04-14 18:10:00,2025-04-15 18:00:00,10800.0,6000.0,0.0,forecast,1.0,34045.85956324921,37537.15486345691,False,2025-04-13
4-3,2025-04-15,2025-04-15 00:00:00,0,2025-04-15 00:10:00,2025-04-16 00:00:00,6243.617959466915,6000.0,0.0,forecast,1.0,33958.42115985938,37274.55411073561,False,2025-04-14
4-3,2025-04-15,2025-04-15 06:00:00,6,2025-04-15 06:10:00,2025-04-16 06:00:00,10007.58888888889,6000.0,0.0,forecast,1.0,35980.43857283263,39620.61897912129,False,2025-04-14
4-3,2025-04-15,2025-04-15 12:00:00,12,2025-04-15 12:10:00,2025-04-16 12:00:00,9591.757547203559,6000.0,0.0,forecast,1.0,40454.69807465715,44752.75213799238,False,2025-04-14
4-3,2025-04-15,2025-04-15 18:00:00,18,2025-04-15 18:10:00,2025-04-16 18:00:00,10718.215475919751,6000.0,0.0,forecast,1.0,39838.53051497295,44434.90582790283,False,2025-04-14
4-3,2025-04-16,2025-04-16 00:00:00,0,2025-04-16 00:10:00,2025-04-17 00:00:00,6415.906232947339,6000.0,0.0,forecast,1.0,37449.881099440376,41473.51098509266,False,2025-04-15
4-3,2025-04-16,2025-04-16 06:00:00,6,2025-04-16 06:10:00,2025-04-17 06:00:00,9988.298148148147,6000.0,1.5140336920257743e-15,forecast,1.0,38906.57494112717,42984.671471323745,False,2025-04-15
4-3,2025-04-16,2025-04-16 12:00:00,12,2025-04-16 12:10:00,2025-04-17 12:00:00,8366.320786863473,6000.0,0.0,forecast,1.0,35793.634337312455,39413.11826673925,False,2025-04-15
4-3,2025-04-16,2025-04-16 18:00:00,18,2025-04-16 18:10:00,2025-04-17 18:00:00,10800.0,6000.0,0.0,forecast,1.0,41098.639362873975,45861.48163776555,False,2025-04-15
4-3,2025-04-17,2025-04-17 00:00:00,0,2025-04-17 00:10:00,2025-04-18 00:00:00,6433.336847884696,6000.0,0.0,forecast,1.0,34762.73063343384,38121.314983682794,False,2025-04-16
4-3,2025-04-17,2025-04-17 06:00:00,6,2025-04-17 06:10:00,2025-04-18 06:00:00,8911.816539180747,6000.0,0.0,forecast,1.0,34973.8046230329,39062.36703980544,False,2025-04-16
4-3,2025-04-17,2025-04-17 12:00:00,12,2025-04-17 12:10:00,2025-04-18 12:00:00,7994.965201508827,6000.0,0.0,forecast,1.0,35111.27241860157,39039.96968988472,False,2025-04-16
4-3,2025-04-17,2025-04-17 18:00:00,18,2025-04-17 18:10:00,2025-04-18 18:00:00,10800.0,6000.0,0.0,forecast,1.0,26543.24342130351,29910.874522596634,False,2025-04-16
4-3,2025-04-18,2025-04-18 00:00:00,0,2025-04-18 00:10:00,2025-04-19 00:00:00,6566.2626884975425,6000.0,0.0,forecast,1.0,10554.948679097995,12145.553972342352,False,2025-04-17
4-3,2025-04-18,2025-04-18 06:00:00,6,2025-04-18 06:10:00,2025-04-19 06:00:00,3380.648314419028,6000.0,2.797150425537155e-16,forecast,1.0,11654.24731470591,13468.344999125677,False,2025-04-17
4-3,2025-04-18,2025-04-18 12:00:00,12,2025-04-18 12:10:00,2025-04-19 12:00:00,10800.0,6000.0,0.0,forecast,1.0,11049.737909079573,12750.2423782146,False,2025-04-17
4-3,2025-04-18,2025-04-18 18:00:00,18,2025-04-18 18:10:00,2025-04-19 18:00:00,10095.41775925926,6000.0,0.0,forecast,1.0,10500.039146750249,12113.18966918507,False,2025-04-17
4-3,2025-04-19,2025-04-19 00:00:00,0,2025-04-19 00:10:00,2025-04-20 00:00:00,6747.760905523392,6000.0,0.0,forecast,1.0,10304.704951873333,11887.787230073769,False,2025-04-18
4-3,2025-04-19,2025-04-19 06:00:00,6,2025-04-19 06:10:00,2025-04-20 06:00:00,3976.89382830136,6000.0,0.0,forecast,1.0,13471.233592802793,15293.498177330152,False,2025-04-18
4-3,2025-04-19,2025-04-19 12:00:00,12,2025-04-19 12:10:00,2025-04-20 12:00:00,10800.0,6000.0,0.0,forecast,1.0,13053.540492922322,14773.607266836152,False,2025-04-18
4-3,2025-04-19,2025-04-19 18:00:00,18,2025-04-19 18:10:00,2025-04-20 18:00:00,10085.982537037038,6000.0,0.0,forecast,1.0,11462.504501512114,13039.717640138806,False,2025-04-18
4-3,2025-04-20,2025-04-20 00:00:00,0,2025-04-20 00:10:00,2025-04-21 00:00:00,6466.061245458474,6000.0,0.0,forecast,1.0,34933.3876801929,38351.25713442356,False,2025-04-19
4-3,2025-04-20,2025-04-20 06:00:00,6,2025-04-20 06:10:00,2025-04-21 06:00:00,10017.611111111111,6000.0,1.8557878350528534e-15,forecast,1.0,33578.889199357145,36923.40613673046,False,2025-04-19
4-3,2025-04-20,2025-04-20 12:00:00,12,2025-04-20 12:10:00,2025-04-21 12:00:00,7093.978292111736,6000.0,0.0,forecast,1.0,35339.11320534161,38864.73081160217,False,2025-04-19
4-3,2025-04-20,2025-04-20 18:00:00,18,2025-04-20 18:10:00,2025-04-21 18:00:00,10800.0,6000.0,0.0,forecast,1.0,30435.259585140142,33749.475957570525,False,2025-04-19
4-3,2025-04-21,2025-04-21 00:00:00,0,2025-04-21 00:10:00,2025-04-22 00:00:00,6672.0986000228595,6000.0,0.0,forecast,1.0,36435.59416182102,40174.54858891997,False,2025-04-20
4-3,2025-04-21,2025-04-21 06:00:00,6,2025-04-21 06:10:00,2025-04-22 06:00:00,10035.413425925926,6000.0,0.0,forecast,1.0,35127.336359863926,38701.545702740164,False,2025-04-20
4-3,2025-04-21,2025-04-21 12:00:00,12,2025-04-21 12:10:00,2025-04-22 12:00:00,9209.461302222226,6000.0,0.0,forecast,1.0,35970.756710851885,39594.34050944148,False,2025-04-20
4-3,2025-04-21,2025-04-21 18:00:00,18,2025-04-21 18:10:00,2025-04-22 18:00:00,10800.0,6000.0,0.0,forecast,1.0,29749.55009034242,32924.25493195348,False,2025-04-20
4-3,2025-04-22,2025-04-22 00:00:00,0,2025-04-22 00:10:00,2025-04-23 00:00:00,6243.619015666858,6000.0,0.0,forecast,1.0,32855.95738421836,36019.82487193291,False,2025-04-21
4-3,2025-04-22,2025-04-22 06:00:00,6,2025-04-22 06:10:00,2025-04-23 06:00:00,10022.09537037037,6000.0,0.0,forecast,1.0,35560.4358544319,39228.33869655994,False,2025-04-21
4-3,2025-04-22,2025-04-22 12:00:00,12,2025-04-22 12:10:00,2025-04-23 12:00:00,8802.194004814815,6000.0,4.75067340221646e-16,forecast,1.0,35064.25052399542,38445.9079340469,False,2025-04-21
4-3,2025-04-22,2025-04-22 18:00:00,18,2025-04-22 18:10:00,2025-04-23 18:00:00,10800.0,6000.0,0.0,forecast,1.0,32782.494290756105,36106.62152042464,False,2025-04-21
4-3,2025-04-23,2025-04-23 00:00:00,0,2025-04-23 00:10:00,2025-04-24 00:00:00,6365.152816003613,6000.0,0.0,forecast,1.0,32148.342266261297,35176.45584768885,False,2025-04-22
4-3,2025-04-23,2025-04-23 06:00:00,6,2025-04-23 06:10:00,2025-04-24 06:00:00,9041.107962811395,6000.0,4.656027605336975e-16,forecast,1.0,34988.833437857145,38576.44250476433,False,2025-04-22
4-3,2025-04-23,2025-04-23 12:00:00,12,2025-04-23 12:10:00,2025-04-24 12:00:00,7913.190856801743,6000.0,0.0,forecast,1.0,34163.77389723185,37597.15649447029,False,2025-04-22
4-3,2025-04-23,2025-04-23 18:00:00,18,2025-04-23 18:10:00,2025-04-24 18:00:00,10800.0,6000.0,0.0,forecast,1.0,33584.58744947381,37568.49396042447,False,2025-04-22
4-3,2025-04-24,2025-04-24 00:00:00,0,2025-04-24 00:10:00,2025-04-25 00:00:00,6623.063977005836,6000.0,0.0,forecast,1.0,32925.108770745814,36162.12662004336,False,2025-04-23
4-3,2025-04-24,2025-04-24 06:00:00,6,2025-04-24 06:10:00,2025-04-25 06:00:00,9367.963962962964,6000.0,0.0,forecast,1.0,30111.961641229726,33170.59324703631,False,2025-04-23
4-3,2025-04-24,2025-04-24 12:00:00,12,2025-04-24 12:10:00,2025-04-25 12:00:00,7328.7964833829565,6000.0,1.2360299770839422e-15,forecast,1.0,31893.697384328345,35308.87509900467,False,2025-04-23
4-3,2025-04-24,2025-04-24 18:00:00,18,2025-04-24 18:10:00,2025-04-25 18:00:00,10800.0,6000.0,0.0,forecast,1.0,27343.345340067386,31283.50678409197,False,2025-04-23
4-3,2025-04-25,2025-04-25 00:00:00,0,2025-04-25 00:10:00,2025-04-26 00:00:00,6313.5256200403155,6000.0,0.0,forecast,1.0,10421.084965315289,11946.416311707508,False,2025-04-24
4-3,2025-04-25,2025-04-25 06:00:00,6,2025-04-25 06:10:00,2025-04-26 06:00:00,3181.1755621096167,6000.0,0.0,forecast,1.0,11753.967555475707,13567.586303430595,False,2025-04-24
4-3,2025-04-25,2025-04-25 12:00:00,12,2025-04-25 12:10:00,2025-04-26 12:00:00,10800.0,6000.0,3.327213686783336e-16,forecast,1.0,10716.114062201614,12334.81928485722,False,2025-04-24
4-3,2025-04-25,2025-04-25 18:00:00,18,2025-04-25 18:10:00,2025-04-26 18:00:00,10123.608907407408,6000.0,0.0,forecast,1.0,9839.051406449384,11332.162742275668,False,2025-04-24
4-3,2025-04-26,2025-04-26 00:00:00,0,2025-04-26 00:10:00,2025-04-27 00:00:00,6520.591653170575,6000.0,0.0,forecast,1.0,10317.06422211386,11906.438331513817,False,2025-04-25
4-3,2025-04-26,2025-04-26 06:00:00,6,2025-04-26 06:10:00,2025-04-27 06:00:00,3035.2147916801696,6000.0,4.3893453974198143e-16,forecast,1.0,13460.18413001225,15339.080682652582,False,2025-04-25
4-3,2025-04-26,2025-04-26 12:00:00,12,2025-04-26 12:10:00,2025-04-27 12:00:00,10800.0,6000.0,0.0,forecast,1.0,12118.18082104971,13804.059199205944,False,2025-04-25
4-3,2025-04-26,2025-04-26 18:00:00,18,2025-04-26 18:10:00,2025-04-27 18:00:00,10142.61187037037,6000.0,0.0,forecast,1.0,11926.01505392714,13569.272791428091,False,2025-04-25
4-3,2025-04-27,2025-04-27 00:00:00,0,2025-04-27 00:10:00,2025-04-28 00:00:00,6394.880838328513,6000.0,0.0,forecast,1.0,32958.3611552999,36201.67777604294,False,2025-04-26
4-3,2025-04-27,2025-04-27 06:00:00,6,2025-04-27 06:10:00,2025-04-28 06:00:00,9387.003333333332,6000.0,0.0,forecast,1.0,33590.42989388983,37015.271305659524,False,2025-04-26
4-3,2025-04-27,2025-04-27 12:00:00,12,2025-04-27 12:10:00,2025-04-28 12:00:00,8171.4133045929775,6000.0,5.263760773210065e-16,forecast,1.0,33988.476181360544,37370.738413583604,False,2025-04-26
4-3,2025-04-27,2025-04-27 18:00:00,18,2025-04-27 18:10:00,2025-04-28 18:00:00,10800.0,6000.0,2.300126868710986e-16,forecast,1.0,41152.21060319695,46144.068693938825,False,2025-04-26
4-3,2025-04-28,2025-04-28 00:00:00,0,2025-04-28 00:10:00,2025-04-29 00:00:00,6385.16644326114,6000.0,0.0,forecast,1.0,38537.01730645093,42873.43077186684,False,2025-04-27
4-3,2025-04-28,2025-04-28 06:00:00,6,2025-04-28 06:10:00,2025-04-29 06:00:00,10024.624074074074,6000.0,0.0,forecast,1.0,37591.97040267341,41864.70843061521,False,2025-04-27
4-3,2025-04-28,2025-04-28 12:00:00,12,2025-04-28 12:10:00,2025-04-29 12:00:00,8345.901496018905,6000.0,0.0,forecast,1.0,37213.93808757918,41078.7645433739,False,2025-04-27
4-3,2025-04-28,2025-04-28 18:00:00,18,2025-04-28 18:10:00,2025-04-29 18:00:00,10797.684765176118,6000.0,0.0,forecast,1.0,34890.12943540324,39165.96919196652,False,2025-04-27
4-3,2025-04-29,2025-04-29 00:00:00,0,2025-04-29 00:10:00,2025-04-30 00:00:00,6581.635992916042,6000.0,0.0,forecast,1.0,33480.694670776094,36898.703075433965,False,2025-04-28
4-3,2025-04-29,2025-04-29 06:00:00,6,2025-04-29 06:10:00,2025-04-30 06:00:00,9554.975960655527,6000.0,0.0,forecast,1.0,33202.925802509984,36491.1024199329,False,2025-04-28
4-3,2025-04-29,2025-04-29 12:00:00,12,2025-04-29 12:10:00,2025-04-30 12:00:00,9458.603079729603,6000.0,0.0,forecast,1.0,36788.977453646745,40660.10939805603,False,2025-04-28
4-3,2025-04-29,2025-04-29 18:00:00,18,2025-04-29 18:10:00,2025-04-30 18:00:00,10800.0,6000.0,2.661168690165143e-16,forecast,1.0,37801.05428099533,42322.08010254618,False,2025-04-28
4-3,2025-04-30,2025-04-30 00:00:00,0,2025-04-30 00:10:00,2025-05-01 00:00:00,6488.455720713545,6000.0,0.0,forecast,1.0,32509.408197074208,35630.727192766106,False,2025-04-29
4-3,2025-04-30,2025-04-30 06:00:00,6,2025-04-30 06:10:00,2025-05-01 06:00:00,8893.436451904903,6000.0,0.0,forecast,1.0,31830.725427966023,34944.56233730608,False,2025-04-29
4-3,2025-04-30,2025-04-30 12:00:00,12,2025-04-30 12:10:00,2025-05-01 12:00:00,6958.1957794975,6000.0,9.940188046844447e-16,forecast,1.0,34592.40083018957,38098.25414327862,False,2025-04-29
4-3,2025-04-30,2025-04-30 18:00:00,18,2025-04-30 18:10:00,2025-05-01 18:00:00,10800.0,6000.0,2.133048955553612e-16,forecast,1.0,28847.55020978763,31879.92204855271,False,2025-04-29
4-3,2025-05-01,2025-05-01 00:00:00,0,2025-05-01 00:10:00,2025-05-02 00:00:00,6423.572884339602,6000.0,0.0,forecast,1.0,32730.004888246138,36031.171240259486,False,2025-04-30
4-3,2025-05-01,2025-05-01 06:00:00,6,2025-05-01 06:10:00,2025-05-02 06:00:00,8926.004275654515,6000.0,7.682669381320467e-16,forecast,1.0,30231.183881985617,33448.539852178204,False,2025-04-30
4-3,2025-05-01,2025-05-01 12:00:00,12,2025-05-01 12:10:00,2025-05-02 12:00:00,7350.101283721166,6000.0,5.906230728812478e-16,forecast,1.0,32388.328225737267,36296.36057441854,False,2025-04-30
4-3,2025-05-01,2025-05-01 18:00:00,18,2025-05-01 18:10:00,2025-05-02 18:00:00,10478.970585792824,6000.0,0.0,forecast,1.0,31144.629969009013,36095.2377000356,False,2025-04-30
4-3,2025-05-02,2025-05-02 00:00:00,0,2025-05-02 00:10:00,2025-05-03 00:00:00,5203.075623493345,6000.0,0.0,forecast,1.0,11311.274683107717,13050.21319771521,False,2025-05-01
4-3,2025-05-02,2025-05-02 06:00:00,6,2025-05-02 06:10:00,2025-05-03 06:00:00,3681.896682941407,6000.0,0.0,forecast,1.0,12239.543843521158,14151.540485684904,False,2025-05-01
4-3,2025-05-02,2025-05-02 12:00:00,12,2025-05-02 12:10:00,2025-05-03 12:00:00,10800.0,6000.0,3.462810320519547e-16,forecast,1.0,10989.213938580553,12641.590048446873,False,2025-05-01
4-3,2025-05-02,2025-05-02 18:00:00,18,2025-05-02 18:10:00,2025-05-03 18:00:00,10329.522222222222,6000.0,5.996473353790757e-16,forecast,1.0,10519.672750046793,12143.379282953149,False,2025-05-01
4-3,2025-05-03,2025-05-03 00:00:00,0,2025-05-03 00:10:00,2025-05-04 00:00:00,5659.770392942998,6000.0,0.0,forecast,1.0,10834.393361474788,12489.220985422684,False,2025-05-02
4-3,2025-05-03,2025-05-03 06:00:00,6,2025-05-03 06:10:00,2025-05-04 06:00:00,3506.998418397329,6000.0,0.0,forecast,1.0,13211.569784650732,15045.549631105245,False,2025-05-02
4-3,2025-05-03,2025-05-03 12:00:00,12,2025-05-03 12:10:00,2025-05-04 12:00:00,10800.0,6000.0,2.969783967636118e-16,forecast,1.0,11641.571913760417,13248.580475220451,False,2025-05-02
4-3,2025-05-03,2025-05-03 18:00:00,18,2025-05-03 18:10:00,2025-05-04 18:00:00,10373.88619836516,6000.0,0.0,forecast,1.0,10957.772361022853,12481.822925802491,False,2025-05-02
4-3,2025-05-04,2025-05-04 00:00:00,0,2025-05-04 00:10:00,2025-05-05 00:00:00,5803.590113660879,6000.0,0.0,forecast,1.0,34894.69669651272,38765.6834181244,False,2025-05-03
4-3,2025-05-04,2025-05-04 06:00:00,6,2025-05-04 06:10:00,2025-05-05 06:00:00,10061.642171542106,6000.0,1.9817396006485086e-15,forecast,1.0,33452.69976347851,37100.26844374652,False,2025-05-03
4-3,2025-05-04,2025-05-04 12:00:00,12,2025-05-04 12:10:00,2025-05-05 12:00:00,9659.222152025135,6000.0,4.935917115848853e-16,forecast,1.0,36253.249243732775,40168.978480028054,False,2025-05-03
4-3,2025-05-04,2025-05-04 18:00:00,18,2025-05-04 18:10:00,2025-05-05 18:00:00,10721.314530632715,6000.0,2.278909744793167e-16,forecast,1.0,41541.02305981971,46685.00729535744,False,2025-05-03
4-3,2025-05-05,2025-05-05 00:00:00,0,2025-05-05 00:10:00,2025-05-06 00:00:00,5542.637955542245,6000.0,0.0,forecast,1.0,37422.10384734842,41391.381195339956,False,2025-05-04
4-3,2025-05-05,2025-05-05 06:00:00,6,2025-05-05 06:10:00,2025-05-06 06:00:00,10076.556018518519,6000.0,0.0,forecast,1.0,35212.103943287904,38922.655529672964,False,2025-05-04
4-3,2025-05-05,2025-05-05 12:00:00,12,2025-05-05 12:10:00,2025-05-06 12:00:00,7891.019133754924,6000.0,0.0,forecast,1.0,35727.65448813427,39423.49625236711,False,2025-05-04
4-3,2025-05-05,2025-05-05 18:00:00,18,2025-05-05 18:10:00,2025-05-06 18:00:00,10210.56864698592,6000.0,0.0,forecast,1.0,29326.764228307136,32391.296753459705,False,2025-05-04
4-3,2025-05-06,2025-05-06 00:00:00,0,2025-05-06 00:10:00,2025-05-07 00:00:00,5609.755761944877,6000.0,1.4826622971668682e-08,forecast,1.0,33257.350652895395,36684.11603534548,False,2025-05-05
4-3,2025-05-06,2025-05-06 06:00:00,6,2025-05-06 06:10:00,2025-05-07 06:00:00,8819.320771961275,6000.0,5.092752906013269e-16,forecast,1.0,34653.553642749015,38551.458849324765,False,2025-05-05
4-3,2025-05-06,2025-05-06 12:00:00,12,2025-05-06 12:10:00,2025-05-07 12:00:00,6846.427628174428,6000.0,5.55305122422533e-16,forecast,1.0,45351.37710559186,50588.35738214852,False,2025-05-05
4-3,2025-05-06,2025-05-06 18:00:00,18,2025-05-06 18:10:00,2025-05-07 18:00:00,10634.047619787909,6000.0,3.380832452033824e-16,forecast,1.0,33539.49053049249,37394.37631095552,False,2025-05-05
4-3,2025-05-07,2025-05-07 00:00:00,0,2025-05-07 00:10:00,2025-05-08 00:00:00,5625.549683014611,6000.0,0.0,forecast,1.0,35745.226396781785,39417.629825171716,False,2025-05-06
4-3,2025-05-07,2025-05-07 06:00:00,6,2025-05-07 06:10:00,2025-05-08 06:00:00,9814.02007041349,6000.0,5.105641203302007e-16,forecast,1.0,36450.318215084684,40349.511843322434,False,2025-05-06
4-3,2025-05-07,2025-05-07 12:00:00,12,2025-05-07 12:10:00,2025-05-08 12:00:00,7592.8391213779405,6000.0,0.0,forecast,1.0,43653.88615647644,48501.645399306224,False,2025-05-06
4-3,2025-05-07,2025-05-07 18:00:00,18,2025-05-07 18:10:00,2025-05-08 18:00:00,10647.588293417244,6000.0,0.0,forecast,1.0,31505.04368233522,34868.87940181231,False,2025-05-06
4-3,2025-05-08,2025-05-08 00:00:00,0,2025-05-08 00:10:00,2025-05-09 00:00:00,5828.164164122829,6000.0,0.0,forecast,1.0,39406.07424315643,43988.80133900764,False,2025-05-07
4-3,2025-05-08,2025-05-08 06:00:00,6,2025-05-08 06:10:00,2025-05-09 06:00:00,10077.476851851852,6000.0,2.2191845096704154e-15,forecast,1.0,36227.340054965985,40609.00345049397,False,2025-05-07
4-3,2025-05-08,2025-05-08 12:00:00,12,2025-05-08 12:10:00,2025-05-09 12:00:00,9751.774712657698,6000.0,1.1084864398211308e-15,forecast,1.0,42421.04268461815,47812.59122782334,False,2025-05-07
4-3,2025-05-08,2025-05-08 18:00:00,18,2025-05-08 18:10:00,2025-05-09 18:00:00,10722.87884824942,6000.0,0.0,forecast,1.0,31308.56847039504,35554.41393773568,False,2025-05-07
4-3,2025-05-09,2025-05-09 00:00:00,0,2025-05-09 00:10:00,2025-05-10 00:00:00,6088.050350058161,6000.0,0.0,forecast,1.0,12104.060787291772,13952.377970722195,False,2025-05-08
4-3,2025-05-09,2025-05-09 06:00:00,6,2025-05-09 06:10:00,2025-05-10 06:00:00,3416.5444860174584,6000.0,0.0,forecast,1.0,13795.729871216043,15876.809171225646,False,2025-05-08
4-3,2025-05-09,2025-05-09 12:00:00,12,2025-05-09 12:10:00,2025-05-10 12:00:00,10800.0,6000.0,5.233283297213494e-16,forecast,1.0,13226.817937220603,15630.720260972075,False,2025-05-08
4-3,2025-05-09,2025-05-09 18:00:00,18,2025-05-09 18:10:00,2025-05-10 18:00:00,10383.70129549836,6000.0,0.0,forecast,1.0,11228.323915724675,12939.578685432502,False,2025-05-08
4-3,2025-05-10,2025-05-10 00:00:00,0,2025-05-10 00:10:00,2025-05-11 00:00:00,6691.161842112991,6000.0,0.0,forecast,1.0,12291.74030554451,14028.973901043959,False,2025-05-09
4-3,2025-05-10,2025-05-10 06:00:00,6,2025-05-10 06:10:00,2025-05-11 06:00:00,3671.52915958232,6000.0,0.0,forecast,1.0,16208.848663476247,18302.822854186208,False,2025-05-09
4-3,2025-05-10,2025-05-10 12:00:00,12,2025-05-10 12:10:00,2025-05-11 12:00:00,10800.0,6000.0,0.0,forecast,1.0,14346.6952642802,16174.586750018869,False,2025-05-09
4-3,2025-05-10,2025-05-10 18:00:00,18,2025-05-10 18:10:00,2025-05-11 18:00:00,10641.488261593362,6000.0,0.0,forecast,1.0,15331.290772664386,17390.8584093452,False,2025-05-09
4-3,2025-05-11,2025-05-11 00:00:00,0,2025-05-11 00:10:00,2025-05-12 00:00:00,6660.862619953753,6000.0,0.0,forecast,1.0,38459.3245242087,42728.60775452564,False,2025-05-10
4-3,2025-05-11,2025-05-11 06:00:00,6,2025-05-11 06:10:00,2025-05-12 06:00:00,10130.883796296297,6000.0,5.680150951655618e-16,forecast,1.0,38652.5290828797,42924.01605892443,False,2025-05-10
4-3,2025-05-11,2025-05-11 12:00:00,12,2025-05-11 12:10:00,2025-05-12 12:00:00,9088.07879695694,6000.0,4.033818154435983e-16,forecast,1.0,41502.31245139758,46106.731405772574,False,2025-05-10
4-3,2025-05-11,2025-05-11 18:00:00,18,2025-05-11 18:10:00,2025-05-12 18:00:00,10800.0,6000.0,2.899815527979739e-16,forecast,1.0,38762.949920489824,42983.105663197035,False,2025-05-10
4-3,2025-05-12,2025-05-12 00:00:00,0,2025-05-12 00:10:00,2025-05-13 00:00:00,6246.128912768807,6000.0,0.0,forecast,1.0,34846.27716484023,38284.98871663054,False,2025-05-11
4-3,2025-05-12,2025-05-12 06:00:00,6,2025-05-12 06:10:00,2025-05-13 06:00:00,9512.112058158811,6000.0,4.244693650333809e-16,forecast,1.0,38713.10554495187,42814.304723929876,False,2025-05-11
4-3,2025-05-12,2025-05-12 12:00:00,12,2025-05-12 12:10:00,2025-05-13 12:00:00,9273.105418756702,6000.0,0.0,forecast,1.0,36554.44848844037,40164.19375528696,False,2025-05-11
4-3,2025-05-12,2025-05-12 18:00:00,18,2025-05-12 18:10:00,2025-05-13 18:00:00,10788.40360335648,6000.0,0.0,forecast,1.0,40249.48505914117,45285.94475923652,False,2025-05-11
4-3,2025-05-13,2025-05-13 00:00:00,0,2025-05-13 00:10:00,2025-05-14 00:00:00,6656.7812322079035,6000.0,0.0,forecast,1.0,39354.98316504534,43855.680076592835,False,2025-05-12
4-3,2025-05-13,2025-05-13 06:00:00,6,2025-05-13 06:10:00,2025-05-14 06:00:00,10052.367592592593,6000.0,0.0,forecast,1.0,39356.01376224353,43808.544738179626,False,2025-05-12
4-3,2025-05-13,2025-05-13 12:00:00,12,2025-05-13 12:10:00,2025-05-14 12:00:00,10800.0,6000.0,2.7018488535578405e-16,forecast,1.0,48830.51245618191,54329.93507607834,False,2025-05-12
4-3,2025-05-13,2025-05-13 18:00:00,18,2025-05-13 18:10:00,2025-05-14 18:00:00,10800.0,6000.0,0.0,forecast,1.0,37152.43317685752,41344.694505076026,False,2025-05-12
4-3,2025-05-14,2025-05-14 00:00:00,0,2025-05-14 00:10:00,2025-05-15 00:00:00,6614.984456758827,6000.0,0.0,forecast,1.0,39260.239322736,43502.27091843511,False,2025-05-13
4-3,2025-05-14,2025-05-14 06:00:00,6,2025-05-14 06:10:00,2025-05-15 06:00:00,10074.519907407408,6000.0,0.0,forecast,1.0,38492.744092295194,42747.78001890659,False,2025-05-13
4-3,2025-05-14,2025-05-14 12:00:00,12,2025-05-14 12:10:00,2025-05-15 12:00:00,8600.801009173083,6000.0,0.0,forecast,1.0,39913.274197797786,44158.55513761889,False,2025-05-13
4-3,2025-05-14,2025-05-14 18:00:00,18,2025-05-14 18:10:00,2025-05-15 18:00:00,10800.0,6000.0,0.0,forecast,1.0,36706.374854568014,40920.324180780124,False,2025-05-13
4-3,2025-05-15,2025-05-15 00:00:00,0,2025-05-15 00:10:00,2025-05-16 00:00:00,6589.931834489871,6000.0,0.0,forecast,1.0,40423.15300713133,44431.57179799584,False,2025-05-14
4-3,2025-05-15,2025-05-15 06:00:00,6,2025-05-15 06:10:00,2025-05-16 06:00:00,10068.213425925926,6000.0,0.0,forecast,1.0,39711.41750848862,44035.987319468346,False,2025-05-14
4-3,2025-05-15,2025-05-15 12:00:00,12,2025-05-15 12:10:00,2025-05-16 12:00:00,8820.746319926217,6000.0,0.0,forecast,1.0,41043.65821300671,45826.25988530749,False,2025-05-14
4-3,2025-05-15,2025-05-15 18:00:00,18,2025-05-15 18:10:00,2025-05-16 18:00:00,10800.0,6000.0,0.0,forecast,1.0,32085.91638174528,36269.0932860259,False,2025-05-14
4-3,2025-05-16,2025-05-16 00:00:00,0,2025-05-16 00:10:00,2025-05-17 00:00:00,7612.124400621386,6000.0,0.0,forecast,1.0,12921.41916863251,14654.988673726439,False,2025-05-15
4-3,2025-05-16,2025-05-16 06:00:00,6,2025-05-16 06:10:00,2025-05-17 06:00:00,2653.3548905336643,6000.0,0.0,forecast,1.0,14755.680152465726,16832.884420987873,False,2025-05-15
4-3,2025-05-16,2025-05-16 12:00:00,12,2025-05-16 12:10:00,2025-05-17 12:00:00,10800.0,6000.0,3.5855749712989556e-16,forecast,1.0,13392.24579831324,15234.585892470353,False,2025-05-15
4-3,2025-05-16,2025-05-16 18:00:00,18,2025-05-16 18:10:00,2025-05-17 18:00:00,10538.990272405477,6000.0,3.603467366617488e-16,forecast,1.0,11974.96201197111,13698.73688866854,False,2025-05-15
4-3,2025-05-17,2025-05-17 00:00:00,0,2025-05-17 00:10:00,2025-05-18 00:00:00,7403.256139513262,6000.0,0.0,forecast,1.0,13160.741800230688,14918.657506532449,False,2025-05-16
4-3,2025-05-17,2025-05-17 06:00:00,6,2025-05-17 06:10:00,2025-05-18 06:00:00,2530.7024295907613,6000.0,0.0,forecast,1.0,16701.976980783176,18791.14257755575,False,2025-05-16
4-3,2025-05-17,2025-05-17 12:00:00,12,2025-05-17 12:10:00,2025-05-18 12:00:00,10800.0,6000.0,0.0,forecast,1.0,15343.029788670472,17220.96084178463,False,2025-05-16
4-3,2025-05-17,2025-05-17 18:00:00,18,2025-05-17 18:10:00,2025-05-18 18:00:00,10800.0,6000.0,0.0,forecast,1.0,14300.704951578557,16064.808517866502,False,2025-05-16
4-3,2025-05-18,2025-05-18 00:00:00,0,2025-05-18 00:10:00,2025-05-19 00:00:00,7366.325700710072,6000.0,0.0,forecast,1.0,42042.131968309914,46604.44190567961,False,2025-05-17
4-3,2025-05-18,2025-05-18 06:00:00,6,2025-05-18 06:10:00,2025-05-19 06:00:00,10094.574286496914,6000.0,0.0,forecast,1.0,41157.24170375022,45599.589984042206,False,2025-05-17
4-3,2025-05-18,2025-05-18 12:00:00,12,2025-05-18 12:10:00,2025-05-19 12:00:00,10516.158348688323,6000.0,7.896615934211825e-16,forecast,1.0,44922.83167262153,49783.97675460271,False,2025-05-17
4-3,2025-05-18,2025-05-18 18:00:00,18,2025-05-18 18:10:00,2025-05-19 18:00:00,10800.0,6000.0,0.0,forecast,1.0,39015.219185595975,43123.273943691136,False,2025-05-17
4-3,2025-05-19,2025-05-19 00:00:00,0,2025-05-19 00:10:00,2025-05-20 00:00:00,7701.258208888457,6000.0,0.0,forecast,1.0,37256.57223757884,41105.65825167319,False,2025-05-18
4-3,2025-05-19,2025-05-19 06:00:00,6,2025-05-19 06:10:00,2025-05-20 06:00:00,10115.994444444445,6000.0,0.0,forecast,1.0,36940.03150111168,40760.12688260204,False,2025-05-18
4-3,2025-05-19,2025-05-19 12:00:00,12,2025-05-19 12:10:00,2025-05-20 12:00:00,10083.316958571759,6000.0,0.0,forecast,1.0,44644.91754590554,49840.88052329226,False,2025-05-18
4-3,2025-05-19,2025-05-19 18:00:00,18,2025-05-19 18:10:00,2025-05-20 18:00:00,10796.565116521992,6000.0,0.0,forecast,1.0,36885.74833219987,41102.554746920956,False,2025-05-18
4-3,2025-05-20,2025-05-20 00:00:00,0,2025-05-20 00:10:00,2025-05-21 00:00:00,7173.040983697194,6000.0,0.0,forecast,1.0,37452.80822544762,41317.30099121937,False,2025-05-19
4-3,2025-05-20,2025-05-20 06:00:00,6,2025-05-20 06:10:00,2025-05-21 06:00:00,10128.53287037037,6000.0,0.0,forecast,1.0,38637.2647647282,42737.269078869474,False,2025-05-19
4-3,2025-05-20,2025-05-20 12:00:00,12,2025-05-20 12:10:00,2025-05-21 12:00:00,8882.720363080778,6000.0,9.92705859350902e-16,forecast,1.0,38892.34471204634,42978.684314274644,False,2025-05-19
4-3,2025-05-20,2025-05-20 18:00:00,18,2025-05-20 18:10:00,2025-05-21 18:00:00,10800.0,6000.0,2.465915977847983e-16,forecast,1.0,43364.48027761317,48737.10411040786,False,2025-05-19
4-3,2025-05-21,2025-05-21 00:00:00,0,2025-05-21 00:10:00,2025-05-22 00:00:00,6974.279954356821,6000.0,0.0,forecast,1.0,35773.96120687491,39254.31665032994,False,2025-05-20
4-3,2025-05-21,2025-05-21 06:00:00,6,2025-05-21 06:10:00,2025-05-22 06:00:00,9215.872269565734,6000.0,0.0,forecast,1.0,39660.4460616046,43916.66246273126,False,2025-05-20
4-3,2025-05-21,2025-05-21 12:00:00,12,2025-05-21 12:10:00,2025-05-22 12:00:00,8308.640612645788,6000.0,7.36478431060371e-16,forecast,1.0,42561.6255664256,47208.40465317802,False,2025-05-20
4-3,2025-05-21,2025-05-21 18:00:00,18,2025-05-21 18:10:00,2025-05-22 18:00:00,10800.0,6000.0,2.7959752119232283e-16,forecast,1.0,39988.87506012074,44672.268938029185,False,2025-05-20
4-3,2025-05-22,2025-05-22 00:00:00,0,2025-05-22 00:10:00,2025-05-23 00:00:00,7024.290862818867,6000.0,0.0,forecast,1.0,37376.300295348956,41053.18943632291,False,2025-05-21
4-3,2025-05-22,2025-05-22 06:00:00,6,2025-05-22 06:10:00,2025-05-23 06:00:00,10133.057665972223,6000.0,0.0,forecast,1.0,34338.04783104452,37888.22265547263,False,2025-05-21
4-3,2025-05-22,2025-05-22 12:00:00,12,2025-05-22 12:10:00,2025-05-23 12:00:00,8353.102099305554,6000.0,0.0,forecast,1.0,35153.28406254553,39035.040223603704,False,2025-05-21
4-3,2025-05-22,2025-05-22 18:00:00,18,2025-05-22 18:10:00,2025-05-23 18:00:00,10800.0,6000.0,4.1327239148020033e-16,forecast,1.0,31415.6580424079,36167.90084152023,False,2025-05-21
4-3,2025-05-23,2025-05-23 00:00:00,0,2025-05-23 00:10:00,2025-05-24 00:00:00,7507.0491127023515,6000.0,0.0,forecast,1.0,12276.99745693495,14042.654723033354,False,2025-05-22
4-3,2025-05-23,2025-05-23 06:00:00,6,2025-05-23 06:10:00,2025-05-24 06:00:00,2767.223711421056,6000.0,0.0,forecast,1.0,14150.087061168819,16247.229610913237,False,2025-05-22
4-3,2025-05-23,2025-05-23 12:00:00,12,2025-05-23 12:10:00,2025-05-24 12:00:00,10800.0,6000.0,0.0,forecast,1.0,13660.13512220381,15616.609689857867,False,2025-05-22
4-3,2025-05-23,2025-05-23 18:00:00,18,2025-05-23 18:10:00,2025-05-24 18:00:00,10799.420398394097,6000.0,3.5917030176514034e-16,forecast,1.0,11900.375053798653,13678.277536885666,False,2025-05-22
4-3,2025-05-24,2025-05-24 00:00:00,0,2025-05-24 00:10:00,2025-05-25 00:00:00,7680.128397360533,6000.0,0.0,forecast,1.0,13132.346947773829,14888.459049739618,False,2025-05-23
4-3,2025-05-24,2025-05-24 06:00:00,6,2025-05-24 06:10:00,2025-05-25 06:00:00,2374.459778559126,6000.0,0.0,forecast,1.0,16960.24880305505,19081.5782990398,False,2025-05-23
4-3,2025-05-24,2025-05-24 12:00:00,12,2025-05-24 12:10:00,2025-05-25 12:00:00,10800.0,6000.0,0.0,forecast,1.0,15432.38875583877,17352.94371574449,False,2025-05-23
4-3,2025-05-24,2025-05-24 18:00:00,18,2025-05-24 18:10:00,2025-05-25 18:00:00,10800.0,6000.0,0.0,forecast,1.0,13711.265979856058,15508.15143010234,False,2025-05-23
4-3,2025-05-25,2025-05-25 00:00:00,0,2025-05-25 00:10:00,2025-05-26 00:00:00,7818.724104791523,6000.0,0.0,forecast,1.0,37535.832064220886,41378.79884660122,False,2025-05-24
4-3,2025-05-25,2025-05-25 06:00:00,6,2025-05-25 06:10:00,2025-05-26 06:00:00,10108.639748885997,6000.0,0.0,forecast,1.0,37138.06998489889,40915.55619514005,False,2025-05-24
4-3,2025-05-25,2025-05-25 12:00:00,12,2025-05-25 12:10:00,2025-05-26 12:00:00,10800.0,6000.0,2.537951726620422e-16,forecast,1.0,50419.30748791486,56186.03731883946,False,2025-05-24
4-3,2025-05-25,2025-05-25 18:00:00,18,2025-05-25 18:10:00,2025-05-26 18:00:00,10800.0,6000.0,2.2866785542168093e-16,forecast,1.0,45387.7451914906,50791.27875357117,False,2025-05-24
4-3,2025-05-26,2025-05-26 00:00:00,0,2025-05-26 00:10:00,2025-05-27 00:00:00,7454.109122557583,6000.0,0.0,forecast,1.0,36469.912736741026,40098.15459104684,False,2025-05-25
4-3,2025-05-26,2025-05-26 06:00:00,6,2025-05-26 06:10:00,2025-05-27 06:00:00,10133.17175925926,6000.0,1.6047134243044793e-15,forecast,1.0,37470.05315575577,41500.27918646433,False,2025-05-25
4-3,2025-05-26,2025-05-26 12:00:00,12,2025-05-26 12:10:00,2025-05-27 12:00:00,7155.282763044948,6000.0,4.868249459802123e-16,forecast,1.0,39035.70882165893,43067.69132247293,False,2025-05-25
4-3,2025-05-26,2025-05-26 18:00:00,18,2025-05-26 18:10:00,2025-05-27 18:00:00,10800.0,6000.0,0.0,forecast,1.0,42882.20795532965,47974.59492390674,False,2025-05-25
4-3,2025-05-27,2025-05-27 00:00:00,0,2025-05-27 00:10:00,2025-05-28 00:00:00,7263.24451406829,6000.0,0.0,forecast,1.0,34735.872999855215,38236.17668303561,False,2025-05-26
4-3,2025-05-27,2025-05-27 06:00:00,6,2025-05-27 06:10:00,2025-05-28 06:00:00,8496.231185169321,6000.0,0.0,forecast,1.0,39420.231706872124,43704.436246623045,False,2025-05-26
4-3,2025-05-27,2025-05-27 12:00:00,12,2025-05-27 12:10:00,2025-05-28 12:00:00,8032.902978507476,6000.0,0.0,forecast,1.0,41711.850389756386,46280.609695650994,False,2025-05-26
4-3,2025-05-27,2025-05-27 18:00:00,18,2025-05-27 18:10:00,2025-05-28 18:00:00,10800.0,6000.0,0.0,forecast,1.0,38055.92178485829,42834.12985306159,False,2025-05-26
4-3,2025-05-28,2025-05-28 00:00:00,0,2025-05-28 00:10:00,2025-05-29 00:00:00,7218.850758997828,6000.0,0.0,forecast,1.0,38693.43979815034,43064.86686723827,False,2025-05-27
4-3,2025-05-28,2025-05-28 06:00:00,6,2025-05-28 06:10:00,2025-05-29 06:00:00,10102.932407407407,6000.0,0.0,forecast,1.0,38342.35152254654,42617.18878848573,False,2025-05-27
4-3,2025-05-28,2025-05-28 12:00:00,12,2025-05-28 12:10:00,2025-05-29 12:00:00,8876.603807041618,6000.0,0.0,forecast,1.0,47612.1728280614,53003.90799119872,False,2025-05-27
4-3,2025-05-28,2025-05-28 18:00:00,18,2025-05-28 18:10:00,2025-05-29 18:00:00,10800.0,6000.0,0.0,forecast,1.0,38252.80262373788,42763.23445426698,False,2025-05-27
4-3,2025-05-29,2025-05-29 00:00:00,0,2025-05-29 00:10:00,2025-05-30 00:00:00,7372.612423912475,6000.0,0.0,forecast,1.0,37968.38261223912,42173.760079305765,False,2025-05-28
4-3,2025-05-29,2025-05-29 06:00:00,6,2025-05-29 06:10:00,2025-05-30 06:00:00,10131.785648148149,6000.0,5.976618659888165e-16,forecast,1.0,37570.74915746177,42158.096996907836,False,2025-05-28
4-3,2025-05-29,2025-05-29 12:00:00,12,2025-05-29 12:10:00,2025-05-30 12:00:00,8962.784586152202,6000.0,5.126010413350993e-16,forecast,1.0,37798.8660975618,42480.64206473278,False,2025-05-28
4-3,2025-05-29,2025-05-29 18:00:00,18,2025-05-29 18:10:00,2025-05-30 18:00:00,10800.0,6000.0,0.0,forecast,1.0,34035.07184747956,39291.21680860313,False,2025-05-28
4-3,2025-05-30,2025-05-30 00:00:00,0,2025-05-30 00:10:00,2025-05-31 00:00:00,7114.720680286844,6000.0,0.0,forecast,1.0,12566.971098111193,14389.668549634955,False,2025-05-29
4-3,2025-05-30,2025-05-30 06:00:00,6,2025-05-30 06:10:00,2025-05-31 06:00:00,2873.4847943774594,6000.0,0.0,forecast,1.0,14734.464044343038,16910.062381842465,False,2025-05-29
4-3,2025-05-30,2025-05-30 12:00:00,12,2025-05-30 12:10:00,2025-05-31 12:00:00,10800.0,6000.0,0.0,forecast,1.0,13535.237252326318,15497.697241439906,False,2025-05-29
4-3,2025-05-30,2025-05-30 18:00:00,18,2025-05-30 18:10:00,2025-05-31 18:00:00,10800.0,6000.0,0.0,forecast,1.0,12613.322334151111,14537.191855003042,False,2025-05-29
4-3,2025-05-31,2025-05-31 00:00:00,0,2025-05-31 00:10:00,2025-06-01 00:00:00,7751.000621551216,6000.0,0.0,forecast,1.0,13224.253105853997,15105.768123156877,False,2025-05-30
4-3,2025-05-31,2025-05-31 06:00:00,6,2025-05-31 06:10:00,2025-06-01 06:00:00,3134.0507050243223,6000.0,0.0,forecast,1.0,16559.70446034523,18749.32541389946,False,2025-05-30
4-3,2025-05-31,2025-05-31 12:00:00,12,2025-05-31 12:10:00,2025-06-01 12:00:00,10800.0,6000.0,0.0,forecast,1.0,14907.54679861567,16859.098932993882,False,2025-05-30
4-3,2025-05-31,2025-05-31 18:00:00,18,2025-05-31 18:10:00,2025-06-01 18:00:00,10800.0,6000.0,0.0,forecast,1.0,13757.778128307535,15607.341549141482,False,2025-05-30
4-3,2025-06-01,2025-06-01 00:00:00,0,2025-06-01 00:10:00,2025-06-02 00:00:00,7261.857908675588,6000.0,0.0,forecast,1.0,47041.01296066896,52728.73943258333,False,2025-05-31
4-3,2025-06-01,2025-06-01 06:00:00,6,2025-06-01 06:10:00,2025-06-02 06:00:00,8697.705739512396,6000.0,0.0,forecast,1.0,46852.40963998336,52467.345476017756,False,2025-05-31
4-3,2025-06-01,2025-06-01 12:00:00,12,2025-06-01 12:10:00,2025-06-02 12:00:00,7581.534939577887,6000.0,0.0,forecast,1.0,46393.436852195424,51634.85764139505,False,2025-05-31
4-3,2025-06-01,2025-06-01 18:00:00,18,2025-06-01 18:10:00,2025-06-02 18:00:00,10782.378784988523,6000.0,2.2337842041745117e-16,forecast,1.0,46153.09834626893,51835.77547320149,False,2025-05-31
4-3,2025-06-02,2025-06-02 00:00:00,0,2025-06-02 00:10:00,2025-06-03 00:00:00,5127.215246734375,6000.0,0.0,forecast,1.0,49787.94817257923,55983.83867299506,False,2025-06-01
4-3,2025-06-02,2025-06-02 06:00:00,6,2025-06-02 06:10:00,2025-06-03 06:00:00,8836.630432551216,6000.0,0.0,forecast,1.0,47754.70200681539,53642.665834733205,False,2025-06-01
4-3,2025-06-02,2025-06-02 12:00:00,12,2025-06-02 12:10:00,2025-06-03 12:00:00,9723.604882733409,6000.0,0.0,forecast,1.0,47869.81469203073,53709.114586137366,False,2025-06-01
4-3,2025-06-02,2025-06-02 18:00:00,18,2025-06-02 18:10:00,2025-06-03 18:00:00,10513.35097053506,6000.0,0.0,forecast,1.0,42393.842682286006,47337.07613584832,False,2025-06-01
4-3,2025-06-03,2025-06-03 00:00:00,0,2025-06-03 00:10:00,2025-06-04 00:00:00,5256.562607345486,6000.0,0.0,forecast,1.0,47518.165643651606,53322.807713017406,False,2025-06-02
4-3,2025-06-03,2025-06-03 06:00:00,6,2025-06-03 06:10:00,2025-06-04 06:00:00,9482.74952059563,6000.0,0.0,forecast,1.0,47996.00900185034,53749.22934512158,False,2025-06-02
4-3,2025-06-03,2025-06-03 12:00:00,12,2025-06-03 12:10:00,2025-06-04 12:00:00,10561.91810299551,6000.0,0.0,forecast,1.0,47624.16022907463,53240.3725768509,False,2025-06-02
4-3,2025-06-03,2025-06-03 18:00:00,18,2025-06-03 18:10:00,2025-06-04 18:00:00,10436.397671020444,6000.0,0.0,forecast,1.0,40069.83270717267,44974.06196619623,False,2025-06-02
4-3,2025-06-04,2025-06-04 00:00:00,0,2025-06-04 00:10:00,2025-06-05 00:00:00,5603.597208585938,6000.0,0.0,forecast,1.0,54765.37877358835,61901.8687419545,False,2025-06-03
4-3,2025-06-04,2025-06-04 06:00:00,6,2025-06-04 06:10:00,2025-06-05 06:00:00,9150.577439451486,6000.0,6.093464815294287e-16,forecast,1.0,53429.82005658111,60356.100570363415,False,2025-06-03
4-3,2025-06-04,2025-06-04 12:00:00,12,2025-06-04 12:10:00,2025-06-05 12:00:00,10800.0,6000.0,0.0,forecast,1.0,52200.58236745755,58734.95127079339,False,2025-06-03
4-3,2025-06-04,2025-06-04 18:00:00,18,2025-06-04 18:10:00,2025-06-05 18:00:00,10754.611874571085,6000.0,2.0467964465510786e-16,forecast,1.0,49662.30096648192,56031.96217574421,False,2025-06-03
4-3,2025-06-05,2025-06-05 00:00:00,0,2025-06-05 00:10:00,2025-06-06 00:00:00,5571.181729534577,6000.0,0.0,forecast,1.0,47041.151885127314,53031.063421790626,False,2025-06-04
4-3,2025-06-05,2025-06-05 06:00:00,6,2025-06-05 06:10:00,2025-06-06 06:00:00,9504.008959058157,6000.0,1.2705771388679788e-15,forecast,1.0,44891.95268919255,50826.44351389115,False,2025-06-04
4-3,2025-06-05,2025-06-05 12:00:00,12,2025-06-05 12:10:00,2025-06-06 12:00:00,9062.921525951531,6000.0,0.0,forecast,1.0,42614.43591140061,48236.15164115864,False,2025-06-04
4-3,2025-06-05,2025-06-05 18:00:00,18,2025-06-05 18:10:00,2025-06-06 18:00:00,10579.602348671295,6000.0,0.0,forecast,1.0,41811.88661382586,48746.014917990295,False,2025-06-04
4-3,2025-06-06,2025-06-06 00:00:00,0,2025-06-06 00:10:00,2025-06-07 00:00:00,5505.873586402633,6000.0,0.0,forecast,1.0,16274.895773128128,18965.306202154025,False,2025-06-05
4-3,2025-06-06,2025-06-06 06:00:00,6,2025-06-06 06:10:00,2025-06-07 06:00:00,3278.096353831889,6000.0,0.0,forecast,1.0,17359.990356466842,20245.71094700243,False,2025-06-05
4-3,2025-06-06,2025-06-06 12:00:00,12,2025-06-06 12:10:00,2025-06-07 12:00:00,9529.093814387445,6000.0,0.0,forecast,1.0,16413.465153265708,19023.093934856253,False,2025-06-05
4-3,2025-06-06,2025-06-06 18:00:00,18,2025-06-06 18:10:00,2025-06-07 18:00:00,10738.429343772907,6000.0,3.7170834080260556e-16,forecast,1.0,16558.471582315207,19568.264371417237,False,2025-06-05
4-3,2025-06-07,2025-06-07 00:00:00,0,2025-06-07 00:10:00,2025-06-08 00:00:00,5716.672821245225,6000.0,0.0,forecast,1.0,18375.49044203961,21895.5881065267,False,2025-06-06
4-3,2025-06-07,2025-06-07 06:00:00,6,2025-06-07 06:10:00,2025-06-08 06:00:00,5605.535244805121,6000.0,7.463798318680127e-16,forecast,1.0,21083.059288500357,24678.19774961214,False,2025-06-06
4-3,2025-06-07,2025-06-07 12:00:00,12,2025-06-07 12:10:00,2025-06-08 12:00:00,10800.0,6000.0,0.0,forecast,1.0,19690.381512268796,22600.78308225656,False,2025-06-06
4-3,2025-06-07,2025-06-07 18:00:00,18,2025-06-07 18:10:00,2025-06-08 18:00:00,10800.0,6000.0,0.0,forecast,1.0,17179.683012003214,19424.578974301185,False,2025-06-06
4-3,2025-06-08,2025-06-08 00:00:00,0,2025-06-08 00:10:00,2025-06-09 00:00:00,6364.126914262444,6000.0,1.268736261952288e-16,forecast,1.0,51057.77052942802,57348.066859312385,False,2025-06-07
4-3,2025-06-08,2025-06-08 06:00:00,6,2025-06-08 06:10:00,2025-06-09 06:00:00,10110.948148148149,6000.0,0.0,forecast,1.0,51857.684680391874,58332.03142723708,False,2025-06-07
4-3,2025-06-08,2025-06-08 12:00:00,12,2025-06-08 12:10:00,2025-06-09 12:00:00,10800.0,6000.0,0.0,forecast,1.0,50042.853427907045,56239.3614497449,False,2025-06-07
4-3,2025-06-08,2025-06-08 18:00:00,18,2025-06-08 18:10:00,2025-06-09 18:00:00,10800.0,6000.0,1.8911271585318922e-16,forecast,1.0,54736.269880745036,61712.85128608645,False,2025-06-07
4-3,2025-06-09,2025-06-09 00:00:00,0,2025-06-09 00:10:00,2025-06-10 00:00:00,6779.389087872394,6000.0,0.0,forecast,1.0,57552.985149914704,65037.923211319925,False,2025-06-08
4-3,2025-06-09,2025-06-09 06:00:00,6,2025-06-09 06:10:00,2025-06-10 06:00:00,10087.099074074074,6000.0,0.0,forecast,1.0,56615.41342762504,63889.76092158823,False,2025-06-08
4-3,2025-06-09,2025-06-09 12:00:00,12,2025-06-09 12:10:00,2025-06-10 12:00:00,10800.0,6000.0,0.0,forecast,1.0,63619.930756784546,71689.6948833793,False,2025-06-08
4-3,2025-06-09,2025-06-09 18:00:00,18,2025-06-09 18:10:00,2025-06-10 18:00:00,10800.0,6000.0,0.0,forecast,1.0,53503.32281913965,60673.43014932666,False,2025-06-08
4-3,2025-06-10,2025-06-10 00:00:00,0,2025-06-10 00:10:00,2025-06-11 00:00:00,6700.4329856005015,6000.0,0.0,forecast,1.0,52557.13840677517,59570.242511933306,False,2025-06-09
4-3,2025-06-10,2025-06-10 06:00:00,6,2025-06-10 06:10:00,2025-06-11 06:00:00,10118.294444444444,6000.0,0.0,forecast,1.0,51976.60158318505,58804.00631644686,False,2025-06-09
4-3,2025-06-10,2025-06-10 12:00:00,12,2025-06-10 12:10:00,2025-06-11 12:00:00,8620.038294946859,6000.0,4.516302618881696e-16,forecast,1.0,64367.85483577068,72565.39580528084,False,2025-06-09
4-3,2025-06-10,2025-06-10 18:00:00,18,2025-06-10 18:10:00,2025-06-11 18:00:00,10800.0,6000.0,0.0,forecast,1.0,64455.20336533799,72887.98344495789,False,2025-06-09
4-3,2025-06-11,2025-06-11 00:00:00,0,2025-06-11 00:10:00,2025-06-12 00:00:00,6689.531945666814,6000.0,0.0,forecast,1.0,58186.834638778506,65714.68379026806,False,2025-06-10
4-3,2025-06-11,2025-06-11 06:00:00,6,2025-06-11 06:10:00,2025-06-12 06:00:00,10075.911574074074,6000.0,1.6882259156925603e-15,forecast,1.0,56878.219855490344,64188.47595016164,False,2025-06-10
4-3,2025-06-11,2025-06-11 12:00:00,12,2025-06-11 12:10:00,2025-06-12 12:00:00,6933.841647419996,6000.0,9.189435384899134e-16,forecast,1.0,61605.99020154155,69189.0233933448,False,2025-06-10
4-3,2025-06-11,2025-06-11 18:00:00,18,2025-06-11 18:10:00,2025-06-12 18:00:00,10799.069873958333,6000.0,0.0,forecast,1.0,62558.4212218256,70598.49946784685,False,2025-06-10
4-3,2025-06-12,2025-06-12 00:00:00,0,2025-06-12 00:10:00,2025-06-13 00:00:00,6907.572401617527,6000.0,0.0,forecast,1.0,57330.42827226276,64509.69539706991,False,2025-06-11
4-3,2025-06-12,2025-06-12 06:00:00,6,2025-06-12 06:10:00,2025-06-13 06:00:00,10048.31712962963,6000.0,2.6721540193653096e-15,forecast,1.0,54200.915464350066,61210.8886100979,False,2025-06-11
4-3,2025-06-12,2025-06-12 12:00:00,12,2025-06-12 12:10:00,2025-06-13 12:00:00,10278.725681619359,6000.0,0.0,forecast,1.0,58238.07135603115,66666.8545531054,False,2025-06-11
4-3,2025-06-12,2025-06-12 18:00:00,18,2025-06-12 18:10:00,2025-06-13 18:00:00,10800.0,6000.0,0.0,forecast,1.0,49625.13714181946,57348.147589752785,False,2025-06-11
4-3,2025-06-13,2025-06-13 00:00:00,0,2025-06-13 00:10:00,2025-06-14 00:00:00,7131.121360536268,6000.0,0.0,forecast,1.0,19125.78160980279,21957.135048344706,False,2025-06-12
4-3,2025-06-13,2025-06-13 06:00:00,6,2025-06-13 06:10:00,2025-06-14 06:00:00,4680.568497022472,6000.0,0.0,forecast,1.0,20601.127924191038,23716.474263186232,False,2025-06-12
4-3,2025-06-13,2025-06-13 12:00:00,12,2025-06-13 12:10:00,2025-06-14 12:00:00,9043.121604429878,6000.0,0.0,forecast,1.0,19744.56705768044,22553.941801026085,False,2025-06-12
4-3,2025-06-13,2025-06-13 18:00:00,18,2025-06-13 18:10:00,2025-06-14 18:00:00,10783.379329202451,6000.0,0.0,forecast,1.0,19160.199394713454,22079.351784027564,False,2025-06-12
4-3,2025-06-14,2025-06-14 00:00:00,0,2025-06-14 00:10:00,2025-06-15 00:00:00,7220.2748017275735,6000.0,0.0,forecast,1.0,19491.422175145628,22360.53699684841,False,2025-06-13
4-3,2025-06-14,2025-06-14 06:00:00,6,2025-06-14 06:10:00,2025-06-15 06:00:00,4465.655739902779,6000.0,0.0,forecast,1.0,23270.085842763066,26439.671337233165,False,2025-06-13
4-3,2025-06-14,2025-06-14 12:00:00,12,2025-06-14 12:10:00,2025-06-15 12:00:00,10800.0,6000.0,0.0,forecast,1.0,21516.097263149753,24370.49468464913,False,2025-06-13
4-3,2025-06-14,2025-06-14 18:00:00,18,2025-06-14 18:10:00,2025-06-15 18:00:00,10800.0,6000.0,0.0,forecast,1.0,21463.333177723714,24216.025179499527,False,2025-06-13
4-3,2025-06-15,2025-06-15 00:00:00,0,2025-06-15 00:10:00,2025-06-16 00:00:00,7522.114613421055,6000.0,0.0,forecast,1.0,55564.44360978206,61919.87315467316,False,2025-06-14
4-3,2025-06-15,2025-06-15 06:00:00,6,2025-06-15 06:10:00,2025-06-16 06:00:00,10114.9,6000.0,0.0,forecast,1.0,58146.243100965716,65193.585582234875,False,2025-06-14
4-3,2025-06-15,2025-06-15 12:00:00,12,2025-06-15 12:10:00,2025-06-16 12:00:00,8880.97304052213,6000.0,0.0,forecast,1.0,63013.57696110809,70463.27964557524,False,2025-06-14
4-3,2025-06-15,2025-06-15 18:00:00,18,2025-06-15 18:10:00,2025-06-16 18:00:00,10800.0,6000.0,0.0,forecast,1.0,69399.7214747949,77829.13726517488,False,2025-06-14
4-3,2025-06-16,2025-06-16 00:00:00,0,2025-06-16 00:10:00,2025-06-17 00:00:00,7932.4552112773445,6000.0,0.0,forecast,1.0,58770.039068316255,65751.95862182765,False,2025-06-15
4-3,2025-06-16,2025-06-16 06:00:00,6,2025-06-16 06:10:00,2025-06-17 06:00:00,9997.138449479166,6000.0,0.0,forecast,1.0,59464.652303470124,66631.80870164867,False,2025-06-15
4-3,2025-06-16,2025-06-16 12:00:00,12,2025-06-16 12:10:00,2025-06-17 12:00:00,8332.929241625863,6000.0,2.7996625766788382e-16,forecast,1.0,64680.15415508559,72228.590956985,False,2025-06-15
4-3,2025-06-16,2025-06-16 18:00:00,18,2025-06-16 18:10:00,2025-06-17 18:00:00,10800.0,6000.0,0.0,forecast,1.0,68873.07402974326,77510.80127974927,False,2025-06-15
4-3,2025-06-17,2025-06-17 00:00:00,0,2025-06-17 00:10:00,2025-06-18 00:00:00,7910.723169928096,6000.0,0.0,forecast,1.0,60282.190206972504,67450.60844076464,False,2025-06-16
4-3,2025-06-17,2025-06-17 06:00:00,6,2025-06-17 06:10:00,2025-06-18 06:00:00,10105.70925925926,6000.0,0.0,forecast,1.0,62991.51856725931,70411.36719256549,False,2025-06-16
4-3,2025-06-17,2025-06-17 12:00:00,12,2025-06-17 12:10:00,2025-06-18 12:00:00,8597.979112693523,6000.0,5.496271299207841e-16,forecast,1.0,66476.02899804455,74453.40713007722,False,2025-06-16
4-3,2025-06-17,2025-06-17 18:00:00,18,2025-06-17 18:10:00,2025-06-18 18:00:00,10800.0,6000.0,0.0,forecast,1.0,67085.45152178459,75241.694544036,False,2025-06-16
4-3,2025-06-18,2025-06-18 00:00:00,0,2025-06-18 00:10:00,2025-06-19 00:00:00,7617.578082709395,6000.0,0.0,forecast,1.0,60923.88882289665,68190.17285685791,False,2025-06-17
4-3,2025-06-18,2025-06-18 06:00:00,6,2025-06-18 06:10:00,2025-06-19 06:00:00,10145.591203703703,6000.0,0.0,forecast,1.0,63203.220536902445,70834.41431934047,False,2025-06-17
4-3,2025-06-18,2025-06-18 12:00:00,12,2025-06-18 12:10:00,2025-06-19 12:00:00,10090.78291709539,6000.0,0.0,forecast,1.0,66536.54733393173,74284.81200472338,False,2025-06-17
4-3,2025-06-18,2025-06-18 18:00:00,18,2025-06-18 18:10:00,2025-06-19 18:00:00,10800.0,6000.0,0.0,forecast,1.0,67231.1433355908,75157.53312467539,False,2025-06-17
4-3,2025-06-19,2025-06-19 00:00:00,0,2025-06-19 00:10:00,2025-06-20 00:00:00,8084.798821335263,6000.0,2.317999683749028e-16,forecast,1.0,56374.63961635329,62777.896441166275,False,2025-06-18
4-3,2025-06-19,2025-06-19 06:00:00,6,2025-06-19 06:10:00,2025-06-20 06:00:00,10085.644907407408,6000.0,0.0,forecast,1.0,56179.88749496989,62772.35592281229,False,2025-06-18
4-3,2025-06-19,2025-06-19 12:00:00,12,2025-06-19 12:10:00,2025-06-20 12:00:00,10800.0,6000.0,9.01801547764094e-16,forecast,1.0,57193.6404870064,64612.020746346214,False,2025-06-18
4-3,2025-06-19,2025-06-19 18:00:00,18,2025-06-19 18:10:00,2025-06-20 18:00:00,10800.0,6000.0,0.0,forecast,1.0,47897.02296718565,54681.283049044454,False,2025-06-18
4-3,2025-06-20,2025-06-20 00:00:00,0,2025-06-20 00:10:00,2025-06-21 00:00:00,7961.117645777728,6000.0,0.0,forecast,1.0,21248.724537958366,24045.923709580922,False,2025-06-19
4-3,2025-06-20,2025-06-20 06:00:00,6,2025-06-20 06:10:00,2025-06-21 06:00:00,4270.653295301988,6000.0,4.430452154910625e-16,forecast,1.0,23519.290180026837,26696.66169942202,False,2025-06-19
4-3,2025-06-20,2025-06-20 12:00:00,12,2025-06-20 12:10:00,2025-06-21 12:00:00,10800.0,6000.0,0.0,forecast,1.0,25382.43413007859,28950.44752463633,False,2025-06-19
4-3,2025-06-20,2025-06-20 18:00:00,18,2025-06-20 18:10:00,2025-06-21 18:00:00,10800.0,6000.0,0.0,forecast,1.0,17074.642095177802,19359.473972576772,False,2025-06-19
4-3,2025-06-21,2025-06-21 00:00:00,0,2025-06-21 00:10:00,2025-06-22 00:00:00,8202.711397296633,6000.0,0.0,forecast,1.0,20585.1383262581,23327.63842143721,False,2025-06-20
4-3,2025-06-21,2025-06-21 06:00:00,6,2025-06-21 06:10:00,2025-06-22 06:00:00,4005.8628516747276,6000.0,3.567505873654829e-16,forecast,1.0,24679.479085824845,27840.83507991387,False,2025-06-20
4-3,2025-06-21,2025-06-21 12:00:00,12,2025-06-21 12:10:00,2025-06-22 12:00:00,10800.0,6000.0,0.0,forecast,1.0,22925.135641940287,25787.46764061827,False,2025-06-20
4-3,2025-06-21,2025-06-21 18:00:00,18,2025-06-21 18:10:00,2025-06-22 18:00:00,10800.0,6000.0,0.0,forecast,1.0,20831.67066872526,23444.327619707947,False,2025-06-20
4-3,2025-06-22,2025-06-22 00:00:00,0,2025-06-22 00:10:00,2025-06-23 00:00:00,8308.328164855084,6000.0,0.0,forecast,1.0,53840.197190643536,60165.61370199048,False,2025-06-21
4-3,2025-06-22,2025-06-22 06:00:00,6,2025-06-22 06:10:00,2025-06-23 06:00:00,10800.0,6000.0,0.0,forecast,1.0,58686.17571489761,65702.20537230534,False,2025-06-21
4-3,2025-06-22,2025-06-22 12:00:00,12,2025-06-22 12:10:00,2025-06-23 12:00:00,10800.0,6000.0,0.0,forecast,1.0,60911.966523935436,67974.96774464891,False,2025-06-21
4-3,2025-06-22,2025-06-22 18:00:00,18,2025-06-22 18:10:00,2025-06-23 18:00:00,10800.0,6000.0,0.0,forecast,1.0,65246.7599660658,72936.7000518798,False,2025-06-21
4-3,2025-06-23,2025-06-23 00:00:00,0,2025-06-23 00:10:00,2025-06-24 00:00:00,8143.287545396799,6000.0,0.0,forecast,1.0,55657.65748079637,61850.20128029979,False,2025-06-22
4-3,2025-06-23,2025-06-23 06:00:00,6,2025-06-23 06:10:00,2025-06-24 06:00:00,10108.193055555555,6000.0,0.0,forecast,1.0,56384.17300950123,62616.15905753008,False,2025-06-22
4-3,2025-06-23,2025-06-23 12:00:00,12,2025-06-23 12:10:00,2025-06-24 12:00:00,10800.0,6000.0,6.928541645457198e-16,forecast,1.0,56708.59608842894,62802.86733337613,False,2025-06-22
4-3,2025-06-23,2025-06-23 18:00:00,18,2025-06-23 18:10:00,2025-06-24 18:00:00,10800.0,6000.0,0.0,forecast,1.0,63526.90410527584,71034.79909776573,False,2025-06-22
4-3,2025-06-24,2025-06-24 00:00:00,0,2025-06-24 00:10:00,2025-06-25 00:00:00,7926.7827932121445,6000.0,0.0,forecast,1.0,64762.56409137004,72454.47483434659,False,2025-06-23
4-3,2025-06-24,2025-06-24 06:00:00,6,2025-06-24 06:10:00,2025-06-25 06:00:00,10781.255330295138,6000.0,0.0,forecast,1.0,63192.46052770762,70653.58349256971,False,2025-06-23
4-3,2025-06-24,2025-06-24 12:00:00,12,2025-06-24 12:10:00,2025-06-25 12:00:00,8359.792349083815,6000.0,7.047638898024878e-16,forecast,1.0,62805.099406048714,69838.42052696669,False,2025-06-23
4-3,2025-06-24,2025-06-24 18:00:00,18,2025-06-24 18:10:00,2025-06-25 18:00:00,10800.0,6000.0,0.0,forecast,1.0,68916.2003088134,76988.8723708617,False,2025-06-23
4-3,2025-06-25,2025-06-25 00:00:00,0,2025-06-25 00:10:00,2025-06-26 00:00:00,8081.664223035689,6000.0,0.0,forecast,1.0,56445.335063764025,62715.756552133316,False,2025-06-24
4-3,2025-06-25,2025-06-25 06:00:00,6,2025-06-25 06:10:00,2025-06-26 06:00:00,10800.0,6000.0,0.0,forecast,1.0,58438.330700645325,65018.364503485,False,2025-06-24
4-3,2025-06-25,2025-06-25 12:00:00,12,2025-06-25 12:10:00,2025-06-26 12:00:00,10425.267389728586,6000.0,0.0,forecast,1.0,63741.62979866422,71047.93279063818,False,2025-06-24
4-3,2025-06-25,2025-06-25 18:00:00,18,2025-06-25 18:10:00,2025-06-26 18:00:00,10800.0,6000.0,3.760651667595034e-16,forecast,1.0,55997.9855921125,62315.20161979846,False,2025-06-24
4-3,2025-06-26,2025-06-26 00:00:00,0,2025-06-26 00:10:00,2025-06-27 00:00:00,7896.133054539934,6000.0,0.0,forecast,1.0,53646.5906800212,59479.68410288231,False,2025-06-25
4-3,2025-06-26,2025-06-26 06:00:00,6,2025-06-26 06:10:00,2025-06-27 06:00:00,10106.175,6000.0,1.0526279876906374e-15,forecast,1.0,53172.39825814204,59344.33948965222,False,2025-06-25
4-3,2025-06-26,2025-06-26 12:00:00,12,2025-06-26 12:10:00,2025-06-27 12:00:00,9425.163243781826,6000.0,0.0,forecast,1.0,53245.01432105087,59734.82879140028,False,2025-06-25
4-3,2025-06-26,2025-06-26 18:00:00,18,2025-06-26 18:10:00,2025-06-27 18:00:00,10800.0,6000.0,4.507064717477725e-16,forecast,1.0,48791.843046458715,55813.9605962511,False,2025-06-25
4-3,2025-06-27,2025-06-27 00:00:00,0,2025-06-27 00:10:00,2025-06-28 00:00:00,7708.63601052966,6000.0,0.0,forecast,1.0,21118.477111249616,23936.434789109328,False,2025-06-26
4-3,2025-06-27,2025-06-27 06:00:00,6,2025-06-27 06:10:00,2025-06-28 06:00:00,4861.664852844135,6000.0,0.0,forecast,1.0,22974.53823542326,26080.114281286194,False,2025-06-26
4-3,2025-06-27,2025-06-27 12:00:00,12,2025-06-27 12:10:00,2025-06-28 12:00:00,10800.0,6000.0,4.143354730133897e-16,forecast,1.0,23415.051255180086,26559.756379030445,False,2025-06-26
4-3,2025-06-27,2025-06-27 18:00:00,18,2025-06-27 18:10:00,2025-06-28 18:00:00,10800.0,6000.0,4.3721389749535173e-16,forecast,1.0,18345.288923998938,20798.48985196077,False,2025-06-26
4-3,2025-06-28,2025-06-28 00:00:00,0,2025-06-28 00:10:00,2025-06-29 00:00:00,8106.983318517269,6000.0,0.0,forecast,1.0,19769.533201590675,22403.4365935778,False,2025-06-27
4-3,2025-06-28,2025-06-28 06:00:00,6,2025-06-28 06:10:00,2025-06-29 06:00:00,3963.084920148824,6000.0,7.26534038500429e-16,forecast,1.0,23952.917233903107,26987.426625849643,False,2025-06-27
4-3,2025-06-28,2025-06-28 12:00:00,12,2025-06-28 12:10:00,2025-06-29 12:00:00,10800.0,6000.0,0.0,forecast,1.0,22926.89842032257,25760.322804595748,False,2025-06-27
4-3,2025-06-28,2025-06-28 18:00:00,18,2025-06-28 18:10:00,2025-06-29 18:00:00,10800.0,6000.0,0.0,forecast,1.0,20719.273257222172,23219.48488386581,False,2025-06-27
4-3,2025-06-29,2025-06-29 00:00:00,0,2025-06-29 00:10:00,2025-06-30 00:00:00,8037.868514131509,6000.0,0.0,forecast,1.0,52158.32057562053,57819.04925203715,False,2025-06-28
4-3,2025-06-29,2025-06-29 06:00:00,6,2025-06-29 06:10:00,2025-06-30 06:00:00,10800.0,6000.0,0.0,forecast,1.0,55866.03260548668,62031.64262352435,False,2025-06-28
4-3,2025-06-29,2025-06-29 12:00:00,12,2025-06-29 12:10:00,2025-06-30 12:00:00,9249.439054736975,6000.0,2.752176976837177e-16,forecast,1.0,57443.18808350222,63808.32823946827,False,2025-06-28
4-3,2025-06-29,2025-06-29 18:00:00,18,2025-06-29 18:10:00,2025-06-30 18:00:00,10800.0,6000.0,0.0,forecast,1.0,61771.247376728774,69060.3578769195,False,2025-06-28
4-3,2025-06-30,2025-06-30 00:00:00,0,2025-06-30 00:10:00,2025-07-01 00:00:00,8052.194799251305,6000.0,0.0,forecast,1.0,56707.048289113096,63247.73492564509,False,2025-06-29
4-3,2025-06-30,2025-06-30 06:00:00,6,2025-06-30 06:10:00,2025-07-01 06:00:00,10087.868518518519,6000.0,1.520570396509055e-15,forecast,1.0,57385.21849202574,63853.669761767436,False,2025-06-29
4-3,2025-06-30,2025-06-30 12:00:00,12,2025-06-30 12:10:00,2025-07-01 12:00:00,10411.86420645602,6000.0,3.7887347682025083e-16,forecast,1.0,55030.249261577635,60786.1791030311,False,2025-06-29
4-3,2025-06-30,2025-06-30 18:00:00,18,2025-06-30 18:10:00,2025-07-01 18:00:00,10800.0,6000.0,2.5013559960884723e-16,forecast,1.0,47427.774310956986,52316.28724684294,False,2025-06-29
4-3,2025-07-01,2025-07-01 00:00:00,0,2025-07-01 00:10:00,2025-07-02 00:00:00,7380.531664656495,6000.0,0.0,forecast,1.0,50406.70804154807,55607.14668380137,False,2025-06-30
4-3,2025-07-01,2025-07-01 06:00:00,6,2025-07-01 06:10:00,2025-07-02 06:00:00,7972.100777859807,6000.0,0.0,forecast,1.0,54061.183328626044,59679.374231524554,False,2025-06-30
4-3,2025-07-01,2025-07-01 12:00:00,12,2025-07-01 12:10:00,2025-07-02 12:00:00,6955.319703515284,6000.0,0.0,forecast,1.0,53781.80377117718,59467.86395579108,False,2025-06-30
4-3,2025-07-01,2025-07-01 18:00:00,18,2025-07-01 18:10:00,2025-07-02 18:00:00,7606.263052103014,6000.0,0.0,forecast,1.0,52558.11720835045,57619.143644402124,False,2025-06-30
4-3,2025-07-02,2025-07-02 00:00:00,0,2025-07-02 00:10:00,2025-07-03 00:00:00,5371.587086527779,6000.0,0.0,forecast,1.0,53779.18821235081,59358.32898492084,False,2025-07-01
4-3,2025-07-02,2025-07-02 06:00:00,6,2025-07-02 06:10:00,2025-07-03 06:00:00,8218.08827364916,6000.0,1.9212633311651142e-15,forecast,1.0,53831.95817780519,59402.496834710786,False,2025-07-01
4-3,2025-07-02,2025-07-02 12:00:00,12,2025-07-02 12:10:00,2025-07-03 12:00:00,6714.997195838397,6000.0,3.4188300841662373e-16,forecast,1.0,55978.17245245354,61953.10083260457,False,2025-07-01
4-3,2025-07-02,2025-07-02 18:00:00,18,2025-07-02 18:10:00,2025-07-03 18:00:00,10370.209495534435,6000.0,0.0,forecast,1.0,60500.83749188138,67434.96740258447,False,2025-07-01
4-3,2025-07-03,2025-07-03 00:00:00,0,2025-07-03 00:10:00,2025-07-04 00:00:00,6066.4600502513495,6000.0,0.0,forecast,1.0,59941.15355959107,66923.82356474212,False,2025-07-02
4-3,2025-07-03,2025-07-03 06:00:00,6,2025-07-03 06:10:00,2025-07-04 06:00:00,8498.280812583718,6000.0,0.0,forecast,1.0,59409.799923427294,66842.02952990952,False,2025-07-02
4-3,2025-07-03,2025-07-03 12:00:00,12,2025-07-03 12:10:00,2025-07-04 12:00:00,9467.59132686926,6000.0,8.404490223589281e-16,forecast,1.0,55573.184977667835,62399.98821087585,False,2025-07-02
4-3,2025-07-03,2025-07-03 18:00:00,18,2025-07-03 18:10:00,2025-07-04 18:00:00,10576.731644558835,6000.0,2.246459427700574e-16,forecast,1.0,51725.197447146114,59000.983432212764,False,2025-07-02
4-3,2025-07-04,2025-07-04 00:00:00,0,2025-07-04 00:10:00,2025-07-05 00:00:00,5760.525036382716,6000.0,0.0,forecast,1.0,19103.3982126357,21608.347793336245,False,2025-07-03
4-3,2025-07-04,2025-07-04 06:00:00,6,2025-07-04 06:10:00,2025-07-05 06:00:00,2365.818015507861,6000.0,0.0,forecast,1.0,22155.414856199528,25206.569831192995,False,2025-07-03
4-3,2025-07-04,2025-07-04 12:00:00,12,2025-07-04 12:10:00,2025-07-05 12:00:00,10800.0,6000.0,0.0,forecast,1.0,22367.85186319746,25554.44815837736,False,2025-07-03
4-3,2025-07-04,2025-07-04 18:00:00,18,2025-07-04 18:10:00,2025-07-05 18:00:00,10025.879586615885,6000.0,0.0,forecast,1.0,19918.09256891089,22458.781816964503,False,2025-07-03
4-3,2025-07-05,2025-07-05 00:00:00,0,2025-07-05 00:10:00,2025-07-06 00:00:00,5575.943776278211,6000.0,0.0,forecast,1.0,23280.33887420167,26430.245920774618,False,2025-07-04
4-3,2025-07-05,2025-07-05 06:00:00,6,2025-07-05 06:10:00,2025-07-06 06:00:00,3969.2295528702252,6000.0,0.0,forecast,1.0,27140.379188498395,30525.04443428214,False,2025-07-04
4-3,2025-07-05,2025-07-05 12:00:00,12,2025-07-05 12:10:00,2025-07-06 12:00:00,10800.0,6000.0,0.0,forecast,1.0,29619.924174273336,33385.309130321344,False,2025-07-04
4-3,2025-07-05,2025-07-05 18:00:00,18,2025-07-05 18:10:00,2025-07-06 18:00:00,10358.098580554592,6000.0,0.0,forecast,1.0,26838.560763893667,30026.553906177345,False,2025-07-04
4-3,2025-07-06,2025-07-06 00:00:00,0,2025-07-06 00:10:00,2025-07-07 00:00:00,6688.892298275897,6000.0,0.0,forecast,1.0,54747.471364688565,60932.23238954961,False,2025-07-05
4-3,2025-07-06,2025-07-06 06:00:00,6,2025-07-06 06:10:00,2025-07-07 06:00:00,7733.119157047693,6000.0,0.0,forecast,1.0,62686.51463403974,69920.34083656993,False,2025-07-05
4-3,2025-07-06,2025-07-06 12:00:00,12,2025-07-06 12:10:00,2025-07-07 12:00:00,7426.19411063074,6000.0,6.215982996832269e-16,forecast,1.0,60926.20072201713,67922.50255705434,False,2025-07-05
4-3,2025-07-06,2025-07-06 18:00:00,18,2025-07-06 18:10:00,2025-07-07 18:00:00,10800.0,6000.0,0.0,forecast,1.0,49553.57678388078,55236.5690153107,False,2025-07-05
4-3,2025-07-07,2025-07-07 00:00:00,0,2025-07-07 00:10:00,2025-07-08 00:00:00,4983.805277139756,6000.0,1.1247752429269534e-16,forecast,1.0,57660.30063037297,64688.09865228867,False,2025-07-06
4-3,2025-07-07,2025-07-07 06:00:00,6,2025-07-07 06:10:00,2025-07-08 06:00:00,8380.34916951119,6000.0,0.0,forecast,1.0,57319.712941085214,64112.25383864186,False,2025-07-06
4-3,2025-07-07,2025-07-07 12:00:00,12,2025-07-07 12:10:00,2025-07-08 12:00:00,7058.957712771318,6000.0,0.0,forecast,1.0,64549.22664998453,71967.97980490993,False,2025-07-06
4-3,2025-07-07,2025-07-07 18:00:00,18,2025-07-07 18:10:00,2025-07-08 18:00:00,10800.0,6000.0,0.0,forecast,1.0,57910.842074485314,64469.02681597172,False,2025-07-06
4-3,2025-07-08,2025-07-08 00:00:00,0,2025-07-08 00:10:00,2025-07-09 00:00:00,6025.114607928482,6000.0,0.0,forecast,1.0,68284.49621097164,76055.76382087843,False,2025-07-07
4-3,2025-07-08,2025-07-08 06:00:00,6,2025-07-08 06:10:00,2025-07-09 06:00:00,10045.1875,6000.0,0.0,forecast,1.0,67833.0055201097,75442.82667982354,False,2025-07-07
4-3,2025-07-08,2025-07-08 12:00:00,12,2025-07-08 12:10:00,2025-07-09 12:00:00,10800.0,6000.0,8.80232565958292e-16,forecast,1.0,74343.15270110444,83079.144246665,False,2025-07-07
4-3,2025-07-08,2025-07-08 18:00:00,18,2025-07-08 18:10:00,2025-07-09 18:00:00,10800.0,6000.0,3.4457616274796627e-16,forecast,1.0,65090.916684801836,72587.63878308338,False,2025-07-07
4-3,2025-07-09,2025-07-09 00:00:00,0,2025-07-09 00:10:00,2025-07-10 00:00:00,7708.518532835264,6000.0,0.0,forecast,1.0,66823.9412235934,74587.92907735067,False,2025-07-08
4-3,2025-07-09,2025-07-09 06:00:00,6,2025-07-09 06:10:00,2025-07-10 06:00:00,10077.123148148148,6000.0,3.023068919881725e-15,forecast,1.0,66768.77036140396,74425.73040666486,False,2025-07-08
4-3,2025-07-09,2025-07-09 12:00:00,12,2025-07-09 12:10:00,2025-07-10 12:00:00,10800.0,6000.0,0.0,forecast,1.0,77608.37708603383,86604.55999591856,False,2025-07-08
4-3,2025-07-09,2025-07-09 18:00:00,18,2025-07-09 18:10:00,2025-07-10 18:00:00,10800.0,6000.0,0.0,forecast,1.0,67653.95732328939,75550.72704972042,False,2025-07-08
4-3,2025-07-10,2025-07-10 00:00:00,0,2025-07-10 00:10:00,2025-07-11 00:00:00,7996.0592928609185,6000.0,0.0,forecast,1.0,61743.330051326935,68596.57708249628,False,2025-07-09
4-3,2025-07-10,2025-07-10 06:00:00,6,2025-07-10 06:10:00,2025-07-11 06:00:00,10067.50925925926,6000.0,0.0,forecast,1.0,60793.36041400551,67692.88624449352,False,2025-07-09
4-3,2025-07-10,2025-07-10 12:00:00,12,2025-07-10 12:10:00,2025-07-11 12:00:00,8236.262450099446,6000.0,8.348342855548944e-16,forecast,1.0,65880.89070713136,74571.01570512645,False,2025-07-09
4-3,2025-07-10,2025-07-10 18:00:00,18,2025-07-10 18:10:00,2025-07-11 18:00:00,10800.0,6000.0,0.0,forecast,1.0,58955.569788375615,67460.33414787294,False,2025-07-09
4-3,2025-07-11,2025-07-11 00:00:00,0,2025-07-11 00:10:00,2025-07-12 00:00:00,7510.417920925492,6000.0,0.0,forecast,1.0,25439.20474313881,28696.058419364308,False,2025-07-10
4-3,2025-07-11,2025-07-11 06:00:00,6,2025-07-11 06:10:00,2025-07-12 06:00:00,4730.921861597658,6000.0,0.0,forecast,1.0,27578.40344318658,31243.82089413945,False,2025-07-10
4-3,2025-07-11,2025-07-11 12:00:00,12,2025-07-11 12:10:00,2025-07-12 12:00:00,10438.746882893955,6000.0,0.0,forecast,1.0,30309.549709950683,34786.55588354089,False,2025-07-10
4-3,2025-07-11,2025-07-11 18:00:00,18,2025-07-11 18:10:00,2025-07-12 18:00:00,10800.0,6000.0,0.0,forecast,1.0,26765.163532739738,30370.53866279496,False,2025-07-10
4-3,2025-07-12,2025-07-12 00:00:00,0,2025-07-12 00:10:00,2025-07-13 00:00:00,6615.439255383248,6000.0,0.0,forecast,1.0,26367.220598050495,29820.38911623812,False,2025-07-11
4-3,2025-07-12,2025-07-12 06:00:00,6,2025-07-12 06:10:00,2025-07-13 06:00:00,5173.299530901958,6000.0,0.0,forecast,1.0,31698.449879267268,35610.862671140814,False,2025-07-11
4-3,2025-07-12,2025-07-12 12:00:00,12,2025-07-12 12:10:00,2025-07-13 12:00:00,10800.0,6000.0,0.0,forecast,1.0,31908.34231863634,35814.36611283536,False,2025-07-11
4-3,2025-07-12,2025-07-12 18:00:00,18,2025-07-12 18:10:00,2025-07-13 18:00:00,10800.0,6000.0,0.0,forecast,1.0,27694.389915502314,30952.86967008284,False,2025-07-11
4-3,2025-07-13,2025-07-13 00:00:00,0,2025-07-13 00:10:00,2025-07-14 00:00:00,6837.099441025273,6000.0,0.0,forecast,1.0,65634.43460685154,73015.41364850514,False,2025-07-12
4-3,2025-07-13,2025-07-13 06:00:00,6,2025-07-13 06:10:00,2025-07-14 06:00:00,10064.354166666666,6000.0,0.0,forecast,1.0,64997.91802433136,72200.92607058736,False,2025-07-12
4-3,2025-07-13,2025-07-13 12:00:00,12,2025-07-13 12:10:00,2025-07-14 12:00:00,10456.015070417003,6000.0,0.0,forecast,1.0,73425.78222543954,81898.2860980605,False,2025-07-12
4-3,2025-07-13,2025-07-13 18:00:00,18,2025-07-13 18:10:00,2025-07-14 18:00:00,10800.0,6000.0,0.0,forecast,1.0,67598.90420103198,75858.10992006912,False,2025-07-12
4-3,2025-07-14,2025-07-14 00:00:00,0,2025-07-14 00:10:00,2025-07-15 00:00:00,6954.8141369782525,6000.0,0.0,forecast,1.0,61809.75509164913,69095.24029391291,False,2025-07-13
4-3,2025-07-14,2025-07-14 06:00:00,6,2025-07-14 06:10:00,2025-07-15 06:00:00,10029.172685185185,6000.0,0.0,forecast,1.0,62079.15708437815,69149.84434161149,False,2025-07-13
4-3,2025-07-14,2025-07-14 12:00:00,12,2025-07-14 12:10:00,2025-07-15 12:00:00,10381.175290321036,6000.0,2.8000301782668294e-16,forecast,1.0,64766.1324411136,72070.42925412941,False,2025-07-13
4-3,2025-07-14,2025-07-14 18:00:00,18,2025-07-14 18:10:00,2025-07-15 18:00:00,10748.692060821759,6000.0,0.0,forecast,1.0,69174.87935926474,77406.77676338977,False,2025-07-13
4-3,2025-07-15,2025-07-15 00:00:00,0,2025-07-15 00:10:00,2025-07-16 00:00:00,7637.378439580053,6000.0,0.0,forecast,1.0,68854.46798937934,76585.99275892013,False,2025-07-14
4-3,2025-07-15,2025-07-15 06:00:00,6,2025-07-15 06:10:00,2025-07-16 06:00:00,10036.193055555555,6000.0,0.0,forecast,1.0,68915.36563695846,76611.72706452501,False,2025-07-14
4-3,2025-07-15,2025-07-15 12:00:00,12,2025-07-15 12:10:00,2025-07-16 12:00:00,10800.0,6000.0,7.8517117084338e-16,forecast,1.0,71909.58073979442,79997.2215807494,False,2025-07-14
4-3,2025-07-15,2025-07-15 18:00:00,18,2025-07-15 18:10:00,2025-07-16 18:00:00,10800.0,6000.0,0.0,forecast,1.0,64235.85331641413,71434.47984803778,False,2025-07-14
4-3,2025-07-16,2025-07-16 00:00:00,0,2025-07-16 00:10:00,2025-07-17 00:00:00,8351.053200863815,6000.0,0.0,forecast,1.0,66456.87982439499,73752.61348009367,False,2025-07-15
4-3,2025-07-16,2025-07-16 06:00:00,6,2025-07-16 06:10:00,2025-07-17 06:00:00,9935.465740740741,6000.0,0.0,forecast,1.0,66188.92618289334,73374.89456576828,False,2025-07-15
4-3,2025-07-16,2025-07-16 12:00:00,12,2025-07-16 12:10:00,2025-07-17 12:00:00,10800.0,6000.0,0.0,forecast,1.0,74636.34385664157,82915.09916985569,False,2025-07-15
4-3,2025-07-16,2025-07-16 18:00:00,18,2025-07-16 18:10:00,2025-07-17 18:00:00,10800.0,6000.0,0.0,forecast,1.0,73239.8327068606,81353.99220084847,False,2025-07-15
4-3,2025-07-17,2025-07-17 00:00:00,0,2025-07-17 00:10:00,2025-07-18 00:00:00,7949.109213829232,6000.0,0.0,forecast,1.0,64285.65331009893,71437.5962933519,False,2025-07-16
4-3,2025-07-17,2025-07-17 06:00:00,6,2025-07-17 06:10:00,2025-07-18 06:00:00,10019.576851851853,6000.0,2.3609945772180616e-15,forecast,1.0,63836.94464291278,71137.7406792656,False,2025-07-16
4-3,2025-07-17,2025-07-17 12:00:00,12,2025-07-17 12:10:00,2025-07-18 12:00:00,9827.142852603154,6000.0,2.5179622404497246e-16,forecast,1.0,68393.22247857752,76884.0228497317,False,2025-07-16
4-3,2025-07-17,2025-07-17 18:00:00,18,2025-07-17 18:10:00,2025-07-18 18:00:00,10800.0,6000.0,5.4786925876667e-16,forecast,1.0,62481.956170399455,71290.55868137746,False,2025-07-16
4-3,2025-07-18,2025-07-18 00:00:00,0,2025-07-18 00:10:00,2025-07-19 00:00:00,7619.165607616274,6000.0,0.0,forecast,1.0,29942.779955721224,33681.32061656474,False,2025-07-17
4-3,2025-07-18,2025-07-18 06:00:00,6,2025-07-18 06:10:00,2025-07-19 06:00:00,5970.209608023487,6000.0,0.0,forecast,1.0,32284.03739760194,36518.88044537183,False,2025-07-17
4-3,2025-07-18,2025-07-18 12:00:00,12,2025-07-18 12:10:00,2025-07-19 12:00:00,10800.0,6000.0,0.0,forecast,1.0,31136.694870211846,35093.543228277726,False,2025-07-17
4-3,2025-07-18,2025-07-18 18:00:00,18,2025-07-18 18:10:00,2025-07-19 18:00:00,10800.0,6000.0,0.0,forecast,1.0,27861.12842241358,31372.05240392311,False,2025-07-17
4-3,2025-07-19,2025-07-19 00:00:00,0,2025-07-19 00:10:00,2025-07-20 00:00:00,7572.415232981191,6000.0,0.0,forecast,1.0,29754.345110782815,33558.59536493725,False,2025-07-18
4-3,2025-07-19,2025-07-19 06:00:00,6,2025-07-19 06:10:00,2025-07-20 06:00:00,4628.226914651332,6000.0,0.0,forecast,1.0,35161.30512520282,39398.04132757462,False,2025-07-18
4-3,2025-07-19,2025-07-19 12:00:00,12,2025-07-19 12:10:00,2025-07-20 12:00:00,10800.0,6000.0,5.629047529464673e-16,forecast,1.0,33728.833857188176,37750.30483212964,False,2025-07-18
4-3,2025-07-19,2025-07-19 18:00:00,18,2025-07-19 18:10:00,2025-07-20 18:00:00,10800.0,6000.0,4.820506514428559e-16,forecast,1.0,28470.63469143947,31780.05514442672,False,2025-07-18
4-3,2025-07-20,2025-07-20 00:00:00,0,2025-07-20 00:10:00,2025-07-21 00:00:00,6919.029248373119,6000.0,0.0,forecast,1.0,67807.90119619021,75708.90394540195,False,2025-07-19
4-3,2025-07-20,2025-07-20 06:00:00,6,2025-07-20 06:10:00,2025-07-21 06:00:00,10059.50925925926,6000.0,1.182366376288748e-15,forecast,1.0,67395.4657479742,75127.71929117903,False,2025-07-19
4-3,2025-07-20,2025-07-20 12:00:00,12,2025-07-20 12:10:00,2025-07-21 12:00:00,9772.99356454326,6000.0,0.0,forecast,1.0,71344.21887822967,79425.52043745923,False,2025-07-19
4-3,2025-07-20,2025-07-20 18:00:00,18,2025-07-20 18:10:00,2025-07-21 18:00:00,10800.0,6000.0,3.641683549970756e-16,forecast,1.0,64585.393865974154,71976.3981732596,False,2025-07-19
4-3,2025-07-21,2025-07-21 00:00:00,0,2025-07-21 00:10:00,2025-07-22 00:00:00,8079.562980637395,6000.0,0.0,forecast,1.0,67832.92157460182,75653.34572033434,False,2025-07-20
4-3,2025-07-21,2025-07-21 06:00:00,6,2025-07-21 06:10:00,2025-07-22 06:00:00,10027.259722222223,6000.0,0.0,forecast,1.0,67576.77786811502,75291.33020068843,False,2025-07-20
4-3,2025-07-21,2025-07-21 12:00:00,12,2025-07-21 12:10:00,2025-07-22 12:00:00,9831.437094334688,6000.0,0.0,forecast,1.0,74084.56765487525,82492.14581657221,False,2025-07-20
4-3,2025-07-21,2025-07-21 18:00:00,18,2025-07-21 18:10:00,2025-07-22 18:00:00,10800.0,6000.0,0.0,forecast,1.0,62253.44506500884,69155.51032254421,False,2025-07-20
4-3,2025-07-22,2025-07-22 00:00:00,0,2025-07-22 00:10:00,2025-07-23 00:00:00,8012.132410166474,6000.0,1.9917130289109e-16,forecast,1.0,65723.70212513937,73062.30501192018,False,2025-07-21
4-3,2025-07-22,2025-07-22 06:00:00,6,2025-07-22 06:10:00,2025-07-23 06:00:00,10000.95787037037,6000.0,7.849958871076912e-16,forecast,1.0,73944.8037402412,82440.65810673221,False,2025-07-21
4-3,2025-07-22,2025-07-22 12:00:00,12,2025-07-22 12:10:00,2025-07-23 12:00:00,10339.263504091436,6000.0,8.497901769295749e-16,forecast,1.0,68872.14720066708,76445.57953770083,False,2025-07-21
4-3,2025-07-22,2025-07-22 18:00:00,18,2025-07-22 18:10:00,2025-07-23 18:00:00,10800.0,6000.0,1.7548440646027998e-16,forecast,1.0,65956.06940049694,73309.81621690326,False,2025-07-21
4-3,2025-07-23,2025-07-23 00:00:00,0,2025-07-23 00:10:00,2025-07-24 00:00:00,7833.432480610485,6000.0,0.0,forecast,1.0,73944.63694940426,82378.56585496801,False,2025-07-22
4-3,2025-07-23,2025-07-23 06:00:00,6,2025-07-23 06:10:00,2025-07-24 06:00:00,10045.068055555555,6000.0,1.5881452527275689e-15,forecast,1.0,73641.74899444381,81916.68969443568,False,2025-07-22
4-3,2025-07-23,2025-07-23 12:00:00,12,2025-07-23 12:10:00,2025-07-24 12:00:00,10800.0,6000.0,1.5835016754408919e-15,forecast,1.0,74960.07842610836,83364.81906221918,False,2025-07-22
4-3,2025-07-23,2025-07-23 18:00:00,18,2025-07-23 18:10:00,2025-07-24 18:00:00,10800.0,6000.0,0.0,forecast,1.0,78491.4038066011,87519.05774027869,False,2025-07-22
4-3,2025-07-24,2025-07-24 00:00:00,0,2025-07-24 00:10:00,2025-07-25 00:00:00,7612.001114422117,6000.0,0.0,forecast,1.0,73260.13690817563,81753.4955204763,False,2025-07-23
4-3,2025-07-24,2025-07-24 06:00:00,6,2025-07-24 06:10:00,2025-07-25 06:00:00,9965.501851851852,6000.0,3.3470327880468196e-15,forecast,1.0,69656.00964877123,78012.0623391328,False,2025-07-23
4-3,2025-07-24,2025-07-24 12:00:00,12,2025-07-24 12:10:00,2025-07-25 12:00:00,10800.0,6000.0,0.0,forecast,1.0,71472.98747176309,80148.0831448935,False,2025-07-23
4-3,2025-07-24,2025-07-24 18:00:00,18,2025-07-24 18:10:00,2025-07-25 18:00:00,10800.0,6000.0,0.0,forecast,1.0,54127.178221579714,61063.28027390538,False,2025-07-23
4-3,2025-07-25,2025-07-25 00:00:00,0,2025-07-25 00:10:00,2025-07-26 00:00:00,8247.708769045668,6000.0,0.0,forecast,1.0,27203.221392624928,30676.13224812878,False,2025-07-24
4-3,2025-07-25,2025-07-25 06:00:00,6,2025-07-25 06:10:00,2025-07-26 06:00:00,5340.537608563702,6000.0,5.828058072243188e-16,forecast,1.0,30405.800419083695,34447.62007607164,False,2025-07-24
4-3,2025-07-25,2025-07-25 12:00:00,12,2025-07-25 12:10:00,2025-07-26 12:00:00,10800.0,6000.0,0.0,forecast,1.0,31885.199711543544,36636.712761371164,False,2025-07-24
4-3,2025-07-25,2025-07-25 18:00:00,18,2025-07-25 18:10:00,2025-07-26 18:00:00,10800.0,6000.0,0.0,forecast,1.0,25942.558641403262,29341.227702474822,False,2025-07-24
4-3,2025-07-26,2025-07-26 00:00:00,0,2025-07-26 00:10:00,2025-07-27 00:00:00,7397.7580958491035,6000.0,0.0,forecast,1.0,27318.309048554955,30947.288969604495,False,2025-07-25
4-3,2025-07-26,2025-07-26 06:00:00,6,2025-07-26 06:10:00,2025-07-27 06:00:00,5404.79769647594,6000.0,4.836506650106959e-16,forecast,1.0,32822.279167693676,36835.87582486952,False,2025-07-25
4-3,2025-07-26,2025-07-26 12:00:00,12,2025-07-26 12:10:00,2025-07-27 12:00:00,10800.0,6000.0,0.0,forecast,1.0,36761.61608555744,41574.8966393719,False,2025-07-25
4-3,2025-07-26,2025-07-26 18:00:00,18,2025-07-26 18:10:00,2025-07-27 18:00:00,10800.0,6000.0,5.321922942949458e-16,forecast,1.0,27261.115151110265,30513.944937491146,False,2025-07-25
4-3,2025-07-27,2025-07-27 00:00:00,0,2025-07-27 00:10:00,2025-07-28 00:00:00,7111.0861909958085,6000.0,0.0,forecast,1.0,64823.43180023352,72450.97223856545,False,2025-07-26
4-3,2025-07-27,2025-07-27 06:00:00,6,2025-07-27 06:10:00,2025-07-28 06:00:00,10007.433796296296,6000.0,0.0,forecast,1.0,65846.93895563054,73467.62558146313,False,2025-07-26
4-3,2025-07-27,2025-07-27 12:00:00,12,2025-07-27 12:10:00,2025-07-28 12:00:00,10366.615210866992,6000.0,0.0,forecast,1.0,70618.37367876356,78925.49738513863,False,2025-07-26
4-3,2025-07-27,2025-07-27 18:00:00,18,2025-07-27 18:10:00,2025-07-28 18:00:00,10800.0,6000.0,0.0,forecast,1.0,68178.8369734262,76017.86928939499,False,2025-07-26
4-3,2025-07-28,2025-07-28 00:00:00,0,2025-07-28 00:10:00,2025-07-29 00:00:00,8014.812770337676,6000.0,0.0,forecast,1.0,67461.98556273975,75214.94232573337,False,2025-07-27
4-3,2025-07-28,2025-07-28 06:00:00,6,2025-07-28 06:10:00,2025-07-29 06:00:00,10048.331481481482,6000.0,0.0,forecast,1.0,68920.89860667945,76720.17157607128,False,2025-07-27
4-3,2025-07-28,2025-07-28 12:00:00,12,2025-07-28 12:10:00,2025-07-29 12:00:00,8051.693033236836,6000.0,0.0,forecast,1.0,71440.29895874462,79548.09782353429,False,2025-07-27
4-3,2025-07-28,2025-07-28 18:00:00,18,2025-07-28 18:10:00,2025-07-29 18:00:00,10800.0,6000.0,0.0,forecast,1.0,81301.28653930363,90866.51326390852,False,2025-07-27
4-3,2025-07-29,2025-07-29 00:00:00,0,2025-07-29 00:10:00,2025-07-30 00:00:00,7723.364773536747,6000.0,0.0,forecast,1.0,65642.62074753398,73129.07306584241,False,2025-07-28
4-3,2025-07-29,2025-07-29 06:00:00,6,2025-07-29 06:10:00,2025-07-30 06:00:00,10086.12962962963,6000.0,6.633745853442516e-16,forecast,1.0,68595.33889343581,76579.55720211109,False,2025-07-28
4-3,2025-07-29,2025-07-29 12:00:00,12,2025-07-29 12:10:00,2025-07-30 12:00:00,10020.103962437403,6000.0,0.0,forecast,1.0,66590.40407378352,73875.00303552524,False,2025-07-28
4-3,2025-07-29,2025-07-29 18:00:00,18,2025-07-29 18:10:00,2025-07-30 18:00:00,10800.0,6000.0,0.0,forecast,1.0,64432.02367837531,71681.8257373426,False,2025-07-28
4-3,2025-07-30,2025-07-30 00:00:00,0,2025-07-30 00:10:00,2025-07-31 00:00:00,7700.606144255162,6000.0,0.0,forecast,1.0,60461.754935808436,67159.13967493665,False,2025-07-29
4-3,2025-07-30,2025-07-30 06:00:00,6,2025-07-30 06:10:00,2025-07-31 06:00:00,10122.796296296296,6000.0,2.7129331637931236e-16,forecast,1.0,68044.57267812126,75702.81085212315,False,2025-07-29
4-3,2025-07-30,2025-07-30 12:00:00,12,2025-07-30 12:10:00,2025-07-31 12:00:00,9358.854678735244,6000.0,0.0,forecast,1.0,66730.64662962013,74087.49647085677,False,2025-07-29
4-3,2025-07-30,2025-07-30 18:00:00,18,2025-07-30 18:10:00,2025-07-31 18:00:00,10800.0,6000.0,0.0,forecast,1.0,75273.69904219481,84033.5801384309,False,2025-07-29
4-3,2025-07-31,2025-07-31 00:00:00,0,2025-07-31 00:10:00,2025-08-01 00:00:00,7804.712698321471,6000.0,0.0,forecast,1.0,62591.55385582628,69730.45733578893,False,2025-07-30
4-3,2025-07-31,2025-07-31 06:00:00,6,2025-07-31 06:10:00,2025-08-01 06:00:00,10043.608333333334,6000.0,0.0,forecast,1.0,60344.83060811566,67548.8562006634,False,2025-07-30
4-3,2025-07-31,2025-07-31 12:00:00,12,2025-07-31 12:10:00,2025-08-01 12:00:00,9454.546275808352,6000.0,0.0,forecast,1.0,58663.995309028425,65519.4355190504,False,2025-07-30
4-3,2025-07-31,2025-07-31 18:00:00,18,2025-07-31 18:10:00,2025-08-01 18:00:00,10800.0,6000.0,2.605524564403353e-16,forecast,1.0,51180.33665692635,57947.564337399905,False,2025-07-30
4-3,2025-08-01,2025-08-01 00:00:00,0,2025-08-01 00:10:00,2025-08-02 00:00:00,7176.668049082899,6000.0,0.0,forecast,1.0,25412.796977601414,28612.17384582724,False,2025-07-31
4-3,2025-08-01,2025-08-01 06:00:00,6,2025-08-01 06:10:00,2025-08-02 06:00:00,3567.752973702454,6000.0,0.0,forecast,1.0,28322.008985995984,31964.898258243553,False,2025-07-31
4-3,2025-08-01,2025-08-01 12:00:00,12,2025-08-01 12:10:00,2025-08-02 12:00:00,10800.0,6000.0,0.0,forecast,1.0,26677.193493197305,30058.193194810985,False,2025-07-31
4-3,2025-08-01,2025-08-01 18:00:00,18,2025-08-01 18:10:00,2025-08-02 18:00:00,10800.0,6000.0,0.0,forecast,1.0,22168.580201386245,25070.46629849876,False,2025-07-31
4-3,2025-08-02,2025-08-02 00:00:00,0,2025-08-02 00:10:00,2025-08-03 00:00:00,6606.251811195992,6000.0,0.0,forecast,1.0,26451.39672829646,29830.838191078226,False,2025-08-01
4-3,2025-08-02,2025-08-02 06:00:00,6,2025-08-02 06:10:00,2025-08-03 06:00:00,4593.361402441041,6000.0,0.0,forecast,1.0,30718.089029209776,34435.98408543123,False,2025-08-01
4-3,2025-08-02,2025-08-02 12:00:00,12,2025-08-02 12:10:00,2025-08-03 12:00:00,10800.0,6000.0,0.0,forecast,1.0,29549.983840546083,33098.45286550833,False,2025-08-01
4-3,2025-08-02,2025-08-02 18:00:00,18,2025-08-02 18:10:00,2025-08-03 18:00:00,10800.0,6000.0,3.110181705775646e-16,forecast,1.0,24270.449579823777,27206.627931532188,False,2025-08-01
4-3,2025-08-03,2025-08-03 00:00:00,0,2025-08-03 00:10:00,2025-08-04 00:00:00,6744.792325274402,6000.0,1.2156094501466007e-16,forecast,1.0,54437.86798885905,59854.39809716905,False,2025-08-02
4-3,2025-08-03,2025-08-03 06:00:00,6,2025-08-03 06:10:00,2025-08-04 06:00:00,9953.493577642748,6000.0,0.0,forecast,1.0,55428.33002568764,60904.1028569546,False,2025-08-02
4-3,2025-08-03,2025-08-03 12:00:00,12,2025-08-03 12:10:00,2025-08-04 12:00:00,8260.091077642746,6000.0,0.0,forecast,1.0,56693.052865279926,62597.64062998732,False,2025-08-02
4-3,2025-08-03,2025-08-03 18:00:00,18,2025-08-03 18:10:00,2025-08-04 18:00:00,10800.0,6000.0,0.0,forecast,1.0,59090.08231655504,65782.39695661167,False,2025-08-02
4-3,2025-08-04,2025-08-04 00:00:00,0,2025-08-04 00:10:00,2025-08-05 00:00:00,6244.136257501158,6000.0,0.0,forecast,1.0,58167.4712575813,63885.78030698803,False,2025-08-03
4-3,2025-08-04,2025-08-04 06:00:00,6,2025-08-04 06:10:00,2025-08-05 06:00:00,10008.91712962963,6000.0,0.0,forecast,1.0,58838.87074572414,64765.99422482804,False,2025-08-03
4-3,2025-08-04,2025-08-04 12:00:00,12,2025-08-04 12:10:00,2025-08-05 12:00:00,10045.478527225405,6000.0,1.027364700672036e-15,forecast,1.0,60424.8330992778,66494.71433618714,False,2025-08-03
4-3,2025-08-04,2025-08-04 18:00:00,18,2025-08-04 18:10:00,2025-08-05 18:00:00,10800.0,6000.0,2.1572348818100725e-16,forecast,1.0,56329.763637772085,62398.089350277616,False,2025-08-03
4-3,2025-08-05,2025-08-05 00:00:00,0,2025-08-05 00:10:00,2025-08-06 00:00:00,7074.17873921846,6000.0,0.0,forecast,1.0,55691.16690291807,61249.86883274038,False,2025-08-04
4-3,2025-08-05,2025-08-05 06:00:00,6,2025-08-05 06:10:00,2025-08-06 06:00:00,10010.9625,6000.0,1.133168651045145e-15,forecast,1.0,57387.7566360203,63340.79185173422,False,2025-08-04
4-3,2025-08-05,2025-08-05 12:00:00,12,2025-08-05 12:10:00,2025-08-06 12:00:00,8817.957923787617,6000.0,0.0,forecast,1.0,65756.354063778,72730.06650019238,False,2025-08-04
4-3,2025-08-05,2025-08-05 18:00:00,18,2025-08-05 18:10:00,2025-08-06 18:00:00,10800.0,6000.0,3.140597615208802e-16,forecast,1.0,66843.973087388,74364.85813104086,False,2025-08-04
4-3,2025-08-06,2025-08-06 00:00:00,0,2025-08-06 00:10:00,2025-08-07 00:00:00,6719.560905558015,6000.0,0.0,forecast,1.0,61457.3444942532,67467.07310434841,False,2025-08-05
4-3,2025-08-06,2025-08-06 06:00:00,6,2025-08-06 06:10:00,2025-08-07 06:00:00,10015.953933738427,6000.0,0.0,forecast,1.0,59857.09019420977,65670.125731629,False,2025-08-05
4-3,2025-08-06,2025-08-06 12:00:00,12,2025-08-06 12:10:00,2025-08-07 12:00:00,7923.168161223093,6000.0,0.0,forecast,1.0,64682.05824864689,71360.67137682975,False,2025-08-05
4-3,2025-08-06,2025-08-06 18:00:00,18,2025-08-06 18:10:00,2025-08-07 18:00:00,10800.0,6000.0,0.0,forecast,1.0,52488.377501039526,57953.183419937326,False,2025-08-05
4-3,2025-08-07,2025-08-07 00:00:00,0,2025-08-07 00:10:00,2025-08-08 00:00:00,6771.806341673033,6000.0,0.0,forecast,1.0,60250.232765532855,66781.02254445526,False,2025-08-06
4-3,2025-08-07,2025-08-07 06:00:00,6,2025-08-07 06:10:00,2025-08-08 06:00:00,10033.251851851852,6000.0,0.0,forecast,1.0,57511.986598056494,63947.22497564998,False,2025-08-06
4-3,2025-08-07,2025-08-07 12:00:00,12,2025-08-07 12:10:00,2025-08-08 12:00:00,10800.0,6000.0,4.382013918718898e-16,forecast,1.0,54766.63584839904,60714.32817420317,False,2025-08-06
4-3,2025-08-07,2025-08-07 18:00:00,18,2025-08-07 18:10:00,2025-08-08 18:00:00,10800.0,6000.0,3.823295928049935e-16,forecast,1.0,48486.07162673896,55325.52422628552,False,2025-08-06
4-3,2025-08-08,2025-08-08 00:00:00,0,2025-08-08 00:10:00,2025-08-09 00:00:00,6478.526560381223,6000.0,0.0,forecast,1.0,23793.17116643762,26719.93502829465,False,2025-08-07
4-3,2025-08-08,2025-08-08 06:00:00,6,2025-08-08 06:10:00,2025-08-09 06:00:00,4813.5802796373455,6000.0,0.0,forecast,1.0,25551.744172467632,28747.592426940537,False,2025-08-07
4-3,2025-08-08,2025-08-08 12:00:00,12,2025-08-08 12:10:00,2025-08-09 12:00:00,10800.0,6000.0,7.402448773629668e-16,forecast,1.0,24976.515047318804,28042.746638419245,False,2025-08-07
4-3,2025-08-08,2025-08-08 18:00:00,18,2025-08-08 18:10:00,2025-08-09 18:00:00,10798.385250671876,6000.0,3.706017751753616e-16,forecast,1.0,21366.601882400588,24137.781734293178,False,2025-08-07
4-3,2025-08-09,2025-08-09 00:00:00,0,2025-08-09 00:10:00,2025-08-10 00:00:00,6514.259084301796,6000.0,0.0,forecast,1.0,23432.634112998,26292.245612418134,False,2025-08-08
4-3,2025-08-09,2025-08-09 06:00:00,6,2025-08-09 06:10:00,2025-08-10 06:00:00,3867.1092820326,6000.0,3.0676436061974814e-16,forecast,1.0,27080.04483217486,30238.2556562034,False,2025-08-08
4-3,2025-08-09,2025-08-09 12:00:00,12,2025-08-09 12:10:00,2025-08-10 12:00:00,10800.0,6000.0,0.0,forecast,1.0,25581.938458590143,28492.48007410951,False,2025-08-08
4-3,2025-08-09,2025-08-09 18:00:00,18,2025-08-09 18:10:00,2025-08-10 18:00:00,10800.0,6000.0,3.5074400765352596e-16,forecast,1.0,22268.93179658596,24902.34535525857,False,2025-08-08
4-3,2025-08-10,2025-08-10 00:00:00,0,2025-08-10 00:10:00,2025-08-11 00:00:00,6476.707259301698,6000.0,0.0,forecast,1.0,56079.28617757361,61445.180180695184,False,2025-08-09
4-3,2025-08-10,2025-08-10 06:00:00,6,2025-08-10 06:10:00,2025-08-11 06:00:00,10039.783333333333,6000.0,0.0,forecast,1.0,54437.351430919734,59610.66296221189,False,2025-08-09
4-3,2025-08-10,2025-08-10 12:00:00,12,2025-08-10 12:10:00,2025-08-11 12:00:00,9334.641757962961,6000.0,0.0,forecast,1.0,57147.406733011754,62721.167914695005,False,2025-08-09
4-3,2025-08-10,2025-08-10 18:00:00,18,2025-08-10 18:10:00,2025-08-11 18:00:00,10800.0,6000.0,1.6289455585799405e-16,forecast,1.0,65695.81035058628,72951.50442296322,False,2025-08-09
4-3,2025-08-11,2025-08-11 00:00:00,0,2025-08-11 00:10:00,2025-08-12 00:00:00,6733.730295997396,6000.0,0.0,forecast,1.0,53612.837761932205,58754.45990664531,False,2025-08-10
4-3,2025-08-11,2025-08-11 06:00:00,6,2025-08-11 06:10:00,2025-08-12 06:00:00,10057.57962962963,6000.0,0.0,forecast,1.0,54044.08678765843,59124.40065749145,False,2025-08-10
4-3,2025-08-11,2025-08-11 12:00:00,12,2025-08-11 12:10:00,2025-08-12 12:00:00,9217.99547692033,6000.0,0.0,forecast,1.0,55690.01621522245,60935.29226822742,False,2025-08-10
4-3,2025-08-11,2025-08-11 18:00:00,18,2025-08-11 18:10:00,2025-08-12 18:00:00,10800.0,6000.0,4.1125390205753207e-16,forecast,1.0,56442.35301531571,62535.32728698127,False,2025-08-10
4-3,2025-08-12,2025-08-12 00:00:00,0,2025-08-12 00:10:00,2025-08-13 00:00:00,6522.3084021144405,6000.0,1.1403441128720147e-16,forecast,1.0,58067.00891002662,63804.926278076106,False,2025-08-11
4-3,2025-08-12,2025-08-12 06:00:00,6,2025-08-12 06:10:00,2025-08-13 06:00:00,10037.757783892748,6000.0,4.2486699475955277e-16,forecast,1.0,58389.129293563674,64112.77467448212,False,2025-08-11
4-3,2025-08-12,2025-08-12 12:00:00,12,2025-08-12 12:10:00,2025-08-13 12:00:00,10098.038776819976,6000.0,0.0,forecast,1.0,68298.54018088302,75157.12693458705,False,2025-08-11
4-3,2025-08-12,2025-08-12 18:00:00,18,2025-08-12 18:10:00,2025-08-13 18:00:00,10800.0,6000.0,4.1209991376086897e-16,forecast,1.0,57061.40460510767,63072.77579604229,False,2025-08-11
4-3,2025-08-13,2025-08-13 00:00:00,0,2025-08-13 00:10:00,2025-08-14 00:00:00,6543.558004608218,6000.0,0.0,forecast,1.0,53842.88092387075,58784.75240504839,False,2025-08-12
4-3,2025-08-13,2025-08-13 06:00:00,6,2025-08-13 06:10:00,2025-08-14 06:00:00,9984.706018518518,6000.0,0.0,forecast,1.0,53284.07853297355,58245.81414815764,False,2025-08-12
4-3,2025-08-13,2025-08-13 12:00:00,12,2025-08-13 12:10:00,2025-08-14 12:00:00,8146.980721344714,6000.0,0.0,forecast,1.0,58089.54850460163,63776.693120209944,False,2025-08-12
4-3,2025-08-13,2025-08-13 18:00:00,18,2025-08-13 18:10:00,2025-08-14 18:00:00,10800.0,6000.0,1.9619865950779468e-16,forecast,1.0,58569.899115234984,64629.654410912364,False,2025-08-12
4-3,2025-08-14,2025-08-14 00:00:00,0,2025-08-14 00:10:00,2025-08-15 00:00:00,6903.26657236574,6000.0,1.217364397841027e-16,forecast,1.0,54713.033114304046,59768.11199257003,False,2025-08-13
4-3,2025-08-14,2025-08-14 06:00:00,6,2025-08-14 06:10:00,2025-08-15 06:00:00,9953.7375,6000.0,0.0,forecast,1.0,53116.129089268026,58552.76202142519,False,2025-08-13
4-3,2025-08-14,2025-08-14 12:00:00,12,2025-08-14 12:10:00,2025-08-15 12:00:00,8407.979802630449,6000.0,0.0,forecast,1.0,54098.25384873033,59735.70483130029,False,2025-08-13
4-3,2025-08-14,2025-08-14 18:00:00,18,2025-08-14 18:10:00,2025-08-15 18:00:00,10800.0,6000.0,3.2148876214365605e-16,forecast,1.0,44472.63927809155,49620.54664585138,False,2025-08-13
4-3,2025-08-15,2025-08-15 00:00:00,0,2025-08-15 00:10:00,2025-08-16 00:00:00,6482.786549562935,6000.0,0.0,forecast,1.0,23562.418119268394,26246.811490383196,False,2025-08-14
4-3,2025-08-15,2025-08-15 06:00:00,6,2025-08-15 06:10:00,2025-08-16 06:00:00,3976.3582793099913,6000.0,3.784236938675535e-16,forecast,1.0,25044.84826536035,27982.098483272504,False,2025-08-14
4-3,2025-08-15,2025-08-15 12:00:00,12,2025-08-15 12:10:00,2025-08-16 12:00:00,10800.0,6000.0,0.0,forecast,1.0,23874.24067927884,26591.438770244597,False,2025-08-14
4-3,2025-08-15,2025-08-15 18:00:00,18,2025-08-15 18:10:00,2025-08-16 18:00:00,10800.0,6000.0,0.0,forecast,1.0,20348.182540487098,22761.961208122128,False,2025-08-14
4-3,2025-08-16,2025-08-16 00:00:00,0,2025-08-16 00:10:00,2025-08-17 00:00:00,6171.717131010802,6000.0,0.0,forecast,1.0,24604.874828278276,27406.06388178278,False,2025-08-15
4-3,2025-08-16,2025-08-16 06:00:00,6,2025-08-16 06:10:00,2025-08-17 06:00:00,2988.873144359857,6000.0,0.0,forecast,1.0,28483.376479758612,31583.299754951033,False,2025-08-15
4-3,2025-08-16,2025-08-16 12:00:00,12,2025-08-16 12:10:00,2025-08-17 12:00:00,10800.0,6000.0,0.0,forecast,1.0,27209.67695604524,30149.559456785988,False,2025-08-15
4-3,2025-08-16,2025-08-16 18:00:00,18,2025-08-16 18:10:00,2025-08-17 18:00:00,10800.0,6000.0,0.0,forecast,1.0,23744.907568564802,26284.25402323265,False,2025-08-15
4-3,2025-08-17,2025-08-17 00:00:00,0,2025-08-17 00:10:00,2025-08-18 00:00:00,6379.464355364002,6000.0,0.0,forecast,1.0,55379.08234189836,60736.33971675109,False,2025-08-16
4-3,2025-08-17,2025-08-17 06:00:00,6,2025-08-17 06:10:00,2025-08-18 06:00:00,10023.10324074074,6000.0,0.0,forecast,1.0,53548.2652560153,58785.54262809022,False,2025-08-16
4-3,2025-08-17,2025-08-17 12:00:00,12,2025-08-17 12:10:00,2025-08-18 12:00:00,10709.866532172357,6000.0,4.174507374076911e-16,forecast,1.0,54086.728169150505,59069.40773072236,False,2025-08-16
4-3,2025-08-17,2025-08-17 18:00:00,18,2025-08-17 18:10:00,2025-08-18 18:00:00,10800.0,6000.0,6.609821082128232e-16,forecast,1.0,54763.55561153182,60462.34593367357,False,2025-08-16
4-3,2025-08-18,2025-08-18 00:00:00,0,2025-08-18 00:10:00,2025-08-19 00:00:00,6708.583774576101,6000.0,0.0,forecast,1.0,53977.98542807151,58935.647552848575,False,2025-08-17
4-3,2025-08-18,2025-08-18 06:00:00,6,2025-08-18 06:10:00,2025-08-19 06:00:00,9923.411705459104,6000.0,0.0,forecast,1.0,52955.07189054719,57784.0124501451,False,2025-08-17
4-3,2025-08-18,2025-08-18 12:00:00,12,2025-08-18 12:10:00,2025-08-19 12:00:00,9026.272936919366,6000.0,1.2016055039087983e-15,forecast,1.0,54968.66364411624,60004.429661480346,False,2025-08-17
4-3,2025-08-18,2025-08-18 18:00:00,18,2025-08-18 18:10:00,2025-08-19 18:00:00,10800.0,6000.0,0.0,forecast,1.0,61732.55157403163,68299.10963898801,False,2025-08-17
4-3,2025-08-19,2025-08-19 00:00:00,0,2025-08-19 00:10:00,2025-08-20 00:00:00,6711.438437426361,6000.0,0.0,forecast,1.0,54001.917938499886,59008.26583727875,False,2025-08-18
4-3,2025-08-19,2025-08-19 06:00:00,6,2025-08-19 06:10:00,2025-08-20 06:00:00,9829.498532683496,6000.0,4.713350721781542e-16,forecast,1.0,53275.6615748222,58143.66624011495,False,2025-08-18
4-3,2025-08-19,2025-08-19 12:00:00,12,2025-08-19 12:10:00,2025-08-20 12:00:00,9187.100395774061,6000.0,0.0,forecast,1.0,64838.730883876,71231.36386060207,False,2025-08-18
4-3,2025-08-19,2025-08-19 18:00:00,18,2025-08-19 18:10:00,2025-08-20 18:00:00,10800.0,6000.0,1.7209257194479899e-16,forecast,1.0,63008.86721100368,69843.88642116662,False,2025-08-18
4-3,2025-08-20,2025-08-20 00:00:00,0,2025-08-20 00:10:00,2025-08-21 00:00:00,6716.791559884258,6000.0,0.0,forecast,1.0,58164.51285423802,63905.9641960261,False,2025-08-19
4-3,2025-08-20,2025-08-20 06:00:00,6,2025-08-20 06:10:00,2025-08-21 06:00:00,9980.894444444444,6000.0,2.1896494175433026e-15,forecast,1.0,57924.95409065681,63655.418302670914,False,2025-08-19
4-3,2025-08-20,2025-08-20 12:00:00,12,2025-08-20 12:10:00,2025-08-21 12:00:00,8642.27909925854,6000.0,5.981841916112574e-16,forecast,1.0,61326.795439491194,67369.57886959624,False,2025-08-19
4-3,2025-08-20,2025-08-20 18:00:00,18,2025-08-20 18:10:00,2025-08-21 18:00:00,10740.745615112943,6000.0,0.0,forecast,1.0,56248.718143938975,61939.20776165588,False,2025-08-19
4-3,2025-08-21,2025-08-21 00:00:00,0,2025-08-21 00:10:00,2025-08-22 00:00:00,6705.62444362476,6000.0,0.0,forecast,1.0,55498.366235826725,60974.93532708031,False,2025-08-20
4-3,2025-08-21,2025-08-21 06:00:00,6,2025-08-21 06:10:00,2025-08-22 06:00:00,10033.994907407408,6000.0,0.0,forecast,1.0,52111.66490023472,57525.70798666493,False,2025-08-20
4-3,2025-08-21,2025-08-21 12:00:00,12,2025-08-21 12:10:00,2025-08-22 12:00:00,10566.616950583144,6000.0,0.0,forecast,1.0,50806.613566385,56041.241642924506,False,2025-08-20
4-3,2025-08-21,2025-08-21 18:00:00,18,2025-08-21 18:10:00,2025-08-22 18:00:00,10800.0,6000.0,0.0,forecast,1.0,44227.26215025467,49421.46393115002,False,2025-08-20
4-3,2025-08-22,2025-08-22 00:00:00,0,2025-08-22 00:10:00,2025-08-23 00:00:00,6693.342930715137,6000.0,0.0,forecast,1.0,23077.976725684886,25729.20969537193,False,2025-08-21
4-3,2025-08-22,2025-08-22 06:00:00,6,2025-08-22 06:10:00,2025-08-23 06:00:00,3300.7045361580363,6000.0,0.0,forecast,1.0,25013.277646507217,27963.8226451408,False,2025-08-21
4-3,2025-08-22,2025-08-22 12:00:00,12,2025-08-22 12:10:00,2025-08-23 12:00:00,10800.0,6000.0,0.0,forecast,1.0,24175.761869175614,26982.11373446387,False,2025-08-21
4-3,2025-08-22,2025-08-22 18:00:00,18,2025-08-22 18:10:00,2025-08-23 18:00:00,10800.0,6000.0,0.0,forecast,1.0,20868.77026524455,23308.32656974344,False,2025-08-21
4-3,2025-08-23,2025-08-23 00:00:00,0,2025-08-23 00:10:00,2025-08-24 00:00:00,6204.637566433595,6000.0,0.0,forecast,1.0,22851.07693263679,25497.668741937003,False,2025-08-22
4-3,2025-08-23,2025-08-23 06:00:00,6,2025-08-23 06:10:00,2025-08-24 06:00:00,4318.918902373604,6000.0,2.8945281234100034e-16,forecast,1.0,26964.784519172208,29927.6047165715,False,2025-08-22
4-3,2025-08-23,2025-08-23 12:00:00,12,2025-08-23 12:10:00,2025-08-24 12:00:00,10800.0,6000.0,0.0,forecast,1.0,29024.610119434255,32464.776752977443,False,2025-08-22
4-3,2025-08-23,2025-08-23 18:00:00,18,2025-08-23 18:10:00,2025-08-24 18:00:00,10800.0,6000.0,0.0,forecast,1.0,22923.891865387493,25485.482507153698,False,2025-08-22
4-3,2025-08-24,2025-08-24 00:00:00,0,2025-08-24 00:10:00,2025-08-25 00:00:00,6408.1950842599845,6000.0,0.0,forecast,1.0,54563.485324608744,59509.718926935144,False,2025-08-23
4-3,2025-08-24,2025-08-24 06:00:00,6,2025-08-24 06:10:00,2025-08-25 06:00:00,9324.094809070119,6000.0,4.85785275809347e-16,forecast,1.0,53680.50927184377,58546.288031425735,False,2025-08-23
4-3,2025-08-24,2025-08-24 12:00:00,12,2025-08-24 12:10:00,2025-08-25 12:00:00,8696.509262040892,6000.0,0.0,forecast,1.0,58818.54967941801,64587.85520484696,False,2025-08-23
4-3,2025-08-24,2025-08-24 18:00:00,18,2025-08-24 18:10:00,2025-08-25 18:00:00,10800.0,6000.0,0.0,forecast,1.0,56919.1920256525,63084.604311725256,False,2025-08-23
4-3,2025-08-25,2025-08-25 00:00:00,0,2025-08-25 00:10:00,2025-08-26 00:00:00,6892.860924685186,6000.0,0.0,forecast,1.0,66275.75930869105,73499.33351219416,False,2025-08-24
4-3,2025-08-25,2025-08-25 06:00:00,6,2025-08-25 06:10:00,2025-08-26 06:00:00,9974.8125,6000.0,0.0,forecast,1.0,65384.02018268258,72462.59173857867,False,2025-08-24
4-3,2025-08-25,2025-08-25 12:00:00,12,2025-08-25 12:10:00,2025-08-26 12:00:00,10800.0,6000.0,0.0,forecast,1.0,63631.26847807944,69998.75877946606,False,2025-08-24
4-3,2025-08-25,2025-08-25 18:00:00,18,2025-08-25 18:10:00,2025-08-26 18:00:00,10800.0,6000.0,0.0,forecast,1.0,52343.04781941512,57462.61340985357,False,2025-08-24
4-3,2025-08-26,2025-08-26 00:00:00,0,2025-08-26 00:10:00,2025-08-27 00:00:00,6767.814617962966,6000.0,0.0,forecast,1.0,55204.71233034476,60178.60077132419,False,2025-08-25
4-3,2025-08-26,2025-08-26 06:00:00,6,2025-08-26 06:10:00,2025-08-27 06:00:00,10011.102777777778,6000.0,0.0,forecast,1.0,55714.09826856204,60882.55801879798,False,2025-08-25
4-3,2025-08-26,2025-08-26 12:00:00,12,2025-08-26 12:10:00,2025-08-27 12:00:00,8278.94042631279,6000.0,2.7260637905977697e-16,forecast,1.0,63823.47033087551,69935.09140152196,False,2025-08-25
4-3,2025-08-26,2025-08-26 18:00:00,18,2025-08-26 18:10:00,2025-08-27 18:00:00,10800.0,6000.0,0.0,forecast,1.0,57362.59939519446,63205.419829226434,False,2025-08-25
4-3,2025-08-27,2025-08-27 00:00:00,0,2025-08-27 00:10:00,2025-08-28 00:00:00,6859.9671217669265,6000.0,0.0,forecast,1.0,55053.13915639451,60047.312817009326,False,2025-08-26
4-3,2025-08-27,2025-08-27 06:00:00,6,2025-08-27 06:10:00,2025-08-28 06:00:00,9963.419444444444,6000.0,6.36425246995897e-16,forecast,1.0,60129.17680656498,66083.39254359933,False,2025-08-26
4-3,2025-08-27,2025-08-27 12:00:00,12,2025-08-27 12:10:00,2025-08-28 12:00:00,9517.93801199899,6000.0,2.8250441721567145e-16,forecast,1.0,60984.13660086807,66831.62320378733,False,2025-08-26
4-3,2025-08-27,2025-08-27 18:00:00,18,2025-08-27 18:10:00,2025-08-28 18:00:00,10800.0,6000.0,2.0926553592718918e-16,forecast,1.0,56455.74296544798,62133.266683170135,False,2025-08-26
4-3,2025-08-28,2025-08-28 00:00:00,0,2025-08-28 00:10:00,2025-08-29 00:00:00,6801.724976970488,6000.0,0.0,forecast,1.0,52593.288614782905,57564.26554997206,False,2025-08-27
4-3,2025-08-28,2025-08-28 06:00:00,6,2025-08-28 06:10:00,2025-08-29 06:00:00,9932.465740740741,6000.0,0.0,forecast,1.0,55783.570519282,61566.06344844857,False,2025-08-27
4-3,2025-08-28,2025-08-28 12:00:00,12,2025-08-28 12:10:00,2025-08-29 12:00:00,7021.88255992072,6000.0,0.0,forecast,1.0,53132.10927303837,58209.129896212056,False,2025-08-27
4-3,2025-08-28,2025-08-28 18:00:00,18,2025-08-28 18:10:00,2025-08-29 18:00:00,10800.0,6000.0,0.0,forecast,1.0,49497.502262852846,55987.13348110163,False,2025-08-27
4-3,2025-08-29,2025-08-29 00:00:00,0,2025-08-29 00:10:00,2025-08-30 00:00:00,6604.808657898439,6000.0,0.0,forecast,1.0,24703.33744955895,27509.051682588164,False,2025-08-28
4-3,2025-08-29,2025-08-29 06:00:00,6,2025-08-29 06:10:00,2025-08-30 06:00:00,5612.727540764613,6000.0,3.6918934523591113e-16,forecast,1.0,25862.416812501666,28869.002643665153,False,2025-08-28
4-3,2025-08-29,2025-08-29 12:00:00,12,2025-08-29 12:10:00,2025-08-30 12:00:00,10800.0,6000.0,0.0,forecast,1.0,25040.430106599742,27841.266852286644,False,2025-08-28
4-3,2025-08-29,2025-08-29 18:00:00,18,2025-08-29 18:10:00,2025-08-30 18:00:00,10800.0,6000.0,0.0,forecast,1.0,21057.820784383533,23564.573877576204,False,2025-08-28
4-3,2025-08-30,2025-08-30 00:00:00,0,2025-08-30 00:10:00,2025-08-31 00:00:00,6709.020208526377,6000.0,0.0,forecast,1.0,23311.688032559003,26002.033845994505,False,2025-08-29
4-3,2025-08-30,2025-08-30 06:00:00,6,2025-08-30 06:10:00,2025-08-31 06:00:00,3877.109208839023,6000.0,3.1594087034719046e-16,forecast,1.0,26903.916519149712,29838.906122508197,False,2025-08-29
4-3,2025-08-30,2025-08-30 12:00:00,12,2025-08-30 12:10:00,2025-08-31 12:00:00,10800.0,6000.0,0.0,forecast,1.0,25703.066607746117,28493.671698270155,False,2025-08-29
4-3,2025-08-30,2025-08-30 18:00:00,18,2025-08-30 18:10:00,2025-08-31 18:00:00,10785.308721687741,6000.0,3.4390782175077536e-16,forecast,1.0,22438.396042012835,24936.654093176614,False,2025-08-29
4-3,2025-08-31,2025-08-31 00:00:00,0,2025-08-31 00:10:00,2025-09-01 00:00:00,6353.117562688225,6000.0,0.0,forecast,1.0,53677.723454793755,58616.08863331842,False,2025-08-30
4-3,2025-08-31,2025-08-31 06:00:00,6,2025-08-31 06:10:00,2025-09-01 06:00:00,8490.59863543803,6000.0,0.0,forecast,1.0,54544.05891783026,59734.21790009669,False,2025-08-30
4-3,2025-08-31,2025-08-31 12:00:00,12,2025-08-31 12:10:00,2025-09-01 12:00:00,6975.603422517362,6000.0,0.0,forecast,1.0,56564.83656911047,61959.3306088422,False,2025-08-30
4-3,2025-08-31,2025-08-31 18:00:00,18,2025-08-31 18:10:00,2025-09-01 18:00:00,10800.0,6000.0,3.9233389063591734e-16,forecast,1.0,58385.003913200795,64651.9993736356,False,2025-08-30
4-3,2025-09-01,2025-09-01 00:00:00,0,2025-09-01 00:10:00,2025-09-02 00:00:00,6903.159836501735,6000.0,0.0,forecast,1.0,57799.78910008877,63759.80389444729,False,2025-08-31
4-3,2025-09-01,2025-09-01 06:00:00,6,2025-09-01 06:10:00,2025-09-02 06:00:00,10019.87037037037,6000.0,0.0,forecast,1.0,56150.317576660804,61954.568433781475,False,2025-08-31
4-3,2025-09-01,2025-09-01 12:00:00,12,2025-09-01 12:10:00,2025-09-02 12:00:00,10800.0,6000.0,0.0,forecast,1.0,59255.09810058985,65305.53895830248,False,2025-08-31
4-3,2025-09-01,2025-09-01 18:00:00,18,2025-09-01 18:10:00,2025-09-02 18:00:00,10800.0,6000.0,3.918638179177201e-16,forecast,1.0,56439.181217518715,62663.69040018643,False,2025-08-31
4-3,2025-09-02,2025-09-02 00:00:00,0,2025-09-02 00:10:00,2025-09-03 00:00:00,9678.92653132306,6000.0,0.0,forecast,1.0,47121.14919161011,51749.501574336595,False,2025-09-01
4-3,2025-09-02,2025-09-02 06:00:00,6,2025-09-02 06:10:00,2025-09-03 06:00:00,9929.004263797262,6000.0,0.0,forecast,1.0,51793.57800500111,57276.386111954336,False,2025-09-01
4-3,2025-09-02,2025-09-02 12:00:00,12,2025-09-02 12:10:00,2025-09-03 12:00:00,8666.04511367821,6000.0,0.0,forecast,1.0,49077.94231682533,53943.9827621516,False,2025-09-01
4-3,2025-09-02,2025-09-02 18:00:00,18,2025-09-02 18:10:00,2025-09-03 18:00:00,10800.0,6000.0,0.0,forecast,1.0,45822.94152980516,50710.86954884894,False,2025-09-01
4-3,2025-09-03,2025-09-03 00:00:00,0,2025-09-03 00:10:00,2025-09-04 00:00:00,8908.173142916525,6000.0,0.0,forecast,1.0,49990.9380133119,55190.47572812374,False,2025-09-02
4-3,2025-09-03,2025-09-03 06:00:00,6,2025-09-03 06:10:00,2025-09-04 06:00:00,9973.114351851851,6000.0,9.622366485299751e-16,forecast,1.0,50475.283065750686,55752.22966415593,False,2025-09-02
4-3,2025-09-03,2025-09-03 12:00:00,12,2025-09-03 12:10:00,2025-09-04 12:00:00,9928.2150875964,6000.0,3.107386826717199e-16,forecast,1.0,55868.66725393035,61994.25833413438,False,2025-09-02
4-3,2025-09-03,2025-09-03 18:00:00,18,2025-09-03 18:10:00,2025-09-04 18:00:00,10800.0,6000.0,0.0,forecast,1.0,44026.66460350728,48702.5754950143,False,2025-09-02
4-3,2025-09-04,2025-09-04 00:00:00,0,2025-09-04 00:10:00,2025-09-05 00:00:00,8576.997647259404,6000.0,0.0,forecast,1.0,48671.46738535232,53824.206872502145,False,2025-09-03
4-3,2025-09-04,2025-09-04 06:00:00,6,2025-09-04 06:10:00,2025-09-05 06:00:00,9981.570833333333,6000.0,0.0,forecast,1.0,46430.6438653995,51622.59576448973,False,2025-09-03
4-3,2025-09-04,2025-09-04 12:00:00,12,2025-09-04 12:10:00,2025-09-05 12:00:00,8918.302184807199,6000.0,0.0,forecast,1.0,49030.97176643636,55009.740653553,False,2025-09-03
4-3,2025-09-04,2025-09-04 18:00:00,18,2025-09-04 18:10:00,2025-09-05 18:00:00,10800.0,6000.0,1.8652272871474578e-16,forecast,1.0,38746.47814536623,43576.36269718496,False,2025-09-03
4-3,2025-09-05,2025-09-05 00:00:00,0,2025-09-05 00:10:00,2025-09-06 00:00:00,8590.247602026622,6000.0,0.0,forecast,1.0,21316.25678388498,24066.20469230559,False,2025-09-04
4-3,2025-09-05,2025-09-05 06:00:00,6,2025-09-05 06:10:00,2025-09-06 06:00:00,6632.089684694106,6000.0,0.0,forecast,1.0,23442.382321690427,26642.921455361095,False,2025-09-04
4-3,2025-09-05,2025-09-05 12:00:00,12,2025-09-05 12:10:00,2025-09-06 12:00:00,10800.0,6000.0,0.0,forecast,1.0,22439.57155689947,25451.22702727881,False,2025-09-04
4-3,2025-09-05,2025-09-05 18:00:00,18,2025-09-05 18:10:00,2025-09-06 18:00:00,10800.0,6000.0,0.0,forecast,1.0,18060.24955521738,20621.59762978488,False,2025-09-04
4-3,2025-09-06,2025-09-06 00:00:00,0,2025-09-06 00:10:00,2025-09-07 00:00:00,8883.824346699654,6000.0,0.0,forecast,1.0,20765.935782336637,23587.875479584683,False,2025-09-05
4-3,2025-09-06,2025-09-06 06:00:00,6,2025-09-06 06:10:00,2025-09-07 06:00:00,6591.442804644435,6000.0,3.3327549655797774e-16,forecast,1.0,24736.43961955912,28006.410933933505,False,2025-09-05
4-3,2025-09-06,2025-09-06 12:00:00,12,2025-09-06 12:10:00,2025-09-07 12:00:00,10800.0,6000.0,0.0,forecast,1.0,23314.018988289645,26326.44037593927,False,2025-09-05
4-3,2025-09-06,2025-09-06 18:00:00,18,2025-09-06 18:10:00,2025-09-07 18:00:00,10800.0,6000.0,0.0,forecast,1.0,19523.362975044634,22127.84709983854,False,2025-09-05
4-3,2025-09-07,2025-09-07 00:00:00,0,2025-09-07 00:10:00,2025-09-08 00:00:00,9340.071007327542,6000.0,1.482307876999488e-16,forecast,1.0,43976.03793970359,49085.3299467618,False,2025-09-06
4-3,2025-09-07,2025-09-07 06:00:00,6,2025-09-07 06:10:00,2025-09-08 06:00:00,9260.124685185185,6000.0,3.867793281645016e-16,forecast,1.0,48375.08985278315,54507.95378511152,False,2025-09-06
4-3,2025-09-07,2025-09-07 12:00:00,12,2025-09-07 12:10:00,2025-09-08 12:00:00,8808.936330685765,6000.0,0.0,forecast,1.0,45954.17043466401,51336.6393322942,False,2025-09-06
4-3,2025-09-07,2025-09-07 18:00:00,18,2025-09-07 18:10:00,2025-09-08 18:00:00,10800.0,6000.0,0.0,forecast,1.0,45266.788927120426,50860.108523756615,False,2025-09-06
4-3,2025-09-08,2025-09-08 00:00:00,0,2025-09-08 00:10:00,2025-09-09 00:00:00,7918.087069139324,6000.0,2.900926089081634e-16,forecast,1.0,44373.81991839236,50162.995287042875,False,2025-09-07
4-3,2025-09-08,2025-09-08 06:00:00,6,2025-09-08 06:10:00,2025-09-09 06:00:00,9946.024287610919,6000.0,0.0,forecast,1.0,44629.691251624456,50389.34791946427,False,2025-09-07
4-3,2025-09-08,2025-09-08 12:00:00,12,2025-09-08 12:10:00,2025-09-09 12:00:00,9583.25107514087,6000.0,9.196102778230655e-16,forecast,1.0,43962.36438565717,49539.500894679666,False,2025-09-07
4-3,2025-09-08,2025-09-08 18:00:00,18,2025-09-08 18:10:00,2025-09-09 18:00:00,10789.613082856675,6000.0,0.0,forecast,1.0,42402.92605408108,47743.989032535,False,2025-09-07
4-3,2025-09-09,2025-09-09 00:00:00,0,2025-09-09 00:10:00,2025-09-10 00:00:00,6981.992528435762,6000.0,0.0,forecast,1.0,39328.612391589835,44160.6671339272,False,2025-09-08
4-3,2025-09-09,2025-09-09 06:00:00,6,2025-09-09 06:10:00,2025-09-10 06:00:00,9279.187944444446,6000.0,0.0,forecast,1.0,43268.003072137755,48659.548831641696,False,2025-09-08
4-3,2025-09-09,2025-09-09 12:00:00,12,2025-09-09 12:10:00,2025-09-10 12:00:00,8522.393804252362,6000.0,0.0,forecast,1.0,41131.37938681376,46110.85824740403,False,2025-09-08
4-3,2025-09-09,2025-09-09 18:00:00,18,2025-09-09 18:10:00,2025-09-10 18:00:00,10800.0,6000.0,0.0,forecast,1.0,46869.7557379403,52973.36163095338,False,2025-09-08
4-3,2025-09-10,2025-09-10 00:00:00,0,2025-09-10 00:10:00,2025-09-11 00:00:00,6932.956381663483,6000.0,0.0,forecast,1.0,46120.73211153292,52048.36813388483,False,2025-09-09
4-3,2025-09-10,2025-09-10 06:00:00,6,2025-09-10 06:10:00,2025-09-11 06:00:00,9901.89212962963,6000.0,0.0,forecast,1.0,44847.70842752914,50544.788739759504,False,2025-09-09
4-3,2025-09-10,2025-09-10 12:00:00,12,2025-09-10 12:10:00,2025-09-11 12:00:00,8781.298803653506,6000.0,5.902371708258332e-16,forecast,1.0,52766.69295496709,59211.80322125305,False,2025-09-09
4-3,2025-09-10,2025-09-10 18:00:00,18,2025-09-10 18:10:00,2025-09-11 18:00:00,10747.08477010055,6000.0,2.5509920226919403e-16,forecast,1.0,43843.46856071803,49234.461363387214,False,2025-09-09
4-3,2025-09-11,2025-09-11 00:00:00,0,2025-09-11 00:10:00,2025-09-12 00:00:00,6772.5765865046305,6000.0,0.0,forecast,1.0,45848.89840490083,51798.03975830178,False,2025-09-10
4-3,2025-09-11,2025-09-11 06:00:00,6,2025-09-11 06:10:00,2025-09-12 06:00:00,9977.1625,6000.0,0.0,forecast,1.0,42543.72892460377,48183.04272054108,False,2025-09-10
4-3,2025-09-11,2025-09-11 12:00:00,12,2025-09-11 12:10:00,2025-09-12 12:00:00,8587.486453298612,6000.0,6.100088860139583e-16,forecast,1.0,42410.79197005794,47965.68118169479,False,2025-09-10
4-3,2025-09-11,2025-09-11 18:00:00,18,2025-09-11 18:10:00,2025-09-12 18:00:00,10800.0,6000.0,0.0,forecast,1.0,34223.031753639094,39728.49571979474,False,2025-09-10
4-3,2025-09-12,2025-09-12 00:00:00,0,2025-09-12 00:10:00,2025-09-13 00:00:00,7021.409642656251,6000.0,0.0,forecast,1.0,17374.479713681947,20188.09136972457,False,2025-09-11
4-3,2025-09-12,2025-09-12 06:00:00,6,2025-09-12 06:10:00,2025-09-13 06:00:00,5199.841836553964,6000.0,0.0,forecast,1.0,18713.805009328797,21773.499282957477,False,2025-09-11
4-3,2025-09-12,2025-09-12 12:00:00,12,2025-09-12 12:10:00,2025-09-13 12:00:00,10800.0,6000.0,0.0,forecast,1.0,19331.362121255115,22764.0943519187,False,2025-09-11
4-3,2025-09-12,2025-09-12 18:00:00,18,2025-09-12 18:10:00,2025-09-13 18:00:00,10202.388425925927,6000.0,0.0,forecast,1.0,15515.985107304718,17895.358551496793,False,2025-09-11
4-3,2025-09-13,2025-09-13 00:00:00,0,2025-09-13 00:10:00,2025-09-14 00:00:00,8177.778786345873,6000.0,0.0,forecast,1.0,15715.686976659694,18293.965515471667,False,2025-09-12
4-3,2025-09-13,2025-09-13 06:00:00,6,2025-09-13 06:10:00,2025-09-14 06:00:00,5090.94649172285,6000.0,0.0,forecast,1.0,18698.2747686158,21612.96628182259,False,2025-09-12
4-3,2025-09-13,2025-09-13 12:00:00,12,2025-09-13 12:10:00,2025-09-14 12:00:00,10800.0,6000.0,4.567524241072767e-16,forecast,1.0,17860.530661762714,20581.346311029673,False,2025-09-12
4-3,2025-09-13,2025-09-13 18:00:00,18,2025-09-13 18:10:00,2025-09-14 18:00:00,10800.0,6000.0,0.0,forecast,1.0,21664.76381479633,24898.113375641078,False,2025-09-12
4-3,2025-09-14,2025-09-14 00:00:00,0,2025-09-14 00:10:00,2025-09-15 00:00:00,7446.3769421875,6000.0,1.362762993924829e-16,forecast,1.0,47311.717018658135,53391.21412886055,False,2025-09-13
4-3,2025-09-14,2025-09-14 06:00:00,6,2025-09-14 06:10:00,2025-09-15 06:00:00,9957.916203703704,6000.0,6.35582479065924e-16,forecast,1.0,46090.788635740624,51971.05484439226,False,2025-09-13
4-3,2025-09-14,2025-09-14 12:00:00,12,2025-09-14 12:10:00,2025-09-15 12:00:00,10800.0,6000.0,0.0,forecast,1.0,42806.75231910667,48126.91912931806,False,2025-09-13
4-3,2025-09-14,2025-09-14 18:00:00,18,2025-09-14 18:10:00,2025-09-15 18:00:00,10800.0,6000.0,0.0,forecast,1.0,38833.70748105049,43769.283999111016,False,2025-09-13
4-3,2025-09-15,2025-09-15 00:00:00,0,2025-09-15 00:10:00,2025-09-16 00:00:00,6287.380432147572,6000.0,0.0,forecast,1.0,37406.362664543,42353.7628377841,False,2025-09-14
4-3,2025-09-15,2025-09-15 06:00:00,6,2025-09-15 06:10:00,2025-09-16 06:00:00,9107.599018518518,6000.0,0.0,forecast,1.0,37184.98390124748,41979.76511441847,False,2025-09-14
4-3,2025-09-15,2025-09-15 12:00:00,12,2025-09-15 12:10:00,2025-09-16 12:00:00,7090.78443,6000.0,0.0,forecast,1.0,38088.20388187349,42945.664125257055,False,2025-09-14
4-3,2025-09-15,2025-09-15 18:00:00,18,2025-09-15 18:10:00,2025-09-16 18:00:00,10711.844698409239,6000.0,0.0,forecast,1.0,44387.072186006204,50716.09191112176,False,2025-09-14
4-3,2025-09-16,2025-09-16 00:00:00,0,2025-09-16 00:10:00,2025-09-17 00:00:00,6481.047030744312,6000.0,0.0,forecast,1.0,44086.412750432035,50484.963961926216,False,2025-09-15
4-3,2025-09-16,2025-09-16 06:00:00,6,2025-09-16 06:10:00,2025-09-17 06:00:00,9843.39227148177,6000.0,0.0,forecast,1.0,43069.94238324641,49199.211783265986,False,2025-09-15
4-3,2025-09-16,2025-09-16 12:00:00,12,2025-09-16 12:10:00,2025-09-17 12:00:00,9803.215910990642,6000.0,4.858681317128152e-16,forecast,1.0,43534.77087718794,49335.54161149495,False,2025-09-15
4-3,2025-09-16,2025-09-16 18:00:00,18,2025-09-16 18:10:00,2025-09-17 18:00:00,9694.438633504149,6000.0,0.0,forecast,1.0,46299.74027813382,52437.8772952166,False,2025-09-15
4-3,2025-09-17,2025-09-17 00:00:00,0,2025-09-17 00:10:00,2025-09-18 00:00:00,5964.962099045044,6000.0,0.0,forecast,1.0,44239.86474064771,50264.50243329337,False,2025-09-16
4-3,2025-09-17,2025-09-17 06:00:00,6,2025-09-17 06:10:00,2025-09-18 06:00:00,9874.074074074075,6000.0,0.0,forecast,1.0,42499.43431815496,48228.37358929575,False,2025-09-16
4-3,2025-09-17,2025-09-17 12:00:00,12,2025-09-17 12:10:00,2025-09-18 12:00:00,7349.692342057631,6000.0,0.0,forecast,1.0,51574.967690965976,58652.13841547216,False,2025-09-16
4-3,2025-09-17,2025-09-17 18:00:00,18,2025-09-17 18:10:00,2025-09-18 18:00:00,10003.393981481482,6000.0,0.0,forecast,1.0,39228.57773719962,44638.077498091465,False,2025-09-16
4-3,2025-09-18,2025-09-18 00:00:00,0,2025-09-18 00:10:00,2025-09-19 00:00:00,6463.974758839458,6000.0,0.0,forecast,1.0,38080.30333305597,43198.28562403887,False,2025-09-17
4-3,2025-09-18,2025-09-18 06:00:00,6,2025-09-18 06:10:00,2025-09-19 06:00:00,9919.948017983217,6000.0,4.3807173494078773e-16,forecast,1.0,41093.795059257915,47226.41238923449,False,2025-09-17
4-3,2025-09-18,2025-09-18 12:00:00,12,2025-09-18 12:10:00,2025-09-19 12:00:00,8100.837834839796,6000.0,1.200695509042555e-15,forecast,1.0,37523.04930885593,42612.19665741844,False,2025-09-17
4-3,2025-09-18,2025-09-18 18:00:00,18,2025-09-18 18:10:00,2025-09-19 18:00:00,10800.0,6000.0,0.0,forecast,1.0,33809.28929017673,39404.81979676582,False,2025-09-17
4-3,2025-09-19,2025-09-19 00:00:00,0,2025-09-19 00:10:00,2025-09-20 00:00:00,6130.162394112848,6000.0,0.0,forecast,1.0,14517.903798558431,17204.47645636717,False,2025-09-18
4-3,2025-09-19,2025-09-19 06:00:00,6,2025-09-19 06:10:00,2025-09-20 06:00:00,3785.7349332867,6000.0,0.0,forecast,1.0,15893.524713651303,18801.054799591104,False,2025-09-18
4-3,2025-09-19,2025-09-19 12:00:00,12,2025-09-19 12:10:00,2025-09-20 12:00:00,10800.0,6000.0,6.195704716408283e-16,forecast,1.0,15120.814113587998,17772.811054232847,False,2025-09-18
4-3,2025-09-19,2025-09-19 18:00:00,18,2025-09-19 18:10:00,2025-09-20 18:00:00,10232.774074074074,6000.0,2.998348591458426e-16,forecast,1.0,13034.332279683751,15294.573103107288,False,2025-09-18
4-3,2025-09-20,2025-09-20 00:00:00,0,2025-09-20 00:10:00,2025-09-21 00:00:00,6963.439863194882,6000.0,0.0,forecast,1.0,13866.959571284577,16488.742139568214,False,2025-09-19
4-3,2025-09-20,2025-09-20 06:00:00,6,2025-09-20 06:10:00,2025-09-21 06:00:00,4331.92460972473,6000.0,0.0,forecast,1.0,16434.745956851377,19282.617827103983,False,2025-09-19
4-3,2025-09-20,2025-09-20 12:00:00,12,2025-09-20 12:10:00,2025-09-21 12:00:00,10800.0,6000.0,5.064420528161524e-16,forecast,1.0,15831.76272661493,18473.29089821887,False,2025-09-19
4-3,2025-09-20,2025-09-20 18:00:00,18,2025-09-20 18:10:00,2025-09-21 18:00:00,10182.046296296296,6000.0,2.5960973106853457e-16,forecast,1.0,13389.467276107054,15563.523505190526,False,2025-09-19
4-3,2025-09-21,2025-09-21 00:00:00,0,2025-09-21 00:10:00,2025-09-22 00:00:00,6488.519775009405,6000.0,0.0,forecast,1.0,42162.95324912714,48095.20588054732,False,2025-09-20
4-3,2025-09-21,2025-09-21 06:00:00,6,2025-09-21 06:10:00,2025-09-22 06:00:00,9889.96960413291,6000.0,0.0,forecast,1.0,41584.233152640605,47227.935548717855,False,2025-09-20
4-3,2025-09-21,2025-09-21 12:00:00,12,2025-09-21 12:10:00,2025-09-22 12:00:00,10414.209418038292,6000.0,5.174147885725169e-16,forecast,1.0,40320.872174469274,45600.10061275074,False,2025-09-20
4-3,2025-09-21,2025-09-21 18:00:00,18,2025-09-21 18:10:00,2025-09-22 18:00:00,9949.246296296296,6000.0,0.0,forecast,1.0,38484.62453872352,43590.18259198608,False,2025-09-20
4-3,2025-09-22,2025-09-22 00:00:00,0,2025-09-22 00:10:00,2025-09-23 00:00:00,6216.440629244455,6000.0,0.0,forecast,1.0,46058.13787317705,52634.40346718566,False,2025-09-21
4-3,2025-09-22,2025-09-22 06:00:00,6,2025-09-22 06:10:00,2025-09-23 06:00:00,9933.927777777779,6000.0,1.9792369564610248e-15,forecast,1.0,44478.171915476676,50762.3623302717,False,2025-09-21
4-3,2025-09-22,2025-09-22 12:00:00,12,2025-09-22 12:10:00,2025-09-23 12:00:00,8482.26698790365,6000.0,0.0,forecast,1.0,48985.39783313969,55512.18236254272,False,2025-09-21
4-3,2025-09-22,2025-09-22 18:00:00,18,2025-09-22 18:10:00,2025-09-23 18:00:00,9921.842807445986,6000.0,0.0,forecast,1.0,41612.46710205983,47533.0885813444,False,2025-09-21
4-3,2025-09-23,2025-09-23 00:00:00,0,2025-09-23 00:10:00,2025-09-24 00:00:00,6133.978241397278,6000.0,0.0,forecast,1.0,45372.08662419085,51955.123549284806,False,2025-09-22
4-3,2025-09-23,2025-09-23 06:00:00,6,2025-09-23 06:10:00,2025-09-24 06:00:00,9921.52962962963,6000.0,1.2967182168876185e-15,forecast,1.0,44104.18614380859,50369.60580561395,False,2025-09-22
4-3,2025-09-23,2025-09-23 12:00:00,12,2025-09-23 12:10:00,2025-09-24 12:00:00,8343.712104270833,6000.0,0.0,forecast,1.0,47871.28064748252,54311.29789795315,False,2025-09-22
4-3,2025-09-23,2025-09-23 18:00:00,18,2025-09-23 18:10:00,2025-09-24 18:00:00,9963.727777777778,6000.0,2.4374015574017627e-16,forecast,1.0,43765.650784453755,49666.235222543866,False,2025-09-22
4-3,2025-09-24,2025-09-24 00:00:00,0,2025-09-24 00:10:00,2025-09-25 00:00:00,6356.64940328969,6000.0,0.0,forecast,1.0,39774.57141462683,45022.885193456954,False,2025-09-23
4-3,2025-09-24,2025-09-24 06:00:00,6,2025-09-24 06:10:00,2025-09-25 06:00:00,9931.10435691551,6000.0,0.0,forecast,1.0,40078.72023440116,45484.28915454767,False,2025-09-23
4-3,2025-09-24,2025-09-24 12:00:00,12,2025-09-24 12:10:00,2025-09-25 12:00:00,5536.642223820792,6000.0,3.3666865131369786e-16,forecast,1.0,45700.788272841666,51800.17399184695,False,2025-09-23
4-3,2025-09-24,2025-09-24 18:00:00,18,2025-09-24 18:10:00,2025-09-25 18:00:00,9976.218518518519,6000.0,0.0,forecast,1.0,45555.905169363774,51906.186361905,False,2025-09-23
4-3,2025-09-25,2025-09-25 00:00:00,0,2025-09-25 00:10:00,2025-09-26 00:00:00,6824.810525256751,6000.0,0.0,forecast,1.0,42092.696049124235,47902.33754714625,False,2025-09-24
4-3,2025-09-25,2025-09-25 06:00:00,6,2025-09-25 06:10:00,2025-09-26 06:00:00,9927.181481481482,6000.0,0.0,forecast,1.0,40247.84868927949,46107.76380093427,False,2025-09-24
4-3,2025-09-25,2025-09-25 12:00:00,12,2025-09-25 12:10:00,2025-09-26 12:00:00,9323.50326540413,6000.0,0.0,forecast,1.0,49729.091501067014,57753.69134011763,False,2025-09-24
4-3,2025-09-25,2025-09-25 18:00:00,18,2025-09-25 18:10:00,2025-09-26 18:00:00,10101.366993870564,6000.0,3.376452726553329e-16,forecast,1.0,35293.43738185345,40692.75082659924,False,2025-09-24
4-3,2025-09-26,2025-09-26 00:00:00,0,2025-09-26 00:10:00,2025-09-27 00:00:00,6139.425573568966,6000.0,0.0,forecast,1.0,15144.413488532879,17975.715573506866,False,2025-09-25
4-3,2025-09-26,2025-09-26 06:00:00,6,2025-09-26 06:10:00,2025-09-27 06:00:00,4880.852191857929,6000.0,0.0,forecast,1.0,15812.919531121495,18792.551012536667,False,2025-09-25
4-3,2025-09-26,2025-09-26 12:00:00,12,2025-09-26 12:10:00,2025-09-27 12:00:00,10800.0,6000.0,1.1833698253817595e-15,forecast,1.0,15640.064678561534,18494.22329951639,False,2025-09-25
4-3,2025-09-26,2025-09-26 18:00:00,18,2025-09-26 18:10:00,2025-09-27 18:00:00,10307.992592592593,6000.0,5.59998932884909e-16,forecast,1.0,13001.421291646697,15362.804587923507,False,2025-09-25
4-3,2025-09-27,2025-09-27 00:00:00,0,2025-09-27 00:10:00,2025-09-28 00:00:00,7024.0577808527205,6000.0,0.0,forecast,1.0,13715.78116079688,16310.117228743242,False,2025-09-26
4-3,2025-09-27,2025-09-27 06:00:00,6,2025-09-27 06:10:00,2025-09-28 06:00:00,4488.205088588495,6000.0,0.0,forecast,1.0,17625.3247787555,20574.764378734395,False,2025-09-26
4-3,2025-09-27,2025-09-27 12:00:00,12,2025-09-27 12:10:00,2025-09-28 12:00:00,10800.0,6000.0,0.0,forecast,1.0,16567.801057310575,19283.789729701697,False,2025-09-26
4-3,2025-09-27,2025-09-27 18:00:00,18,2025-09-27 18:10:00,2025-09-28 18:00:00,10155.086797439237,6000.0,0.0,forecast,1.0,14081.488257683868,16342.698442228555,False,2025-09-26
4-3,2025-09-28,2025-09-28 00:00:00,0,2025-09-28 00:10:00,2025-09-29 00:00:00,5994.050396004774,6000.0,0.0,forecast,1.0,43691.28981227408,49751.53063184041,False,2025-09-27
4-3,2025-09-28,2025-09-28 06:00:00,6,2025-09-28 06:10:00,2025-09-29 06:00:00,9907.55,6000.0,0.0,forecast,1.0,47482.547151255465,54088.20957217789,False,2025-09-27
4-3,2025-09-28,2025-09-28 12:00:00,12,2025-09-28 12:10:00,2025-09-29 12:00:00,8291.271043312692,6000.0,0.0,forecast,1.0,46263.26401900808,52394.679062355935,False,2025-09-27
4-3,2025-09-28,2025-09-28 18:00:00,18,2025-09-28 18:10:00,2025-09-29 18:00:00,10627.905600127797,6000.0,0.0,forecast,1.0,41452.21662850037,46937.502394871124,False,2025-09-27
4-3,2025-09-29,2025-09-29 00:00:00,0,2025-09-29 00:10:00,2025-09-30 00:00:00,6834.425950134161,6000.0,0.0,forecast,1.0,45643.55951702563,51675.084636977816,False,2025-09-28
4-3,2025-09-29,2025-09-29 06:00:00,6,2025-09-29 06:10:00,2025-09-30 06:00:00,9878.731481481482,6000.0,6.604629846978521e-16,forecast,1.0,44217.19603940769,49971.63435503302,False,2025-09-28
4-3,2025-09-29,2025-09-29 12:00:00,12,2025-09-29 12:10:00,2025-09-30 12:00:00,8495.235141666664,6000.0,1.6458300596814778e-15,forecast,1.0,46584.83930803524,52409.45412699736,False,2025-09-28
4-3,2025-09-29,2025-09-29 18:00:00,18,2025-09-29 18:10:00,2025-09-30 18:00:00,9959.394444444444,6000.0,2.475815363603132e-16,forecast,1.0,43097.44815816546,48424.904960187734,False,2025-09-28
4-3,2025-09-30,2025-09-30 00:00:00,0,2025-09-30 00:10:00,2025-10-01 00:00:00,6099.10545534375,6000.0,0.0,forecast,1.0,46568.3915266704,52728.96084413816,False,2025-09-29
4-3,2025-09-30,2025-09-30 06:00:00,6,2025-09-30 06:10:00,2025-10-01 06:00:00,9937.694444444445,6000.0,0.0,forecast,1.0,45913.45794139451,51764.87214300213,False,2025-09-29
4-3,2025-09-30,2025-09-30 12:00:00,12,2025-09-30 12:10:00,2025-10-01 12:00:00,6100.2497204574165,6000.0,0.0,forecast,1.0,49590.06559926329,55652.15831270343,False,2025-09-29
4-3,2025-09-30,2025-09-30 18:00:00,18,2025-09-30 18:10:00,2025-10-01 18:00:00,10786.162319618055,6000.0,0.0,forecast,1.0,38210.96452890444,43049.4360637457,False,2025-09-29
4-3,2025-10-01,2025-10-01 00:00:00,0,2025-10-01 00:10:00,2025-10-02 00:00:00,6634.994966853638,6000.0,1.485183706558449e-16,forecast,1.0,43478.45857979644,48990.282981883065,False,2025-09-30
4-3,2025-10-01,2025-10-01 06:00:00,6,2025-10-01 06:10:00,2025-10-02 06:00:00,9892.80925925926,6000.0,0.0,forecast,1.0,42839.917073031116,48148.67363173337,False,2025-09-30
4-3,2025-10-01,2025-10-01 12:00:00,12,2025-10-01 12:10:00,2025-10-02 12:00:00,10628.058546190347,6000.0,0.0,forecast,1.0,44612.44459979075,50026.350479787114,False,2025-09-30
4-3,2025-10-01,2025-10-01 18:00:00,18,2025-10-01 18:10:00,2025-10-02 18:00:00,10800.0,6000.0,0.0,forecast,1.0,38660.377897405866,43041.50306609487,False,2025-09-30
4-3,2025-10-02,2025-10-02 00:00:00,0,2025-10-02 00:10:00,2025-10-03 00:00:00,9181.718378974685,6000.0,0.0,forecast,1.0,47202.30886760558,53107.7140415491,False,2025-10-01
4-3,2025-10-02,2025-10-02 06:00:00,6,2025-10-02 06:10:00,2025-10-03 06:00:00,9835.025154065394,6000.0,8.194833418806944e-16,forecast,1.0,44954.46341286664,50714.014030717735,False,2025-10-01
4-3,2025-10-02,2025-10-02 12:00:00,12,2025-10-02 12:10:00,2025-10-03 12:00:00,10800.0,6000.0,0.0,forecast,1.0,43121.30846316976,48876.66973764624,False,2025-10-01
4-3,2025-10-02,2025-10-02 18:00:00,18,2025-10-02 18:10:00,2025-10-03 18:00:00,10800.0,6000.0,1.5368481894475867e-16,forecast,1.0,36994.07937432687,42592.432222213065,False,2025-10-01
4-3,2025-10-03,2025-10-03 00:00:00,0,2025-10-03 00:10:00,2025-10-04 00:00:00,9221.613478433159,6000.0,0.0,forecast,1.0,12772.403546080406,14925.356331745617,False,2025-10-02
4-3,2025-10-03,2025-10-03 06:00:00,6,2025-10-03 06:10:00,2025-10-04 06:00:00,4917.442855527396,6000.0,0.0,forecast,1.0,14683.357080899472,17164.627384844185,False,2025-10-02
4-3,2025-10-03,2025-10-03 12:00:00,12,2025-10-03 12:10:00,2025-10-04 12:00:00,10800.0,6000.0,0.0,forecast,1.0,14844.74058720471,17327.792807748454,False,2025-10-02
4-3,2025-10-03,2025-10-03 18:00:00,18,2025-10-03 18:10:00,2025-10-04 18:00:00,10319.427777777777,6000.0,5.66057136680086e-16,forecast,1.0,12248.46239686296,14318.944135558104,False,2025-10-02
4-3,2025-10-04,2025-10-04 00:00:00,0,2025-10-04 00:10:00,2025-10-05 00:00:00,8369.094656325713,6000.0,0.0,forecast,1.0,14090.741387604954,16307.6406879434,False,2025-10-03
4-3,2025-10-04,2025-10-04 06:00:00,6,2025-10-04 06:10:00,2025-10-05 06:00:00,5276.813830356385,6000.0,0.0,forecast,1.0,17075.898766175917,19487.46563535212,False,2025-10-03
4-3,2025-10-04,2025-10-04 12:00:00,12,2025-10-04 12:10:00,2025-10-05 12:00:00,10800.0,6000.0,0.0,forecast,1.0,19701.271851891062,22534.217707510623,False,2025-10-03
4-3,2025-10-04,2025-10-04 18:00:00,18,2025-10-04 18:10:00,2025-10-05 18:00:00,10327.127777777778,6000.0,4.251511345177725e-16,forecast,1.0,14459.166922621393,16485.63794371979,False,2025-10-03
4-3,2025-10-05,2025-10-05 00:00:00,0,2025-10-05 00:10:00,2025-10-06 00:00:00,7924.700186083383,6000.0,0.0,forecast,1.0,46635.76946338777,52077.912988570344,False,2025-10-04
4-3,2025-10-05,2025-10-05 06:00:00,6,2025-10-05 06:10:00,2025-10-06 06:00:00,9922.351851851852,6000.0,0.0,forecast,1.0,46288.17471366052,51584.22814167217,False,2025-10-04
4-3,2025-10-05,2025-10-05 12:00:00,12,2025-10-05 12:10:00,2025-10-06 12:00:00,10800.0,6000.0,0.0,forecast,1.0,48876.59623576671,54451.89031065184,False,2025-10-04
4-3,2025-10-05,2025-10-05 18:00:00,18,2025-10-05 18:10:00,2025-10-06 18:00:00,10800.0,6000.0,0.0,forecast,1.0,46427.62790587975,51899.26927827556,False,2025-10-04
4-3,2025-10-06,2025-10-06 00:00:00,0,2025-10-06 00:10:00,2025-10-07 00:00:00,8272.21145621253,6000.0,0.0,forecast,1.0,40319.14135953579,44411.36171023028,False,2025-10-05
4-3,2025-10-06,2025-10-06 06:00:00,6,2025-10-06 06:10:00,2025-10-07 06:00:00,9943.194444444445,6000.0,0.0,forecast,1.0,42035.48732001994,46581.30681209982,False,2025-10-05
4-3,2025-10-06,2025-10-06 12:00:00,12,2025-10-06 12:10:00,2025-10-07 12:00:00,6658.543543726999,6000.0,0.0,forecast,1.0,47771.397940715746,52888.40089893881,False,2025-10-05
4-3,2025-10-06,2025-10-06 18:00:00,18,2025-10-06 18:10:00,2025-10-07 18:00:00,10800.0,6000.0,0.0,forecast,1.0,37479.515874503006,41552.71663012733,False,2025-10-05
4-3,2025-10-07,2025-10-07 00:00:00,0,2025-10-07 00:10:00,2025-10-08 00:00:00,8199.000293468365,6000.0,0.0,forecast,1.0,42384.41609584862,47106.0600111112,False,2025-10-06
4-3,2025-10-07,2025-10-07 06:00:00,6,2025-10-07 06:10:00,2025-10-08 06:00:00,9907.331882754628,6000.0,0.0,forecast,1.0,42422.270399741225,47076.30908471872,False,2025-10-06
4-3,2025-10-07,2025-10-07 12:00:00,12,2025-10-07 12:10:00,2025-10-08 12:00:00,7508.858498246145,6000.0,3.0877124084273824e-16,forecast,1.0,49076.91541288796,54707.62391604826,False,2025-10-06
4-3,2025-10-07,2025-10-07 18:00:00,18,2025-10-07 18:10:00,2025-10-08 18:00:00,10800.0,6000.0,2.7718156304486067e-16,forecast,1.0,39585.27823402504,43955.31780801011,False,2025-10-06
4-3,2025-10-08,2025-10-08 00:00:00,0,2025-10-08 00:10:00,2025-10-09 00:00:00,8316.565843704333,6000.0,0.0,forecast,1.0,38430.13719051688,42775.773624330395,False,2025-10-07
4-3,2025-10-08,2025-10-08 06:00:00,6,2025-10-08 06:10:00,2025-10-09 06:00:00,9905.981481481482,6000.0,0.0,forecast,1.0,37925.14362353737,42139.614948008624,False,2025-10-07
4-3,2025-10-08,2025-10-08 12:00:00,12,2025-10-08 12:10:00,2025-10-09 12:00:00,6785.210937837869,6000.0,0.0,forecast,1.0,39999.77132187747,44348.82266692033,False,2025-10-07
4-3,2025-10-08,2025-10-08 18:00:00,18,2025-10-08 18:10:00,2025-10-09 18:00:00,10714.351134419465,6000.0,0.0,forecast,1.0,42390.35383102819,47442.317284068275,False,2025-10-07
4-3,2025-10-09,2025-10-09 00:00:00,0,2025-10-09 00:10:00,2025-10-10 00:00:00,6898.865037503909,6000.0,0.0,forecast,1.0,44421.70567153589,49609.072043206914,False,2025-10-08
4-3,2025-10-09,2025-10-09 06:00:00,6,2025-10-09 06:10:00,2025-10-10 06:00:00,9938.282409375,6000.0,8.207026541966607e-16,forecast,1.0,40971.33593163314,45998.210780153735,False,2025-10-08
4-3,2025-10-09,2025-10-09 12:00:00,12,2025-10-09 12:10:00,2025-10-10 12:00:00,10173.643171330825,6000.0,5.571062037182158e-16,forecast,1.0,39197.88407943064,43824.66511731793,False,2025-10-08
4-3,2025-10-09,2025-10-09 18:00:00,18,2025-10-09 18:10:00,2025-10-10 18:00:00,10640.79044752122,6000.0,0.0,forecast,1.0,30550.131223666365,34519.262182531675,False,2025-10-08
4-3,2025-10-10,2025-10-10 00:00:00,0,2025-10-10 00:10:00,2025-10-11 00:00:00,6156.505510120225,6000.0,0.0,forecast,1.0,12996.744828257622,15034.615623856047,False,2025-10-09
4-3,2025-10-10,2025-10-10 06:00:00,6,2025-10-10 06:10:00,2025-10-11 06:00:00,5198.76338360224,6000.0,0.0,forecast,1.0,13773.887416506226,15890.152304736703,False,2025-10-09
4-3,2025-10-10,2025-10-10 12:00:00,12,2025-10-10 12:10:00,2025-10-11 12:00:00,10800.0,6000.0,2.876738698203908e-16,forecast,1.0,13392.03768102808,15432.989251236699,False,2025-10-09
4-3,2025-10-10,2025-10-10 18:00:00,18,2025-10-10 18:10:00,2025-10-11 18:00:00,10155.94220455729,6000.0,0.0,forecast,1.0,11273.973576015034,13092.153978584105,False,2025-10-09
4-3,2025-10-11,2025-10-11 00:00:00,0,2025-10-11 00:10:00,2025-10-12 00:00:00,6661.8140118152505,6000.0,0.0,forecast,1.0,13415.972750044317,15393.568541703971,False,2025-10-10
4-3,2025-10-11,2025-10-11 06:00:00,6,2025-10-11 06:10:00,2025-10-12 06:00:00,5951.992667251157,6000.0,4.188908013333898e-16,forecast,1.0,15956.054343167125,18063.14514341631,False,2025-10-10
4-3,2025-10-11,2025-10-11 12:00:00,12,2025-10-11 12:10:00,2025-10-12 12:00:00,10800.0,6000.0,0.0,forecast,1.0,15410.384155479971,17419.76719617056,False,2025-10-10
4-3,2025-10-11,2025-10-11 18:00:00,18,2025-10-11 18:10:00,2025-10-12 18:00:00,10235.955010407844,6000.0,0.0,forecast,1.0,12581.677914352502,14304.992057766915,False,2025-10-10
4-3,2025-10-12,2025-10-12 00:00:00,0,2025-10-12 00:10:00,2025-10-13 00:00:00,6534.671139932295,6000.0,0.0,forecast,1.0,40172.24661626037,44515.881441572245,False,2025-10-11
4-3,2025-10-12,2025-10-12 06:00:00,6,2025-10-12 06:10:00,2025-10-13 06:00:00,9911.136261082176,6000.0,0.0,forecast,1.0,39402.644701109544,43655.88637047254,False,2025-10-11
4-3,2025-10-12,2025-10-12 12:00:00,12,2025-10-12 12:10:00,2025-10-13 12:00:00,9373.064848226802,6000.0,4.1072339145029403e-16,forecast,1.0,40119.776607009466,44260.835426067824,False,2025-10-11
4-3,2025-10-12,2025-10-12 18:00:00,18,2025-10-12 18:10:00,2025-10-13 18:00:00,10264.801930314381,6000.0,0.0,forecast,1.0,43171.10935533895,48072.092008160325,False,2025-10-11
4-3,2025-10-13,2025-10-13 00:00:00,0,2025-10-13 00:10:00,2025-10-14 00:00:00,6014.917940663628,6000.0,0.0,forecast,1.0,43188.04635452589,47884.79367606116,False,2025-10-12
4-3,2025-10-13,2025-10-13 06:00:00,6,2025-10-13 06:10:00,2025-10-14 06:00:00,9875.265713498264,6000.0,0.0,forecast,1.0,41821.90697147798,46362.006217008784,False,2025-10-12
4-3,2025-10-13,2025-10-13 12:00:00,12,2025-10-13 12:10:00,2025-10-14 12:00:00,8521.886919505016,6000.0,0.0,forecast,1.0,43088.3075274266,47640.03759854236,False,2025-10-12
4-3,2025-10-13,2025-10-13 18:00:00,18,2025-10-13 18:10:00,2025-10-14 18:00:00,10700.042456240355,6000.0,0.0,forecast,1.0,45154.76764810266,50256.166866359,False,2025-10-12
4-3,2025-10-14,2025-10-14 00:00:00,0,2025-10-14 00:10:00,2025-10-15 00:00:00,6302.507906296874,6000.0,0.0,forecast,1.0,44882.38678513042,49814.00246804487,False,2025-10-13
4-3,2025-10-14,2025-10-14 06:00:00,6,2025-10-14 06:10:00,2025-10-15 06:00:00,9941.448148148149,6000.0,0.0,forecast,1.0,44007.25460029587,48764.44684058205,False,2025-10-13
4-3,2025-10-14,2025-10-14 12:00:00,12,2025-10-14 12:10:00,2025-10-15 12:00:00,7491.901537170142,6000.0,0.0,forecast,1.0,49630.657768023324,54941.405206437594,False,2025-10-13
4-3,2025-10-14,2025-10-14 18:00:00,18,2025-10-14 18:10:00,2025-10-15 18:00:00,10721.95204054784,6000.0,0.0,forecast,1.0,51107.47635848973,57060.3994410757,False,2025-10-13
4-3,2025-10-15,2025-10-15 00:00:00,0,2025-10-15 00:10:00,2025-10-16 00:00:00,6110.000553180551,6000.0,0.0,forecast,1.0,44758.44034842656,49810.17916863866,False,2025-10-14
4-3,2025-10-15,2025-10-15 06:00:00,6,2025-10-15 06:10:00,2025-10-16 06:00:00,9927.637037037037,6000.0,0.0,forecast,1.0,43194.54669899757,48034.33244997199,False,2025-10-14
4-3,2025-10-15,2025-10-15 12:00:00,12,2025-10-15 12:10:00,2025-10-16 12:00:00,8293.967254027295,6000.0,9.892284258047075e-16,forecast,1.0,48480.9925546517,53693.46073612826,False,2025-10-14
4-3,2025-10-15,2025-10-15 18:00:00,18,2025-10-15 18:10:00,2025-10-16 18:00:00,10290.680472337961,6000.0,0.0,forecast,1.0,38633.04251439042,42721.30400907186,False,2025-10-14
4-3,2025-10-16,2025-10-16 00:00:00,0,2025-10-16 00:10:00,2025-10-17 00:00:00,6141.6740313750015,6000.0,0.0,forecast,1.0,42323.188210491695,47007.32457015866,False,2025-10-15
4-3,2025-10-16,2025-10-16 06:00:00,6,2025-10-16 06:10:00,2025-10-17 06:00:00,9900.845018715423,6000.0,0.0,forecast,1.0,39073.83702130031,43632.650981286715,False,2025-10-15
4-3,2025-10-16,2025-10-16 12:00:00,12,2025-10-16 12:10:00,2025-10-17 12:00:00,7996.7959402365,6000.0,0.0,forecast,1.0,44435.873402508165,50209.669902032736,False,2025-10-15
4-3,2025-10-16,2025-10-16 18:00:00,18,2025-10-16 18:10:00,2025-10-17 18:00:00,10393.319971556713,6000.0,0.0,forecast,1.0,31021.763483071194,35114.354693921225,False,2025-10-15
4-3,2025-10-17,2025-10-17 00:00:00,0,2025-10-17 00:10:00,2025-10-18 00:00:00,6179.663358951677,6000.0,0.0,forecast,1.0,12265.5895274524,14179.795966454694,False,2025-10-16
4-3,2025-10-17,2025-10-17 06:00:00,6,2025-10-17 06:10:00,2025-10-18 06:00:00,5192.94418278043,6000.0,2.3796871691700515e-16,forecast,1.0,13885.432395320018,15986.82621979323,False,2025-10-16
4-3,2025-10-17,2025-10-17 12:00:00,12,2025-10-17 12:10:00,2025-10-18 12:00:00,10800.0,6000.0,0.0,forecast,1.0,13970.414303377736,16041.830313992023,False,2025-10-16
4-3,2025-10-17,2025-10-17 18:00:00,18,2025-10-17 18:10:00,2025-10-18 18:00:00,10297.942899382719,6000.0,0.0,forecast,1.0,12276.377301809905,14599.108726584247,False,2025-10-16
4-3,2025-10-18,2025-10-18 00:00:00,0,2025-10-18 00:10:00,2025-10-19 00:00:00,6547.951803743973,6000.0,0.0,forecast,1.0,14038.571621311003,16112.063542732332,False,2025-10-17
4-3,2025-10-18,2025-10-18 06:00:00,6,2025-10-18 06:10:00,2025-10-19 06:00:00,5524.615313315876,6000.0,0.0,forecast,1.0,16222.654663915451,18381.18033521781,False,2025-10-17
4-3,2025-10-18,2025-10-18 12:00:00,12,2025-10-18 12:10:00,2025-10-19 12:00:00,10800.0,6000.0,3.674979869637069e-16,forecast,1.0,17656.569196145654,19995.20307503185,False,2025-10-17
4-3,2025-10-18,2025-10-18 18:00:00,18,2025-10-18 18:10:00,2025-10-19 18:00:00,10304.631481481481,6000.0,0.0,forecast,1.0,13866.066186428987,15749.612918425993,False,2025-10-17
4-3,2025-10-19,2025-10-19 00:00:00,0,2025-10-19 00:10:00,2025-10-20 00:00:00,7037.6697219217795,6000.0,0.0,forecast,1.0,42845.553616275196,47537.32995946155,False,2025-10-18
4-3,2025-10-19,2025-10-19 06:00:00,6,2025-10-19 06:10:00,2025-10-20 06:00:00,9857.573608072918,6000.0,6.384633067547562e-16,forecast,1.0,42022.84031028439,46586.32725897487,False,2025-10-18
4-3,2025-10-19,2025-10-19 12:00:00,12,2025-10-19 12:10:00,2025-10-20 12:00:00,8035.597150301895,6000.0,5.997239268444494e-16,forecast,1.0,49227.52000678341,54438.02782213267,False,2025-10-18
4-3,2025-10-19,2025-10-19 18:00:00,18,2025-10-19 18:10:00,2025-10-20 18:00:00,10747.396305967497,6000.0,0.0,forecast,1.0,44431.702160162735,49412.97027165037,False,2025-10-18
4-3,2025-10-20,2025-10-20 00:00:00,0,2025-10-20 00:10:00,2025-10-21 00:00:00,6136.414507755063,6000.0,0.0,forecast,1.0,47942.991000216134,53150.299844323636,False,2025-10-19
4-3,2025-10-20,2025-10-20 06:00:00,6,2025-10-20 06:10:00,2025-10-21 06:00:00,9913.719183304398,6000.0,6.451408180139975e-16,forecast,1.0,46060.76214697635,51034.60491249786,False,2025-10-19
4-3,2025-10-20,2025-10-20 12:00:00,12,2025-10-20 12:10:00,2025-10-21 12:00:00,8761.623237447773,6000.0,0.0,forecast,1.0,53435.064548571325,59232.35889894114,False,2025-10-19
4-3,2025-10-20,2025-10-20 18:00:00,18,2025-10-20 18:10:00,2025-10-21 18:00:00,9998.220235435956,6000.0,0.0,forecast,1.0,48666.85204393545,54206.55024492106,False,2025-10-19
4-3,2025-10-21,2025-10-21 00:00:00,0,2025-10-21 00:10:00,2025-10-22 00:00:00,6038.113120867477,6000.0,0.0,forecast,1.0,46724.903624373575,51786.95408120977,False,2025-10-20
4-3,2025-10-21,2025-10-21 06:00:00,6,2025-10-21 06:10:00,2025-10-22 06:00:00,9844.010076533565,6000.0,0.0,forecast,1.0,45206.1951221411,50065.951169343636,False,2025-10-20
4-3,2025-10-21,2025-10-21 12:00:00,12,2025-10-21 12:10:00,2025-10-22 12:00:00,7027.951870443723,6000.0,8.910662991247606e-16,forecast,1.0,51468.54591490316,56884.9813194988,False,2025-10-20
4-3,2025-10-21,2025-10-21 18:00:00,18,2025-10-21 18:10:00,2025-10-22 18:00:00,10738.136278116415,6000.0,0.0,forecast,1.0,37812.20469049939,41805.69381345924,False,2025-10-20
4-3,2025-10-22,2025-10-22 00:00:00,0,2025-10-22 00:10:00,2025-10-23 00:00:00,6094.026962768519,6000.0,0.0,forecast,1.0,45458.951247639576,50266.58751822995,False,2025-10-21
4-3,2025-10-22,2025-10-22 06:00:00,6,2025-10-22 06:10:00,2025-10-23 06:00:00,9888.622222222222,6000.0,0.0,forecast,1.0,43700.75563101962,48312.16744128937,False,2025-10-21
4-3,2025-10-22,2025-10-22 12:00:00,12,2025-10-22 12:10:00,2025-10-23 12:00:00,7701.628136555795,6000.0,0.0,forecast,1.0,44469.65815717396,48991.27345126981,False,2025-10-21
4-3,2025-10-22,2025-10-22 18:00:00,18,2025-10-22 18:10:00,2025-10-23 18:00:00,9993.392592592592,6000.0,0.0,forecast,1.0,44729.558022078396,49708.13182490494,False,2025-10-21
4-3,2025-10-23,2025-10-23 00:00:00,0,2025-10-23 00:10:00,2025-10-24 00:00:00,6080.478260121094,6000.0,0.0,forecast,1.0,52215.267901153355,58048.749242422804,False,2025-10-22
4-3,2025-10-23,2025-10-23 06:00:00,6,2025-10-23 06:10:00,2025-10-24 06:00:00,10800.0,6000.0,1.546662841630902e-15,forecast,1.0,47785.44707728506,53391.20731466151,False,2025-10-22
4-3,2025-10-23,2025-10-23 12:00:00,12,2025-10-23 12:10:00,2025-10-24 12:00:00,10800.0,6000.0,0.0,forecast,1.0,42367.82700404426,47264.15528311798,False,2025-10-22
4-3,2025-10-23,2025-10-23 18:00:00,18,2025-10-23 18:10:00,2025-10-24 18:00:00,9949.806478123457,6000.0,2.5310923661416346e-16,forecast,1.0,38172.66009618275,43859.5542340614,False,2025-10-22
4-3,2025-10-24,2025-10-24 00:00:00,0,2025-10-24 00:10:00,2025-10-25 00:00:00,6122.846578975984,6000.0,0.0,forecast,1.0,14241.60150197239,16295.163826446682,False,2025-10-23
4-3,2025-10-24,2025-10-24 06:00:00,6,2025-10-24 06:10:00,2025-10-25 06:00:00,6014.524783692803,6000.0,0.0,forecast,1.0,14935.034822265314,17095.316067241874,False,2025-10-23
4-3,2025-10-24,2025-10-24 12:00:00,12,2025-10-24 12:10:00,2025-10-25 12:00:00,10800.0,6000.0,0.0,forecast,1.0,15641.426295477659,17864.88657815756,False,2025-10-23
4-3,2025-10-24,2025-10-24 18:00:00,18,2025-10-24 18:10:00,2025-10-25 18:00:00,10312.746296296296,6000.0,2.527889380207764e-16,forecast,1.0,12315.584387333234,14174.734791532721,False,2025-10-23
4-3,2025-10-25,2025-10-25 00:00:00,0,2025-10-25 00:10:00,2025-10-26 00:00:00,6981.004321914205,6000.0,0.0,forecast,1.0,14170.42077526253,16229.694451887684,False,2025-10-24
4-3,2025-10-25,2025-10-25 06:00:00,6,2025-10-25 06:10:00,2025-10-26 06:00:00,6391.797419509018,6000.0,0.0,forecast,1.0,16310.542279655763,18465.36085083067,False,2025-10-24
4-3,2025-10-25,2025-10-25 12:00:00,12,2025-10-25 12:10:00,2025-10-26 12:00:00,10800.0,6000.0,4.469605964062126e-16,forecast,1.0,16208.080893425347,18311.217987167332,False,2025-10-24
4-3,2025-10-25,2025-10-25 18:00:00,18,2025-10-25 18:10:00,2025-10-26 18:00:00,10296.483333333334,6000.0,0.0,forecast,1.0,14217.836846733204,16112.61392541048,False,2025-10-24
4-3,2025-10-26,2025-10-26 00:00:00,0,2025-10-26 00:10:00,2025-10-27 00:00:00,7163.429713354458,6000.0,0.0,forecast,1.0,47421.80787981996,52500.912175057216,False,2025-10-25
4-3,2025-10-26,2025-10-26 06:00:00,6,2025-10-26 06:10:00,2025-10-27 06:00:00,9911.467676736112,6000.0,0.0,forecast,1.0,47048.66276082339,52005.944737035716,False,2025-10-25
4-3,2025-10-26,2025-10-26 12:00:00,12,2025-10-26 12:10:00,2025-10-27 12:00:00,10800.0,6000.0,0.0,forecast,1.0,46048.965301687815,50639.03373633097,False,2025-10-25
4-3,2025-10-26,2025-10-26 18:00:00,18,2025-10-26 18:10:00,2025-10-27 18:00:00,10714.572541135802,6000.0,0.0,forecast,1.0,44555.25313861649,49287.57567537752,False,2025-10-25
4-3,2025-10-27,2025-10-27 00:00:00,0,2025-10-27 00:10:00,2025-10-28 00:00:00,6156.1950767469625,6000.0,0.0,forecast,1.0,43938.97932293704,48399.912094888234,False,2025-10-26
4-3,2025-10-27,2025-10-27 06:00:00,6,2025-10-27 06:10:00,2025-10-28 06:00:00,9877.081430121527,6000.0,0.0,forecast,1.0,47487.08751976992,52550.70968273107,False,2025-10-26
4-3,2025-10-27,2025-10-27 12:00:00,12,2025-10-27 12:10:00,2025-10-28 12:00:00,8769.35280533864,6000.0,3.0506142779499154e-16,forecast,1.0,48535.9955189975,53235.403365435166,False,2025-10-26
4-3,2025-10-27,2025-10-27 18:00:00,18,2025-10-27 18:10:00,2025-10-28 18:00:00,10037.596296296297,6000.0,0.0,forecast,1.0,49448.656549477855,54675.94289773604,False,2025-10-26
4-3,2025-10-28,2025-10-28 00:00:00,0,2025-10-28 00:10:00,2025-10-29 00:00:00,6022.422727379774,6000.0,0.0,forecast,1.0,44796.04400163669,49207.90998040816,False,2025-10-27
4-3,2025-10-28,2025-10-28 06:00:00,6,2025-10-28 06:10:00,2025-10-29 06:00:00,9888.525925925926,6000.0,0.0,forecast,1.0,47284.28272974927,52049.79339179178,False,2025-10-27
4-3,2025-10-28,2025-10-28 12:00:00,12,2025-10-28 12:10:00,2025-10-29 12:00:00,8608.428923051604,6000.0,0.0,forecast,1.0,48277.74140523655,53053.080786878054,False,2025-10-27
4-3,2025-10-28,2025-10-28 18:00:00,18,2025-10-28 18:10:00,2025-10-29 18:00:00,10026.070370370371,6000.0,0.0,forecast,1.0,53735.463277928655,59796.359962946226,False,2025-10-27
4-3,2025-10-29,2025-10-29 00:00:00,0,2025-10-29 00:10:00,2025-10-30 00:00:00,6215.322856043982,6000.0,0.0,forecast,1.0,49998.883633542675,55318.93126854235,False,2025-10-28
4-3,2025-10-29,2025-10-29 06:00:00,6,2025-10-29 06:10:00,2025-10-30 06:00:00,9930.905555555555,6000.0,1.232436378893038e-15,forecast,1.0,48754.64218306064,53992.53331425623,False,2025-10-28
4-3,2025-10-29,2025-10-29 12:00:00,12,2025-10-29 12:10:00,2025-10-30 12:00:00,7782.667169454524,6000.0,0.0,forecast,1.0,53639.574815053646,59167.239407290836,False,2025-10-28
4-3,2025-10-29,2025-10-29 18:00:00,18,2025-10-29 18:10:00,2025-10-30 18:00:00,10747.548018565394,6000.0,0.0,forecast,1.0,52820.09093018206,58633.22802236803,False,2025-10-28
4-3,2025-10-30,2025-10-30 00:00:00,0,2025-10-30 00:10:00,2025-10-31 00:00:00,6093.000385662327,6000.0,0.0,forecast,1.0,44285.123471861996,48686.17433729279,False,2025-10-29
4-3,2025-10-30,2025-10-30 06:00:00,6,2025-10-30 06:10:00,2025-10-31 06:00:00,9921.635185185185,6000.0,0.0,forecast,1.0,42799.06821045611,47169.424237516854,False,2025-10-29
4-3,2025-10-30,2025-10-30 12:00:00,12,2025-10-30 12:10:00,2025-10-31 12:00:00,7806.955598765527,6000.0,0.0,forecast,1.0,43648.94043040785,48218.31276558792,False,2025-10-29
4-3,2025-10-30,2025-10-30 18:00:00,18,2025-10-30 18:10:00,2025-10-31 18:00:00,9985.207407407408,6000.0,2.759441458713717e-16,forecast,1.0,36979.5921147105,41657.79807570452,False,2025-10-29
4-3,2025-10-31,2025-10-31 00:00:00,0,2025-10-31 00:10:00,2025-11-01 00:00:00,6252.811655261141,6000.0,0.0,forecast,1.0,15967.518813986651,18123.0921547529,False,2025-10-30
4-3,2025-10-31,2025-10-31 06:00:00,6,2025-10-31 06:10:00,2025-11-01 06:00:00,6465.404839685236,6000.0,0.0,forecast,1.0,16307.274376599129,18440.511639065262,False,2025-10-30
4-3,2025-10-31,2025-10-31 12:00:00,12,2025-10-31 12:10:00,2025-11-01 12:00:00,9549.812537833386,6000.0,0.0,forecast,1.0,16671.885554755238,18811.123206800272,False,2025-10-30
4-3,2025-10-31,2025-10-31 18:00:00,18,2025-10-31 18:10:00,2025-11-01 18:00:00,10295.877777777778,6000.0,0.0,forecast,1.0,16043.429420839064,18823.591647244535,False,2025-10-30
4-3,2025-11-01,2025-11-01 00:00:00,0,2025-11-01 00:10:00,2025-11-02 00:00:00,7352.335563698209,6000.0,0.0,forecast,1.0,14975.722893723783,16966.06829194272,False,2025-10-31
4-3,2025-11-01,2025-11-01 06:00:00,6,2025-11-01 06:10:00,2025-11-02 06:00:00,6580.277285219859,6000.0,0.0,forecast,1.0,16930.29668998879,19045.307913627876,False,2025-10-31
4-3,2025-11-01,2025-11-01 12:00:00,12,2025-11-01 12:10:00,2025-11-02 12:00:00,10658.435859664305,6000.0,0.0,forecast,1.0,16990.037445726026,19098.63424250838,False,2025-10-31
4-3,2025-11-01,2025-11-01 18:00:00,18,2025-11-01 18:10:00,2025-11-02 18:00:00,10338.188051779513,6000.0,0.0,forecast,1.0,15011.68631761442,16928.117622997677,False,2025-10-31
4-3,2025-11-02,2025-11-02 00:00:00,0,2025-11-02 00:10:00,2025-11-03 00:00:00,7725.328591706021,6000.0,0.0,forecast,1.0,49946.34169303333,54705.51396272112,False,2025-11-01
4-3,2025-11-02,2025-11-02 06:00:00,6,2025-11-02 06:10:00,2025-11-03 06:00:00,9916.677777777779,6000.0,0.0,forecast,1.0,53083.36891403605,58271.87918439092,False,2025-11-01
4-3,2025-11-02,2025-11-02 12:00:00,12,2025-11-02 12:10:00,2025-11-03 12:00:00,7861.754986242862,6000.0,3.401662844686085e-16,forecast,1.0,52146.91919269567,57016.287481189036,False,2025-11-01
4-3,2025-11-02,2025-11-02 18:00:00,18,2025-11-02 18:10:00,2025-11-03 18:00:00,10036.625925925926,6000.0,0.0,forecast,1.0,52326.32874841505,57490.25662779055,False,2025-11-01
4-3,2025-11-03,2025-11-03 00:00:00,0,2025-11-03 00:10:00,2025-11-04 00:00:00,6515.824070796876,6000.0,0.0,forecast,1.0,53846.115914705624,59047.289696485765,False,2025-11-02
4-3,2025-11-03,2025-11-03 06:00:00,6,2025-11-03 06:10:00,2025-11-04 06:00:00,10800.0,6000.0,0.0,forecast,1.0,51617.11652229553,56585.70640792198,False,2025-11-02
4-3,2025-11-03,2025-11-03 12:00:00,12,2025-11-03 12:10:00,2025-11-04 12:00:00,9255.556670251015,6000.0,6.081566800886868e-16,forecast,1.0,54933.66116807352,60012.38461421685,False,2025-11-02
4-3,2025-11-03,2025-11-03 18:00:00,18,2025-11-03 18:10:00,2025-11-04 18:00:00,9964.705555555556,6000.0,0.0,forecast,1.0,52723.424385135346,57817.516084762814,False,2025-11-02
4-3,2025-11-04,2025-11-04 00:00:00,0,2025-11-04 00:10:00,2025-11-05 00:00:00,7413.44295528067,6000.0,0.0,forecast,1.0,50144.30521091711,54769.50972238554,False,2025-11-03
4-3,2025-11-04,2025-11-04 06:00:00,6,2025-11-04 06:10:00,2025-11-05 06:00:00,10777.586341145834,6000.0,1.0503036851849966e-15,forecast,1.0,50746.980462786356,55459.85270755928,False,2025-11-03
4-3,2025-11-04,2025-11-04 12:00:00,12,2025-11-04 12:10:00,2025-11-05 12:00:00,8971.065544510226,6000.0,2.9575219528273674e-16,forecast,1.0,53227.676878072365,58090.49323144443,False,2025-11-03
4-3,2025-11-04,2025-11-04 18:00:00,18,2025-11-04 18:10:00,2025-11-05 18:00:00,9993.333333333334,6000.0,0.0,forecast,1.0,65110.877728457126,71446.88063793894,False,2025-11-03
4-3,2025-11-05,2025-11-05 00:00:00,0,2025-11-05 00:10:00,2025-11-06 00:00:00,7080.133021615596,6000.0,0.0,forecast,1.0,56666.799857529164,61925.43048890866,False,2025-11-04
4-3,2025-11-05,2025-11-05 06:00:00,6,2025-11-05 06:10:00,2025-11-06 06:00:00,10315.11474878472,6000.0,4.591144160900304e-15,forecast,1.0,55141.1666539148,60291.94904752639,False,2025-11-04
4-3,2025-11-05,2025-11-05 12:00:00,12,2025-11-05 12:10:00,2025-11-06 12:00:00,8663.882030247536,6000.0,4.808675451954793e-16,forecast,1.0,62918.14025058756,68870.28184367449,False,2025-11-04
4-3,2025-11-05,2025-11-05 18:00:00,18,2025-11-05 18:10:00,2025-11-06 18:00:00,9977.277777777777,6000.0,0.0,forecast,1.0,56875.40997733148,62340.60214578555,False,2025-11-04
4-3,2025-11-06,2025-11-06 00:00:00,0,2025-11-06 00:10:00,2025-11-07 00:00:00,7556.275287431276,6000.0,0.0,forecast,1.0,51747.26843439166,56565.117021545215,False,2025-11-05
4-3,2025-11-06,2025-11-06 06:00:00,6,2025-11-06 06:10:00,2025-11-07 06:00:00,10363.623879870755,6000.0,0.0,forecast,1.0,50927.88328127446,55859.92507826677,False,2025-11-05
4-3,2025-11-06,2025-11-06 12:00:00,12,2025-11-06 12:10:00,2025-11-07 12:00:00,7307.353524951774,6000.0,0.0,forecast,1.0,49648.46946738722,54537.18586781675,False,2025-11-05
4-3,2025-11-06,2025-11-06 18:00:00,18,2025-11-06 18:10:00,2025-11-07 18:00:00,9987.440740740742,6000.0,0.0,forecast,1.0,45821.95559698977,51362.70024898034,False,2025-11-05
4-3,2025-11-07,2025-11-07 00:00:00,0,2025-11-07 00:10:00,2025-11-08 00:00:00,7014.204017567418,6000.0,0.0,forecast,1.0,15482.17846878249,17486.956445877404,False,2025-11-06
4-3,2025-11-07,2025-11-07 06:00:00,6,2025-11-07 06:10:00,2025-11-08 06:00:00,7635.7422550585925,6000.0,0.0,forecast,1.0,15912.22952273833,17925.281968142204,False,2025-11-06
4-3,2025-11-07,2025-11-07 12:00:00,12,2025-11-07 12:10:00,2025-11-08 12:00:00,8858.591990058594,6000.0,0.0,forecast,1.0,17017.315412133114,19269.781945898656,False,2025-11-06
4-3,2025-11-07,2025-11-07 18:00:00,18,2025-11-07 18:10:00,2025-11-08 18:00:00,10296.288888888888,6000.0,0.0,forecast,1.0,13342.273080392835,15220.003339808092,False,2025-11-06
4-3,2025-11-08,2025-11-08 00:00:00,0,2025-11-08 00:10:00,2025-11-09 00:00:00,7576.329103630643,6000.0,0.0,forecast,1.0,15500.412346698911,17466.820200769136,False,2025-11-07
4-3,2025-11-08,2025-11-08 06:00:00,6,2025-11-08 06:10:00,2025-11-09 06:00:00,7692.325149086856,6000.0,0.0,forecast,1.0,17457.73017393384,19522.190477828768,False,2025-11-07
4-3,2025-11-08,2025-11-08 12:00:00,12,2025-11-08 12:10:00,2025-11-09 12:00:00,10060.730956309077,6000.0,0.0,forecast,1.0,17913.40538366737,20041.465756931015,False,2025-11-07
4-3,2025-11-08,2025-11-08 18:00:00,18,2025-11-08 18:10:00,2025-11-09 18:00:00,10331.116666666667,6000.0,0.0,forecast,1.0,18041.594558074295,20247.658582996562,False,2025-11-07
4-3,2025-11-09,2025-11-09 00:00:00,0,2025-11-09 00:10:00,2025-11-10 00:00:00,7595.4642549403925,6000.0,0.0,forecast,1.0,53801.79022317337,58741.539424194656,False,2025-11-08
4-3,2025-11-09,2025-11-09 06:00:00,6,2025-11-09 06:10:00,2025-11-10 06:00:00,9902.090740740741,6000.0,0.0,forecast,1.0,52617.29851523184,57436.28444177094,False,2025-11-08
4-3,2025-11-09,2025-11-09 12:00:00,12,2025-11-09 12:10:00,2025-11-10 12:00:00,8729.026165352381,6000.0,0.0,forecast,1.0,58202.99294180251,63481.10357777703,False,2025-11-08
4-3,2025-11-09,2025-11-09 18:00:00,18,2025-11-09 18:10:00,2025-11-10 18:00:00,10007.651851851851,6000.0,1.436832526017321e-16,forecast,1.0,61452.844197693776,67262.84498166971,False,2025-11-08
4-3,2025-11-10,2025-11-10 00:00:00,0,2025-11-10 00:10:00,2025-11-11 00:00:00,6754.120434455584,6000.0,0.0,forecast,1.0,55227.388732811945,60227.89979914759,False,2025-11-09
4-3,2025-11-10,2025-11-10 06:00:00,6,2025-11-10 06:10:00,2025-11-11 06:00:00,9894.333333333334,6000.0,0.0,forecast,1.0,57117.5209225405,62374.473409330225,False,2025-11-09
4-3,2025-11-10,2025-11-10 12:00:00,12,2025-11-10 12:10:00,2025-11-11 12:00:00,7901.535544449171,6000.0,7.070202976941514e-16,forecast,1.0,53911.766363273084,58758.971667587146,False,2025-11-09
4-3,2025-11-10,2025-11-10 18:00:00,18,2025-11-10 18:10:00,2025-11-11 18:00:00,10002.940740740742,6000.0,0.0,forecast,1.0,55093.64994042978,60240.19105519241,False,2025-11-09
4-3,2025-11-11,2025-11-11 00:00:00,0,2025-11-11 00:10:00,2025-11-12 00:00:00,7023.502696129342,6000.0,0.0,forecast,1.0,57897.6535617693,63055.177881310155,False,2025-11-10
4-3,2025-11-11,2025-11-11 06:00:00,6,2025-11-11 06:10:00,2025-11-12 06:00:00,10800.0,6000.0,0.0,forecast,1.0,56641.97488518329,61672.21166101153,False,2025-11-10
4-3,2025-11-11,2025-11-11 12:00:00,12,2025-11-11 12:10:00,2025-11-12 12:00:00,10237.037305026379,6000.0,4.944924663638362e-16,forecast,1.0,61696.65877056679,67129.56048415901,False,2025-11-10
4-3,2025-11-11,2025-11-11 18:00:00,18,2025-11-11 18:10:00,2025-11-12 18:00:00,9976.655555555555,6000.0,0.0,forecast,1.0,57025.25691823692,62214.51590786843,False,2025-11-10
4-3,2025-11-12,2025-11-12 00:00:00,0,2025-11-12 00:10:00,2025-11-13 00:00:00,7288.416516185906,6000.0,0.0,forecast,1.0,54952.64968114218,59772.46257872596,False,2025-11-11
4-3,2025-11-12,2025-11-12 06:00:00,6,2025-11-12 06:10:00,2025-11-13 06:00:00,10628.813720709682,6000.0,0.0,forecast,1.0,57716.985674030955,62769.88818494277,False,2025-11-11
4-3,2025-11-12,2025-11-12 12:00:00,12,2025-11-12 12:10:00,2025-11-13 12:00:00,8557.828404772812,6000.0,6.033415792320408e-16,forecast,1.0,55582.49749487617,60569.82777747669,False,2025-11-11
4-3,2025-11-12,2025-11-12 18:00:00,18,2025-11-12 18:10:00,2025-11-13 18:00:00,10003.444444444445,6000.0,0.0,forecast,1.0,59256.13051098724,64703.483820492926,False,2025-11-11
4-3,2025-11-13,2025-11-13 00:00:00,0,2025-11-13 00:10:00,2025-11-14 00:00:00,7349.424505179978,6000.0,0.0,forecast,1.0,53310.39599661525,57943.38346963196,False,2025-11-12
4-3,2025-11-13,2025-11-13 06:00:00,6,2025-11-13 06:10:00,2025-11-14 06:00:00,10306.582318248456,6000.0,0.0,forecast,1.0,51551.1378018311,56253.57963271598,False,2025-11-12
4-3,2025-11-13,2025-11-13 12:00:00,12,2025-11-13 12:10:00,2025-11-14 12:00:00,9615.254148764805,6000.0,3.4304647391743707e-16,forecast,1.0,50315.67339281065,55304.8464539476,False,2025-11-12
4-3,2025-11-13,2025-11-13 18:00:00,18,2025-11-13 18:10:00,2025-11-14 18:00:00,9819.679338170723,6000.0,0.0,forecast,1.0,46037.93128892311,51309.055450968,False,2025-11-12
4-3,2025-11-14,2025-11-14 00:00:00,0,2025-11-14 00:10:00,2025-11-15 00:00:00,7080.554112576823,6000.0,0.0,forecast,1.0,15884.303377025019,17881.30413409075,False,2025-11-13
4-3,2025-11-14,2025-11-14 06:00:00,6,2025-11-14 06:10:00,2025-11-15 06:00:00,7207.510339128226,6000.0,0.0,forecast,1.0,16031.568642319548,18058.11839494753,False,2025-11-13
4-3,2025-11-14,2025-11-14 12:00:00,12,2025-11-14 12:10:00,2025-11-15 12:00:00,8434.48226246156,6000.0,0.0,forecast,1.0,16221.558121495294,18312.98455311759,False,2025-11-13
4-3,2025-11-14,2025-11-14 18:00:00,18,2025-11-14 18:10:00,2025-11-15 18:00:00,10300.10925925926,6000.0,0.0,forecast,1.0,15306.523393475287,17610.69055169938,False,2025-11-13
4-3,2025-11-15,2025-11-15 00:00:00,0,2025-11-15 00:10:00,2025-11-16 00:00:00,7454.512840444159,6000.0,0.0,forecast,1.0,16879.561364318783,19061.845455132745,False,2025-11-14
4-3,2025-11-15,2025-11-15 06:00:00,6,2025-11-15 06:10:00,2025-11-16 06:00:00,9419.149029956257,6000.0,4.393623365057159e-16,forecast,1.0,18229.417568320005,20319.777128870504,False,2025-11-14
4-3,2025-11-15,2025-11-15 12:00:00,12,2025-11-15 12:10:00,2025-11-16 12:00:00,10250.240696437737,6000.0,8.052271638237218e-16,forecast,1.0,18753.64123024373,20896.750836338873,False,2025-11-14
4-3,2025-11-15,2025-11-15 18:00:00,18,2025-11-15 18:10:00,2025-11-16 18:00:00,10320.07962962963,6000.0,0.0,forecast,1.0,17236.395630693318,19271.945622071467,False,2025-11-14
4-3,2025-11-16,2025-11-16 00:00:00,0,2025-11-16 00:10:00,2025-11-17 00:00:00,7308.163295015914,6000.0,0.0,forecast,1.0,54455.40914577442,59220.39868292196,False,2025-11-15
4-3,2025-11-16,2025-11-16 06:00:00,6,2025-11-16 06:10:00,2025-11-17 06:00:00,10790.484362702546,6000.0,0.0,forecast,1.0,56900.580462325815,61827.88291377623,False,2025-11-15
4-3,2025-11-16,2025-11-16 12:00:00,12,2025-11-16 12:10:00,2025-11-17 12:00:00,8349.029464821904,6000.0,4.519854623644835e-16,forecast,1.0,61872.000664185696,67281.52966716923,False,2025-11-15
4-3,2025-11-16,2025-11-16 18:00:00,18,2025-11-16 18:10:00,2025-11-17 18:00:00,9947.303703703703,6000.0,0.0,forecast,1.0,52555.522451771016,57198.63269534813,False,2025-11-15
4-3,2025-11-17,2025-11-17 00:00:00,0,2025-11-17 00:10:00,2025-11-18 00:00:00,6670.16164586241,6000.0,0.0,forecast,1.0,53468.4528515737,58049.81082400163,False,2025-11-16
4-3,2025-11-17,2025-11-17 06:00:00,6,2025-11-17 06:10:00,2025-11-18 06:00:00,9949.775925925926,6000.0,7.110752640537451e-16,forecast,1.0,60454.401656495225,65722.89002052059,False,2025-11-16
4-3,2025-11-17,2025-11-17 12:00:00,12,2025-11-17 12:10:00,2025-11-18 12:00:00,8370.530384698688,6000.0,0.0,forecast,1.0,61653.33534789867,67108.02344311503,False,2025-11-16
4-3,2025-11-17,2025-11-17 18:00:00,18,2025-11-17 18:10:00,2025-11-18 18:00:00,10026.787037037036,6000.0,0.0,forecast,1.0,60321.16706820347,65856.76351185562,False,2025-11-16
4-3,2025-11-18,2025-11-18 00:00:00,0,2025-11-18 00:10:00,2025-11-19 00:00:00,7237.763229819302,6000.0,0.0,forecast,1.0,55865.433114217405,60774.89744914585,False,2025-11-17
4-3,2025-11-18,2025-11-18 06:00:00,6,2025-11-18 06:10:00,2025-11-19 06:00:00,9912.766666666666,6000.0,1.2603299717063254e-15,forecast,1.0,55195.56503011566,59993.16098944952,False,2025-11-17
4-3,2025-11-18,2025-11-18 12:00:00,12,2025-11-18 12:10:00,2025-11-19 12:00:00,7016.567105581453,6000.0,4.518821267895091e-16,forecast,1.0,64851.905521063025,70586.371244535,False,2025-11-17
4-3,2025-11-18,2025-11-18 18:00:00,18,2025-11-18 18:10:00,2025-11-19 18:00:00,10004.448148148149,6000.0,2.913654510424289e-16,forecast,1.0,61731.13304097761,67244.04563089825,False,2025-11-17
4-3,2025-11-19,2025-11-19 00:00:00,0,2025-11-19 00:10:00,2025-11-20 00:00:00,7176.438116394826,6000.0,0.0,forecast,1.0,55531.519168185434,60370.25034455783,False,2025-11-18
4-3,2025-11-19,2025-11-19 06:00:00,6,2025-11-19 06:10:00,2025-11-20 06:00:00,10293.083991130643,6000.0,0.0,forecast,1.0,61309.48514830363,66622.50768650288,False,2025-11-18
4-3,2025-11-19,2025-11-19 12:00:00,12,2025-11-19 12:10:00,2025-11-20 12:00:00,8301.245021443285,6000.0,0.0,forecast,1.0,64754.9327637734,70460.31113375592,False,2025-11-18
4-3,2025-11-19,2025-11-19 18:00:00,18,2025-11-19 18:10:00,2025-11-20 18:00:00,9992.227777777778,6000.0,0.0,forecast,1.0,61497.581934605056,66985.06119780871,False,2025-11-18
4-3,2025-11-20,2025-11-20 00:00:00,0,2025-11-20 00:10:00,2025-11-21 00:00:00,6808.223135686779,6000.0,0.0,forecast,1.0,56044.60929998166,60874.39012709349,False,2025-11-19
4-3,2025-11-20,2025-11-20 06:00:00,6,2025-11-20 06:10:00,2025-11-21 06:00:00,9935.925925925925,6000.0,2.673269484460892e-15,forecast,1.0,53999.19551800161,58823.53799762848,False,2025-11-19
4-3,2025-11-20,2025-11-20 12:00:00,12,2025-11-20 12:10:00,2025-11-21 12:00:00,7997.380359672599,6000.0,7.077776962772901e-16,forecast,1.0,52237.98843276642,57141.390762998875,False,2025-11-19
4-3,2025-11-20,2025-11-20 18:00:00,18,2025-11-20 18:10:00,2025-11-21 18:00:00,9983.43888888889,6000.0,0.0,forecast,1.0,49820.7108755635,55532.07352439998,False,2025-11-19
4-3,2025-11-21,2025-11-21 00:00:00,0,2025-11-21 00:10:00,2025-11-22 00:00:00,6839.497884781542,6000.0,0.0,forecast,1.0,15855.129581394045,17880.915366916684,False,2025-11-20
4-3,2025-11-21,2025-11-21 06:00:00,6,2025-11-21 06:10:00,2025-11-22 06:00:00,7497.896282513696,6000.0,0.0,forecast,1.0,16387.066511723846,18581.068318509853,False,2025-11-20
4-3,2025-11-21,2025-11-21 12:00:00,12,2025-11-21 12:10:00,2025-11-22 12:00:00,8367.222335106291,6000.0,0.0,forecast,1.0,16129.747019627383,18223.817370237684,False,2025-11-20
4-3,2025-11-21,2025-11-21 18:00:00,18,2025-11-21 18:10:00,2025-11-22 18:00:00,10278.235185185185,6000.0,1.9799999574477313e-16,forecast,1.0,13757.905828602637,15731.717233790736,False,2025-11-20
4-3,2025-11-22,2025-11-22 00:00:00,0,2025-11-22 00:10:00,2025-11-23 00:00:00,7218.605549994216,6000.0,0.0,forecast,1.0,17670.959379232336,20045.360386840166,False,2025-11-21
4-3,2025-11-22,2025-11-22 06:00:00,6,2025-11-22 06:10:00,2025-11-23 06:00:00,9765.842666666667,6000.0,0.0,forecast,1.0,18309.58881463512,20552.80613751412,False,2025-11-21
4-3,2025-11-22,2025-11-22 12:00:00,12,2025-11-22 12:10:00,2025-11-23 12:00:00,9929.633920185184,6000.0,0.0,forecast,1.0,19266.100340152138,21561.693538346553,False,2025-11-21
4-3,2025-11-22,2025-11-22 18:00:00,18,2025-11-22 18:10:00,2025-11-23 18:00:00,10304.518518518518,6000.0,0.0,forecast,1.0,19390.71123265274,21723.656060740443,False,2025-11-21
4-3,2025-11-23,2025-11-23 00:00:00,0,2025-11-23 00:10:00,2025-11-24 00:00:00,6908.593179628328,6000.0,0.0,forecast,1.0,55936.3944249956,60770.85624159749,False,2025-11-22
4-3,2025-11-23,2025-11-23 06:00:00,6,2025-11-23 06:10:00,2025-11-24 06:00:00,10799.178836031539,6000.0,0.0,forecast,1.0,58307.94528584505,63242.673968454874,False,2025-11-22
4-3,2025-11-23,2025-11-23 12:00:00,12,2025-11-23 12:10:00,2025-11-24 12:00:00,7896.7347141576965,6000.0,0.0,forecast,1.0,59709.20687817312,64851.49385908191,False,2025-11-22
4-3,2025-11-23,2025-11-23 18:00:00,18,2025-11-23 18:10:00,2025-11-24 18:00:00,9979.072222222223,6000.0,0.0,forecast,1.0,61555.20608138618,67086.82389338507,False,2025-11-22
4-3,2025-11-24,2025-11-24 00:00:00,0,2025-11-24 00:10:00,2025-11-25 00:00:00,6253.897675380933,6000.0,0.0,forecast,1.0,56036.73467795025,60870.06453059902,False,2025-11-23
4-3,2025-11-24,2025-11-24 06:00:00,6,2025-11-24 06:10:00,2025-11-25 06:00:00,9882.561111111112,6000.0,0.0,forecast,1.0,55380.227703533885,60102.557737043855,False,2025-11-23
4-3,2025-11-24,2025-11-24 12:00:00,12,2025-11-24 12:10:00,2025-11-25 12:00:00,8023.253741442709,6000.0,0.0,forecast,1.0,58939.84895584817,64021.728645235664,False,2025-11-23
4-3,2025-11-24,2025-11-24 18:00:00,18,2025-11-24 18:10:00,2025-11-25 18:00:00,10047.925925925927,6000.0,0.0,forecast,1.0,59863.560186212446,65166.249479078426,False,2025-11-23
4-3,2025-11-25,2025-11-25 00:00:00,0,2025-11-25 00:10:00,2025-11-26 00:00:00,6479.465348770255,6000.0,0.0,forecast,1.0,65455.535562153666,71055.23086943882,False,2025-11-24
4-3,2025-11-25,2025-11-25 06:00:00,6,2025-11-25 06:10:00,2025-11-26 06:00:00,10118.681904658564,6000.0,0.0,forecast,1.0,64227.83281354711,69683.12348487566,False,2025-11-24
4-3,2025-11-25,2025-11-25 12:00:00,12,2025-11-25 12:10:00,2025-11-26 12:00:00,9239.176456504632,6000.0,5.052857630183244e-16,forecast,1.0,65460.509848623595,71045.53049097038,False,2025-11-24
4-3,2025-11-25,2025-11-25 18:00:00,18,2025-11-25 18:10:00,2025-11-26 18:00:00,10009.412962962962,6000.0,1.4174626103988504e-16,forecast,1.0,62299.86394800459,67785.55159430414,False,2025-11-24
4-3,2025-11-26,2025-11-26 00:00:00,0,2025-11-26 00:10:00,2025-11-27 00:00:00,6672.116026874423,6000.0,0.0,forecast,1.0,60744.45893490655,65959.49545615568,False,2025-11-25
4-3,2025-11-26,2025-11-26 06:00:00,6,2025-11-26 06:10:00,2025-11-27 06:00:00,9889.257407407407,6000.0,0.0,forecast,1.0,59936.34156019464,65108.76202897552,False,2025-11-25
4-3,2025-11-26,2025-11-26 12:00:00,12,2025-11-26 12:10:00,2025-11-27 12:00:00,7834.6592505626995,6000.0,0.0,forecast,1.0,66033.13221982936,71870.99443241624,False,2025-11-25
4-3,2025-11-26,2025-11-26 18:00:00,18,2025-11-26 18:10:00,2025-11-27 18:00:00,10028.987037037037,6000.0,0.0,forecast,1.0,58323.83617623925,63515.81545772131,False,2025-11-25
4-3,2025-11-27,2025-11-27 00:00:00,0,2025-11-27 00:10:00,2025-11-28 00:00:00,6798.095641521702,6000.0,0.0,forecast,1.0,58658.766087008946,63803.98260736579,False,2025-11-26
4-3,2025-11-27,2025-11-27 06:00:00,6,2025-11-27 06:10:00,2025-11-28 06:00:00,10800.0,6000.0,0.0,forecast,1.0,56012.4349744626,61071.49452556511,False,2025-11-26
4-3,2025-11-27,2025-11-27 12:00:00,12,2025-11-27 12:10:00,2025-11-28 12:00:00,8723.783122582416,6000.0,0.0,forecast,1.0,58433.894341070576,64157.76710112716,False,2025-11-26
4-3,2025-11-27,2025-11-27 18:00:00,18,2025-11-27 18:10:00,2025-11-28 18:00:00,10244.014904812886,6000.0,0.0,forecast,1.0,43830.85457480716,48713.2443099542,False,2025-11-26
4-3,2025-11-28,2025-11-28 00:00:00,0,2025-11-28 00:10:00,2025-11-29 00:00:00,6657.977140879775,6000.0,0.0,forecast,1.0,16166.240017181128,18329.08723114994,False,2025-11-27
4-3,2025-11-28,2025-11-28 06:00:00,6,2025-11-28 06:10:00,2025-11-29 06:00:00,8538.059492611015,6000.0,0.0,forecast,1.0,16246.294848517158,18446.453929682466,False,2025-11-27
4-3,2025-11-28,2025-11-28 12:00:00,12,2025-11-28 12:10:00,2025-11-29 12:00:00,7733.853920292923,6000.0,0.0,forecast,1.0,16543.351159728947,18778.464816104824,False,2025-11-27
4-3,2025-11-28,2025-11-28 18:00:00,18,2025-11-28 18:10:00,2025-11-29 18:00:00,10298.12962962963,6000.0,0.0,forecast,1.0,14387.505467722793,16542.558776108854,False,2025-11-27
4-3,2025-11-29,2025-11-29 00:00:00,0,2025-11-29 00:10:00,2025-11-30 00:00:00,6829.426022141063,6000.0,0.0,forecast,1.0,20325.179829444114,23333.313633446087,False,2025-11-28
4-3,2025-11-29,2025-11-29 06:00:00,6,2025-11-29 06:10:00,2025-11-30 06:00:00,10166.079607838497,6000.0,0.0,forecast,1.0,20793.52705710095,23631.45448502979,False,2025-11-28
4-3,2025-11-29,2025-11-29 12:00:00,12,2025-11-29 12:10:00,2025-11-30 12:00:00,10800.0,6000.0,0.0,forecast,1.0,23195.17349803354,26096.778512824058,False,2025-11-28
4-3,2025-11-29,2025-11-29 18:00:00,18,2025-11-29 18:10:00,2025-11-30 18:00:00,10304.225822019675,6000.0,0.0,forecast,1.0,17157.264027434896,19239.21381795371,False,2025-11-28
4-3,2025-11-30,2025-11-30 00:00:00,0,2025-11-30 00:10:00,2025-12-01 00:00:00,6709.3498145648155,6000.0,0.0,forecast,1.0,60061.908377394604,65453.64530955716,False,2025-11-29
4-3,2025-11-30,2025-11-30 06:00:00,6,2025-11-30 06:10:00,2025-12-01 06:00:00,10763.642188517553,6000.0,9.926123202918016e-16,forecast,1.0,60897.234845734914,66283.9259822249,False,2025-11-29
4-3,2025-11-30,2025-11-30 12:00:00,12,2025-11-30 12:10:00,2025-12-01 12:00:00,7666.540429553435,6000.0,4.422938306259332e-16,forecast,1.0,64509.61420014156,70334.17192431516,False,2025-11-29
4-3,2025-11-30,2025-11-30 18:00:00,18,2025-11-30 18:10:00,2025-12-01 18:00:00,10003.190740740742,6000.0,0.0,forecast,1.0,56058.39942053042,61260.301067976136,False,2025-11-29
4-3,2025-12-01,2025-12-01 00:00:00,0,2025-12-01 00:10:00,2025-12-02 00:00:00,6114.025634410591,6000.0,0.0,forecast,1.0,64811.80905726312,70554.56204485788,False,2025-11-30
4-3,2025-12-01,2025-12-01 06:00:00,6,2025-12-01 06:10:00,2025-12-02 06:00:00,8883.040092166957,6000.0,3.748702755423777e-15,forecast,1.0,62835.75560914409,68397.72202285254,False,2025-11-30
4-3,2025-12-01,2025-12-01 12:00:00,12,2025-12-01 12:10:00,2025-12-02 12:00:00,6440.189920335937,6000.0,0.0,forecast,1.0,73096.81900980369,79554.66215639221,False,2025-11-30
4-3,2025-12-01,2025-12-01 18:00:00,18,2025-12-01 18:10:00,2025-12-02 18:00:00,10776.62447265625,6000.0,0.0,forecast,1.0,65239.67885405573,71069.95868411189,False,2025-11-30
4-3,2025-12-02,2025-12-02 00:00:00,0,2025-12-02 00:10:00,2025-12-03 00:00:00,6480.614159219037,6000.0,0.0,forecast,1.0,70258.79993568144,76580.34211446543,False,2025-12-01
4-3,2025-12-02,2025-12-02 06:00:00,6,2025-12-02 06:10:00,2025-12-03 06:00:00,9616.08109945602,6000.0,0.0,forecast,1.0,69772.8295749567,75935.50211924386,False,2025-12-01
4-3,2025-12-02,2025-12-02 12:00:00,12,2025-12-02 12:10:00,2025-12-03 12:00:00,6881.693147648437,6000.0,1.650915086002778e-16,forecast,1.0,81810.80092957674,89103.40581429354,False,2025-12-01
4-3,2025-12-02,2025-12-02 18:00:00,18,2025-12-02 18:10:00,2025-12-03 18:00:00,9995.081481481482,6000.0,0.0,forecast,1.0,67192.36150896802,73400.46586141468,False,2025-12-01
4-3,2025-12-03,2025-12-03 00:00:00,0,2025-12-03 00:10:00,2025-12-04 00:00:00,6317.078014446183,6000.0,0.0,forecast,1.0,63487.69063976078,69188.33318111397,False,2025-12-02
4-3,2025-12-03,2025-12-03 06:00:00,6,2025-12-03 06:10:00,2025-12-04 06:00:00,9980.365850486403,6000.0,7.356307607089524e-16,forecast,1.0,68533.56873614396,74636.76252810047,False,2025-12-02
4-3,2025-12-03,2025-12-03 12:00:00,12,2025-12-03 12:10:00,2025-12-04 12:00:00,6787.329053612269,6000.0,4.043503798760624e-16,forecast,1.0,69909.93183607365,76136.277046364,False,2025-12-02
4-3,2025-12-03,2025-12-03 18:00:00,18,2025-12-03 18:10:00,2025-12-04 18:00:00,9987.383333333333,6000.0,0.0,forecast,1.0,67641.81325423595,73862.37304294083,False,2025-12-02
4-3,2025-12-04,2025-12-04 00:00:00,0,2025-12-04 00:10:00,2025-12-05 00:00:00,6748.514383593317,6000.0,0.0,forecast,1.0,70049.42594451693,76414.85114969217,False,2025-12-03
4-3,2025-12-04,2025-12-04 06:00:00,6,2025-12-04 06:10:00,2025-12-05 06:00:00,9749.905580721936,6000.0,0.0,forecast,1.0,67280.59288403914,73458.1424277948,False,2025-12-03
4-3,2025-12-04,2025-12-04 12:00:00,12,2025-12-04 12:10:00,2025-12-05 12:00:00,6434.1528526406255,6000.0,0.0,forecast,1.0,66166.58391402045,72580.66740986114,False,2025-12-03
4-3,2025-12-04,2025-12-04 18:00:00,18,2025-12-04 18:10:00,2025-12-05 18:00:00,10754.00286029128,6000.0,0.0,forecast,1.0,61979.70264724524,69411.00057950847,False,2025-12-03
4-3,2025-12-05,2025-12-05 00:00:00,0,2025-12-05 00:10:00,2025-12-06 00:00:00,6357.515255843025,6000.0,0.0,forecast,1.0,19419.196107928903,22247.46597558484,False,2025-12-04
4-3,2025-12-05,2025-12-05 06:00:00,6,2025-12-05 06:10:00,2025-12-06 06:00:00,9463.238367727283,6000.0,0.0,forecast,1.0,18663.609151080876,21354.686112010146,False,2025-12-04
4-3,2025-12-05,2025-12-05 12:00:00,12,2025-12-05 12:10:00,2025-12-06 12:00:00,6653.989874999999,6000.0,3.315657897344352e-16,forecast,1.0,20486.118300653325,23421.56593234704,False,2025-12-04
4-3,2025-12-05,2025-12-05 18:00:00,18,2025-12-05 18:10:00,2025-12-06 18:00:00,10268.25925925926,6000.0,0.0,forecast,1.0,20340.48264850987,23496.24563744011,False,2025-12-04
4-3,2025-12-06,2025-12-06 00:00:00,0,2025-12-06 00:10:00,2025-12-07 00:00:00,6592.181692486981,6000.0,0.0,forecast,1.0,23090.34807646724,26409.06694741052,False,2025-12-05
4-3,2025-12-06,2025-12-06 06:00:00,6,2025-12-06 06:10:00,2025-12-07 06:00:00,10181.133333333333,6000.0,0.0,forecast,1.0,24340.311165276853,27533.1538351876,False,2025-12-05
4-3,2025-12-06,2025-12-06 12:00:00,12,2025-12-06 12:10:00,2025-12-07 12:00:00,8337.551929864681,6000.0,0.0,forecast,1.0,30692.40113475367,34311.190408329705,False,2025-12-05
4-3,2025-12-06,2025-12-06 18:00:00,18,2025-12-06 18:10:00,2025-12-07 18:00:00,10254.72962962963,6000.0,0.0,forecast,1.0,29891.47833719948,33380.23069379151,False,2025-12-05
4-3,2025-12-07,2025-12-07 00:00:00,0,2025-12-07 00:10:00,2025-12-08 00:00:00,6516.810629837382,6000.0,0.0,forecast,1.0,73380.2051683301,80004.50178027977,False,2025-12-06
4-3,2025-12-07,2025-12-07 06:00:00,6,2025-12-07 06:10:00,2025-12-08 06:00:00,10185.167509675925,6000.0,0.0,forecast,1.0,72334.95105626908,78630.66469788397,False,2025-12-06
4-3,2025-12-07,2025-12-07 12:00:00,12,2025-12-07 12:10:00,2025-12-08 12:00:00,7989.5282211875965,6000.0,0.0,forecast,1.0,79563.8169882166,86419.95024718315,False,2025-12-06
4-3,2025-12-07,2025-12-07 18:00:00,18,2025-12-07 18:10:00,2025-12-08 18:00:00,10800.0,6000.0,0.0,forecast,1.0,67398.88945614835,73386.78032135458,False,2025-12-06
4-3,2025-12-08,2025-12-08 00:00:00,0,2025-12-08 00:10:00,2025-12-09 00:00:00,6277.995094001302,6000.0,0.0,forecast,1.0,75963.40739312556,82762.2331685494,False,2025-12-07
4-3,2025-12-08,2025-12-08 06:00:00,6,2025-12-08 06:10:00,2025-12-09 06:00:00,10800.0,6000.0,2.0028615636062103e-15,forecast,1.0,74472.9288765143,80997.6165232639,False,2025-12-07
4-3,2025-12-08,2025-12-08 12:00:00,12,2025-12-08 12:10:00,2025-12-09 12:00:00,9417.95779276707,6000.0,3.161375951250532e-16,forecast,1.0,83808.1478437501,91195.90025662436,False,2025-12-07
4-3,2025-12-08,2025-12-08 18:00:00,18,2025-12-08 18:10:00,2025-12-09 18:00:00,10800.0,6000.0,2.0375027095838015e-16,forecast,1.0,80459.89276853147,87535.69054015634,False,2025-12-07
4-3,2025-12-09,2025-12-09 00:00:00,0,2025-12-09 00:10:00,2025-12-10 00:00:00,6653.36223571195,6000.0,0.0,forecast,1.0,75657.52355172127,82317.4193743503,False,2025-12-08
4-3,2025-12-09,2025-12-09 06:00:00,6,2025-12-09 06:10:00,2025-12-10 06:00:00,10800.0,6000.0,4.161023048749182e-15,forecast,1.0,73907.79970859061,80277.69290299852,False,2025-12-08
4-3,2025-12-09,2025-12-09 12:00:00,12,2025-12-09 12:10:00,2025-12-10 12:00:00,8958.86489011642,6000.0,0.0,forecast,1.0,78309.03452939008,85089.33796442748,False,2025-12-08
4-3,2025-12-09,2025-12-09 18:00:00,18,2025-12-09 18:10:00,2025-12-10 18:00:00,10800.0,6000.0,1.2119278561546996e-16,forecast,1.0,70072.9625192667,76264.61952297378,False,2025-12-08
4-3,2025-12-10,2025-12-10 00:00:00,0,2025-12-10 00:10:00,2025-12-11 00:00:00,6458.055052580444,6000.0,0.0,forecast,1.0,72380.92032139117,78684.06640030525,False,2025-12-09
4-3,2025-12-10,2025-12-10 06:00:00,6,2025-12-10 06:10:00,2025-12-11 06:00:00,10800.0,6000.0,0.0,forecast,1.0,72953.73751245646,79231.42312719527,False,2025-12-09
4-3,2025-12-10,2025-12-10 12:00:00,12,2025-12-10 12:10:00,2025-12-11 12:00:00,6817.572373657791,6000.0,0.0,forecast,1.0,79894.9126011089,86782.66666774894,False,2025-12-09
4-3,2025-12-10,2025-12-10 18:00:00,18,2025-12-10 18:10:00,2025-12-11 18:00:00,10800.0,6000.0,0.0,forecast,1.0,75862.43520414866,82598.34604145217,False,2025-12-09
4-3,2025-12-11,2025-12-11 00:00:00,0,2025-12-11 00:10:00,2025-12-12 00:00:00,6605.1391308269685,6000.0,0.0,forecast,1.0,75168.9554782285,81728.1072961874,False,2025-12-10
4-3,2025-12-11,2025-12-11 06:00:00,6,2025-12-11 06:10:00,2025-12-12 06:00:00,10800.0,6000.0,2.574877038312851e-15,forecast,1.0,70464.2094117855,76733.79364720719,False,2025-12-10
4-3,2025-12-11,2025-12-11 12:00:00,12,2025-12-11 12:10:00,2025-12-12 12:00:00,8095.846973733605,6000.0,0.0,forecast,1.0,69712.69209509142,76427.75646528666,False,2025-12-10
4-3,2025-12-11,2025-12-11 18:00:00,18,2025-12-11 18:10:00,2025-12-12 18:00:00,10800.0,6000.0,0.0,forecast,1.0,62108.197658588106,69091.23780079788,False,2025-12-10
4-3,2025-12-12,2025-12-12 00:00:00,0,2025-12-12 00:10:00,2025-12-13 00:00:00,6541.3982732766235,6000.0,0.0,forecast,1.0,22488.034630476155,25674.130479528965,False,2025-12-11
4-3,2025-12-12,2025-12-12 06:00:00,6,2025-12-12 06:10:00,2025-12-13 06:00:00,10205.366666666667,6000.0,0.0,forecast,1.0,21943.176789225192,25042.875418544274,False,2025-12-11
4-3,2025-12-12,2025-12-12 12:00:00,12,2025-12-12 12:10:00,2025-12-13 12:00:00,7994.153816222128,6000.0,0.0,forecast,1.0,27996.87365944521,31674.705494962047,False,2025-12-11
4-3,2025-12-12,2025-12-12 18:00:00,18,2025-12-12 18:10:00,2025-12-13 18:00:00,10313.124074074074,6000.0,0.0,forecast,1.0,21341.44169305532,24393.32871716834,False,2025-12-11
4-3,2025-12-13,2025-12-13 00:00:00,0,2025-12-13 00:10:00,2025-12-14 00:00:00,6786.27058231959,6000.0,0.0,forecast,1.0,24699.284450999286,28105.690286307443,False,2025-12-12
4-3,2025-12-13,2025-12-13 06:00:00,6,2025-12-13 06:10:00,2025-12-14 06:00:00,10766.48416087963,6000.0,6.140251066604806e-16,forecast,1.0,26367.963098171,29710.265552729514,False,2025-12-12
4-3,2025-12-13,2025-12-13 12:00:00,12,2025-12-13 12:10:00,2025-12-14 12:00:00,8869.047703659677,6000.0,0.0,forecast,1.0,27690.04592475298,31086.202400682763,False,2025-12-12
4-3,2025-12-13,2025-12-13 18:00:00,18,2025-12-13 18:10:00,2025-12-14 18:00:00,10309.905555555555,6000.0,0.0,forecast,1.0,32216.094660038325,35816.13356092699,False,2025-12-12
4-3,2025-12-14,2025-12-14 00:00:00,0,2025-12-14 00:10:00,2025-12-15 00:00:00,6676.9991083206,6000.0,0.0,forecast,1.0,70863.77623808544,77120.99869557773,False,2025-12-13
4-3,2025-12-14,2025-12-14 06:00:00,6,2025-12-14 06:10:00,2025-12-15 06:00:00,10800.0,6000.0,0.0,forecast,1.0,72416.31262293301,78606.65519751234,False,2025-12-13
4-3,2025-12-14,2025-12-14 12:00:00,12,2025-12-14 12:10:00,2025-12-15 12:00:00,6470.781280985098,6000.0,0.0,forecast,1.0,83346.4661430957,90328.2514286059,False,2025-12-13
4-3,2025-12-14,2025-12-14 18:00:00,18,2025-12-14 18:10:00,2025-12-15 18:00:00,10800.0,6000.0,0.0,forecast,1.0,75432.90311434536,81932.64398620374,False,2025-12-13
4-3,2025-12-15,2025-12-15 00:00:00,0,2025-12-15 00:10:00,2025-12-16 00:00:00,6428.937254538917,6000.0,0.0,forecast,1.0,72993.0374510678,79207.86094931571,False,2025-12-14
4-3,2025-12-15,2025-12-15 06:00:00,6,2025-12-15 06:10:00,2025-12-16 06:00:00,10800.0,6000.0,0.0,forecast,1.0,74861.0260215895,81184.6080476508,False,2025-12-14
4-3,2025-12-15,2025-12-15 12:00:00,12,2025-12-15 12:10:00,2025-12-16 12:00:00,7025.437810591724,6000.0,0.0,forecast,1.0,79328.93906625152,86119.44735192708,False,2025-12-14
4-3,2025-12-15,2025-12-15 18:00:00,18,2025-12-15 18:10:00,2025-12-16 18:00:00,10800.0,6000.0,0.0,forecast,1.0,76739.85732806398,83372.6755806088,False,2025-12-14
4-3,2025-12-16,2025-12-16 00:00:00,0,2025-12-16 00:10:00,2025-12-17 00:00:00,6589.534477095052,6000.0,1.708700732522228e-16,forecast,1.0,78569.43476282796,85163.62268807484,False,2025-12-15
4-3,2025-12-16,2025-12-16 06:00:00,6,2025-12-16 06:10:00,2025-12-17 06:00:00,10800.0,6000.0,0.0,forecast,1.0,76453.55429139503,82720.78312504207,False,2025-12-15
4-3,2025-12-16,2025-12-16 12:00:00,12,2025-12-16 12:10:00,2025-12-17 12:00:00,7843.0419781459295,6000.0,6.272465041129313e-16,forecast,1.0,85315.13705020145,92427.62747936507,False,2025-12-15
4-3,2025-12-16,2025-12-16 18:00:00,18,2025-12-16 18:10:00,2025-12-17 18:00:00,10800.0,6000.0,2.0395798577013165e-16,forecast,1.0,80540.18804230014,87315.185956124,False,2025-12-15
4-3,2025-12-17,2025-12-17 00:00:00,0,2025-12-17 00:10:00,2025-12-18 00:00:00,6504.469926291666,6000.0,0.0,forecast,1.0,79557.24743717036,86177.81794472877,False,2025-12-16
4-3,2025-12-17,2025-12-17 06:00:00,6,2025-12-17 06:10:00,2025-12-18 06:00:00,10800.0,6000.0,1.012207800663706e-15,forecast,1.0,77137.46546431413,83461.43047288133,False,2025-12-16
4-3,2025-12-17,2025-12-17 12:00:00,12,2025-12-17 12:10:00,2025-12-18 12:00:00,9255.302587668595,6000.0,7.524599922965049e-16,forecast,1.0,77478.41370022928,83993.32245004861,False,2025-12-16
4-3,2025-12-17,2025-12-17 18:00:00,18,2025-12-17 18:10:00,2025-12-18 18:00:00,10800.0,6000.0,0.0,forecast,1.0,74598.56238889544,81021.49159902293,False,2025-12-16
4-3,2025-12-18,2025-12-18 00:00:00,0,2025-12-18 00:10:00,2025-12-19 00:00:00,6666.226758367333,6000.0,0.0,forecast,1.0,73678.46016323235,79941.4667884256,False,2025-12-17
4-3,2025-12-18,2025-12-18 06:00:00,6,2025-12-18 06:10:00,2025-12-19 06:00:00,10800.0,6000.0,0.0,forecast,1.0,69978.44648045255,75999.7790024259,False,2025-12-17
4-3,2025-12-18,2025-12-18 12:00:00,12,2025-12-18 12:10:00,2025-12-19 12:00:00,7559.4506929836025,6000.0,0.0,forecast,1.0,70935.23197373602,77696.4300554602,False,2025-12-17
4-3,2025-12-18,2025-12-18 18:00:00,18,2025-12-18 18:10:00,2025-12-19 18:00:00,10800.0,6000.0,0.0,forecast,1.0,60669.86897983223,67125.49746559875,False,2025-12-17
4-3,2025-12-19,2025-12-19 00:00:00,0,2025-12-19 00:10:00,2025-12-20 00:00:00,6527.533326160158,6000.0,0.0,forecast,1.0,23350.71427658268,26414.45002695553,False,2025-12-18
4-3,2025-12-19,2025-12-19 06:00:00,6,2025-12-19 06:10:00,2025-12-20 06:00:00,10683.792569950809,6000.0,0.0,forecast,1.0,23213.920125960492,26225.26686209217,False,2025-12-18
4-3,2025-12-19,2025-12-19 12:00:00,12,2025-12-19 12:10:00,2025-12-20 12:00:00,8351.556687428094,6000.0,0.0,forecast,1.0,28558.491112340933,32234.927381161764,False,2025-12-18
4-3,2025-12-19,2025-12-19 18:00:00,18,2025-12-19 18:10:00,2025-12-20 18:00:00,10275.565097921486,6000.0,0.0,forecast,1.0,26571.762266540216,30218.287539105146,False,2025-12-18
4-3,2025-12-20,2025-12-20 00:00:00,0,2025-12-20 00:10:00,2025-12-21 00:00:00,6560.277902242523,6000.0,0.0,forecast,1.0,25667.554875383008,28982.003978123954,False,2025-12-19
4-3,2025-12-20,2025-12-20 06:00:00,6,2025-12-20 06:10:00,2025-12-21 06:00:00,10256.435185185186,6000.0,3.34315033897669e-16,forecast,1.0,26221.976760506743,29370.803422045006,False,2025-12-19
4-3,2025-12-20,2025-12-20 12:00:00,12,2025-12-20 12:10:00,2025-12-21 12:00:00,8409.943492711565,6000.0,0.0,forecast,1.0,32237.109129294306,35841.28174172944,False,2025-12-19
4-3,2025-12-20,2025-12-20 18:00:00,18,2025-12-20 18:10:00,2025-12-21 18:00:00,10321.398148148148,6000.0,0.0,forecast,1.0,31850.241957418424,35377.63386816829,False,2025-12-19
4-3,2025-12-21,2025-12-21 00:00:00,0,2025-12-21 00:10:00,2025-12-22 00:00:00,6664.783649422453,6000.0,0.0,forecast,1.0,76888.04657517068,83401.29975287402,False,2025-12-20
4-3,2025-12-21,2025-12-21 06:00:00,6,2025-12-21 06:10:00,2025-12-22 06:00:00,10800.0,6000.0,0.0,forecast,1.0,74939.58091293857,81153.1720922894,False,2025-12-20
4-3,2025-12-21,2025-12-21 12:00:00,12,2025-12-21 12:10:00,2025-12-22 12:00:00,7782.516027916764,6000.0,0.0,forecast,1.0,81122.69049487665,87835.41681222577,False,2025-12-20
4-3,2025-12-21,2025-12-21 18:00:00,18,2025-12-21 18:10:00,2025-12-22 18:00:00,10800.0,6000.0,0.0,forecast,1.0,80940.37284261739,87882.99017479586,False,2025-12-20
4-3,2025-12-22,2025-12-22 00:00:00,0,2025-12-22 00:10:00,2025-12-23 00:00:00,6572.8101229554395,6000.0,0.0,forecast,1.0,74746.64333951735,81096.20350107114,False,2025-12-21
4-3,2025-12-22,2025-12-22 06:00:00,6,2025-12-22 06:10:00,2025-12-23 06:00:00,10800.0,6000.0,0.0,forecast,1.0,72445.78276779164,78530.07111719478,False,2025-12-21
4-3,2025-12-22,2025-12-22 12:00:00,12,2025-12-22 12:10:00,2025-12-23 12:00:00,7420.707880796731,6000.0,0.0,forecast,1.0,79015.68324863378,85641.37168008895,False,2025-12-21
4-3,2025-12-22,2025-12-22 18:00:00,18,2025-12-22 18:10:00,2025-12-23 18:00:00,10791.512807436342,6000.0,0.0,forecast,1.0,80724.34227199078,87657.28678347537,False,2025-12-21
4-3,2025-12-23,2025-12-23 00:00:00,0,2025-12-23 00:10:00,2025-12-24 00:00:00,6211.5703278373885,6000.0,0.0,forecast,1.0,76621.85300150706,83189.42224718072,False,2025-12-22
4-3,2025-12-23,2025-12-23 06:00:00,6,2025-12-23 06:10:00,2025-12-24 06:00:00,10800.0,6000.0,0.0,forecast,1.0,74694.51679504139,80960.03102477634,False,2025-12-22
4-3,2025-12-23,2025-12-23 12:00:00,12,2025-12-23 12:10:00,2025-12-24 12:00:00,8727.331289688174,6000.0,0.0,forecast,1.0,77609.10465281569,84064.31335202655,False,2025-12-22
4-3,2025-12-23,2025-12-23 18:00:00,18,2025-12-23 18:10:00,2025-12-24 18:00:00,10788.426331076389,6000.0,0.0,forecast,1.0,73401.4523107716,79630.96925386993,False,2025-12-22
4-3,2025-12-24,2025-12-24 00:00:00,0,2025-12-24 00:10:00,2025-12-25 00:00:00,6594.785152058449,6000.0,0.0,forecast,1.0,76301.57715541666,82690.98448530538,False,2025-12-23
4-3,2025-12-24,2025-12-24 06:00:00,6,2025-12-24 06:10:00,2025-12-25 06:00:00,10800.0,6000.0,0.0,forecast,1.0,73885.30173494155,80051.15369381008,False,2025-12-23
4-3,2025-12-24,2025-12-24 12:00:00,12,2025-12-24 12:10:00,2025-12-25 12:00:00,7959.931384975118,6000.0,0.0,forecast,1.0,77024.53320339086,83535.4609519297,False,2025-12-23
4-3,2025-12-24,2025-12-24 18:00:00,18,2025-12-24 18:10:00,2025-12-25 18:00:00,10800.0,6000.0,0.0,forecast,1.0,78171.8153636264,85067.6207106469,False,2025-12-23
4-3,2025-12-25,2025-12-25 00:00:00,0,2025-12-25 00:10:00,2025-12-26 00:00:00,6497.144871390049,6000.0,0.0,forecast,1.0,71081.1773283977,77268.63164141974,False,2025-12-24
4-3,2025-12-25,2025-12-25 06:00:00,6,2025-12-25 06:10:00,2025-12-26 06:00:00,10800.0,6000.0,1.2437182426107176e-15,forecast,1.0,66238.99854854574,72082.10589767227,False,2025-12-24
4-3,2025-12-25,2025-12-25 12:00:00,12,2025-12-25 12:10:00,2025-12-26 12:00:00,6480.389985692222,6000.0,0.0,forecast,1.0,70445.38494235334,76991.13206895391,False,2025-12-24
4-3,2025-12-25,2025-12-25 18:00:00,18,2025-12-25 18:10:00,2025-12-26 18:00:00,10764.839485773535,6000.0,0.0,forecast,1.0,63823.09443528905,70570.56541412216,False,2025-12-24
4-3,2025-12-26,2025-12-26 00:00:00,0,2025-12-26 00:10:00,2025-12-27 00:00:00,6517.256081262491,6000.0,0.0,forecast,1.0,23194.255623739053,26313.909520233014,False,2025-12-25
4-3,2025-12-26,2025-12-26 06:00:00,6,2025-12-26 06:10:00,2025-12-27 06:00:00,10219.283333333333,6000.0,0.0,forecast,1.0,23070.612764183566,26043.663521904582,False,2025-12-25
4-3,2025-12-26,2025-12-26 12:00:00,12,2025-12-26 12:10:00,2025-12-27 12:00:00,7779.61534090326,6000.0,0.0,forecast,1.0,25578.659355398562,28929.95229107563,False,2025-12-25
4-3,2025-12-26,2025-12-26 18:00:00,18,2025-12-26 18:10:00,2025-12-27 18:00:00,10291.48972924865,6000.0,0.0,forecast,1.0,26310.601467768352,29929.59069685386,False,2025-12-25
4-3,2025-12-27,2025-12-27 00:00:00,0,2025-12-27 00:10:00,2025-12-28 00:00:00,6950.768095821567,6000.0,0.0,forecast,1.0,24358.622443920816,27634.932796120196,False,2025-12-26
4-3,2025-12-27,2025-12-27 06:00:00,6,2025-12-27 06:10:00,2025-12-28 06:00:00,10228.674074074073,6000.0,0.0,forecast,1.0,25290.872921926715,28501.624511664297,False,2025-12-26
4-3,2025-12-27,2025-12-27 12:00:00,12,2025-12-27 12:10:00,2025-12-28 12:00:00,7950.94828342212,6000.0,0.0,forecast,1.0,29944.065651484412,33395.168126090066,False,2025-12-26
4-3,2025-12-27,2025-12-27 18:00:00,18,2025-12-27 18:10:00,2025-12-28 18:00:00,10116.913015622365,6000.0,0.0,forecast,1.0,27475.097639665306,30633.58786937668,False,2025-12-26
4-3,2025-12-28,2025-12-28 00:00:00,0,2025-12-28 00:10:00,2025-12-29 00:00:00,6655.451366754193,6000.0,0.0,forecast,1.0,75039.27317255082,81432.88812834711,False,2025-12-27
4-3,2025-12-28,2025-12-28 06:00:00,6,2025-12-28 06:10:00,2025-12-29 06:00:00,10800.0,6000.0,1.0026810381680308e-15,forecast,1.0,73061.77418950027,79166.00650702741,False,2025-12-27
4-3,2025-12-28,2025-12-28 12:00:00,12,2025-12-28 12:10:00,2025-12-29 12:00:00,7159.6475751846065,6000.0,0.0,forecast,1.0,75996.74749354122,82384.11634892235,False,2025-12-27
4-3,2025-12-28,2025-12-28 18:00:00,18,2025-12-28 18:10:00,2025-12-29 18:00:00,10721.707916726948,6000.0,0.0,forecast,1.0,73555.09402782177,79945.79442420002,False,2025-12-27
4-3,2025-12-29,2025-12-29 00:00:00,0,2025-12-29 00:10:00,2025-12-30 00:00:00,6692.69008366073,6000.0,0.0,forecast,1.0,73252.17832913433,79589.5504017329,False,2025-12-28
4-3,2025-12-29,2025-12-29 06:00:00,6,2025-12-29 06:10:00,2025-12-30 06:00:00,10800.0,6000.0,3.4813339705487665e-15,forecast,1.0,73052.22594850353,79217.31298714827,False,2025-12-28
4-3,2025-12-29,2025-12-29 12:00:00,12,2025-12-29 12:10:00,2025-12-30 12:00:00,7184.550217086515,6000.0,0.0,forecast,1.0,77037.80901360343,83546.99010573325,False,2025-12-28
4-3,2025-12-29,2025-12-29 18:00:00,18,2025-12-29 18:10:00,2025-12-30 18:00:00,10800.0,6000.0,0.0,forecast,1.0,71688.67271520465,77956.21771301684,False,2025-12-28
4-3,2025-12-30,2025-12-30 00:00:00,0,2025-12-30 00:10:00,2025-12-31 00:00:00,6255.265247282984,6000.0,0.0,forecast,1.0,73939.68868503746,80427.53941882285,False,2025-12-29
4-3,2025-12-30,2025-12-30 06:00:00,6,2025-12-30 06:10:00,2025-12-31 06:00:00,10800.0,6000.0,0.0,forecast,1.0,72262.43977853878,78423.49752046367,False,2025-12-29
4-3,2025-12-30,2025-12-30 12:00:00,12,2025-12-30 12:10:00,2025-12-31 12:00:00,6457.7121232437785,6000.0,0.0,forecast,1.0,76448.88315277937,82948.31466006527,False,2025-12-29
4-3,2025-12-30,2025-12-30 18:00:00,18,2025-12-30 18:10:00,2025-12-31 18:00:00,10800.0,6000.0,1.1110381739295715e-16,forecast,1.0,74682.3256684569,81092.94645739046,False,2025-12-29
4-3,2025-12-31,2025-12-31 00:00:00,0,2025-12-31 00:10:00,2026-01-01 00:00:00,6602.137524786028,6000.0,1.7739615527418338e-16,forecast,1.0,75416.90165205789,82030.60784817835,False,2025-12-30
4-3,2025-12-31,2025-12-31 06:00:00,6,2025-12-31 06:10:00,2026-01-01 00:00:00,10800.0,6000.0,1.2645935026015216e-12,forecast,1.0,60452.27559433623,65145.88757893302,False,2025-12-30
4-3,2025-12-31,2025-12-31 12:00:00,12,2025-12-31 12:10:00,2026-01-01 00:00:00,7655.298481452644,6000.0,0.0,forecast,1.0,40701.19282780545,43597.084492997375,False,2025-12-30
4-3,2025-12-31,2025-12-31 18:00:00,18,2025-12-31 18:10:00,2026-01-01 00:00:00,10800.0,6000.0,1.3017576837327742e-09,forecast,1.0,14342.383253721964,15515.24900847953,False,2025-12-30
